Employee ID,Actual Burn Rate,Predicted Burn Rate - Linear,Predicted Burn Rate - Random Forest,Predicted Burn Rate - gradient Boosting
14239,0.38,0.4291875125610151,0.4304311605061604,0.4304311605061604
15056,0.21,0.18588776346707697,0.1607591666666665,0.1607591666666665
12187,0.65,0.5548162194100209,0.5891983333333333,0.5891983333333332
248,0.4,0.4534753653380157,0.43240351190476195,0.43240351190476195
12710,0.31,0.4347069762826382,0.3989050000000002,0.3989050000000002
13196,0.43,0.41285372463138964,0.4321198809523814,0.4321198809523814
9378,0.11,0.180244112974216,0.22084999999999946,0.22084999999999946
1966,0.25,0.23606222000697014,0.21233672619047606,0.2123367261904761
9825,0.32,0.3865566419950324,0.38029272727272734,0.38029272727272734
16276,0.69,0.7347506757405959,0.8135380555555571,0.8135380555555569
3943,0.39,0.3264929574405788,0.3360029365079366,0.3360029365079365
8995,0.62,0.6819525088481364,0.6548553571428571,0.6548553571428571
4371,0.2,0.32543905044228727,0.3265358730158727,0.3265358730158727
8015,0.22,0.2592961657856792,0.20774166666666688,0.20774166666666688
9362,0.61,0.51068046794534,0.4594133008658009,0.45941330086580096
6510,0.54,0.5869906489284251,0.5770614682539681,0.5770614682539681
13320,0.26,0.31110599144261825,0.2963390097402604,0.2963390097402604
19462,0.2,0.2760655033245981,0.284580416666667,0.28458041666666695
18911,0.41,0.4582189903732637,0.4429947619047622,0.4429947619047622
4133,0.7,0.6544035428891686,0.5747450000000015,0.5747450000000015
9140,0.31,0.3979609292511893,0.40101249999999866,0.40101249999999866
3823,0.23,0.31082432337400345,0.3525804166666663,0.35258041666666623
2217,0.48,0.4286933419432548,0.4140699999999999,0.41406999999999994
14877,0.58,0.6013237079280942,0.5743109523809528,0.5743109523809529
4881,0.0,0.006194480178174644,0.04755083333333327,0.04755083333333327
19220,0.3,0.29244081055807924,0.23982500000000048,0.23982500000000048
32,0.19,0.16476985547526135,0.1571962500000001,0.1571962500000001
20611,0.4,0.49880013605294765,0.5111580952380946,0.5111580952380949
16728,0.66,0.6722055935863382,0.6809000000000031,0.6809000000000031
22103,0.25,0.3036325952650907,0.30106178571428555,0.30106178571428555
2489,0.34,0.36431463720854235,0.34872500000000023,0.34872500000000023
629,0.36,0.438736451498494,0.40798392857142896,0.40798392857142896
6726,0.09,0.0893596999497892,0.13495166666666703,0.13495166666666703
18679,0.48,0.42211997122334016,0.44575014665889673,0.44575014665889673
3371,0.22,0.2520306481236851,0.2555267857142856,0.25552678571428555
1994,0.41,0.42983916447615245,0.42906166666666723,0.42906166666666723
21780,0.67,0.5399198242731221,0.5036948809523811,0.5036948809523811
21794,0.28,0.3145796071737309,0.28993083333333264,0.28993083333333264
18639,0.48,0.4651577209060889,0.4592963095238089,0.45929630952380895
13736,0.35,0.2962833858588009,0.31221374999999923,0.31221374999999923
17039,0.82,0.7131972181394868,0.7368516666666669,0.7368516666666669
13707,0.65,0.6257864208461728,0.646254285714286,0.646254285714286
10357,0.16,0.17020100341897687,0.21239966269841262,0.21239966269841262
3753,0.39,0.39746675863342906,0.3701722742535243,0.3701722742535243
6908,0.61,0.5281969736781068,0.504629761904761,0.504629761904761
7497,0.22,0.26623489631850444,0.30109042388167373,0.3010904238816738
21902,0.21,0.2735841057247942,0.24027388708513686,0.24027388708513686
10825,0.57,0.5195777549676817,0.4934777380952392,0.4934777380952392
3620,0.62,0.5722922301158455,0.5797959469696967,0.5797959469696967
10023,0.47,0.43653672196730486,0.43189321414696397,0.43189321414696397
22498,0.57,0.6550920900745496,0.6219191666666668,0.6219191666666668
16910,0.52,0.4283279821303443,0.46071833333333423,0.4607183333333343
22252,0.28,0.29125809275493797,0.23774886904761902,0.237748869047619
5,0.29,0.28134379400454856,0.24666940476190471,0.24666940476190471
16033,0.6,0.6303100666797887,0.5940517460317473,0.5940517460317473
13036,0.28,0.27987940813279244,0.23433249999999992,0.23433249999999992
7817,0.19,0.23854361760677406,0.26024769841269807,0.26024769841269807
4253,0.22,0.19196696356923137,0.19512575396825388,0.19512575396825388
15458,0.9,0.8453992957084073,0.8781,0.8781
22001,0.51,0.4585006584418786,0.4691945238095241,0.46919452380952414
14382,0.49,0.41902021623453817,0.473201666666667,0.473201666666667
6949,0.66,0.6083029334878615,0.6117509523809521,0.6117509523809521
7608,0.31,0.3648789976226856,0.33561833333333324,0.33561833333333324
12440,0.12,0.10957758248399196,0.13196333333333327,0.13196333333333327
15634,0.41,0.37892576452012783,0.37382235750360765,0.37382235750360754
1864,0.37,0.3923577737852705,0.37834607142857235,0.37834607142857235
20799,0.35,0.3465164634071608,0.3312750000000003,0.3312750000000003
22633,0.52,0.6059790171854346,0.5330754166666669,0.5330754166666669
2780,0.43,0.37774304671698655,0.37140899069884376,0.37140899069884376
18286,0.63,0.6807006255255257,0.6318353210678213,0.6318353210678213
2721,0.44,0.4680495973793575,0.4526753571428565,0.4526753571428565
11754,0.08,0.05220779807848758,0.04318333333333328,0.04318333333333328
3059,0.56,0.5682627548999898,0.5490117857142855,0.5490117857142855
13005,0.57,0.5104392949036674,0.5217146428571424,0.5217146428571424
1428,0.62,0.6731389135700905,0.62956,0.62956
6455,0.76,0.7433698944510211,0.7807666666666667,0.7807666666666667
5972,0.1,0.13819858142277602,0.18113708333333295,0.181137083333333
3429,0.73,0.8157207900146334,0.7902277777777776,0.7902277777777776
6207,0.44,0.43114606905053143,0.39608,0.39608000000000004
22451,0.67,0.5375959079706953,0.6476949999999978,0.6476949999999978
17436,0.57,0.5685444229686046,0.5757666666666672,0.5757666666666672
10998,0.61,0.6633083065639968,0.7725234523809522,0.7725234523809523
751,0.1,0.07910123522653001,0.07581500000000008,0.07581500000000008
13908,0.51,0.5684166364406684,0.5341098809523819,0.534109880952382
13855,0.52,0.47145302331408717,0.4018295238095238,0.4018295238095238
12236,0.32,0.3258044102551978,0.28118541666666685,0.28118541666666685
7562,0.71,0.7030299218130098,0.6818366666666674,0.6818366666666675
8077,0.46,0.5294708598780304,0.47321285714285666,0.47321285714285666
10316,0.0,-0.06583322801296715,0.0,0.0
17237,0.75,0.7329209300559293,0.7465000000000004,0.7465000000000005
13998,0.64,0.6404848396587522,0.6525950000000001,0.6525950000000001
14133,0.45,0.4528570079490177,0.39354166666666635,0.39354166666666635
21669,0.34,0.43110557402358934,0.3893750000000006,0.3893750000000006
9833,0.44,0.43653672196730486,0.43189321414696397,0.43189321414696397
8474,0.28,0.3941875194699371,0.45150097222222135,0.45150097222222135
13227,0.42,0.39464119506075523,0.32399321428571426,0.3239932142857142
16042,0.47,0.5069290610414008,0.4903291666666659,0.4903291666666659
21473,0.43,0.49679478308937924,0.4684415584415584,0.46844155844155844
1074,0.55,0.5856369478799941,0.609320714285715,0.609320714285715
11794,0.48,0.5413842101448783,0.5221560714285709,0.5221560714285709
11302,0.21,0.3137998915915676,0.3044099999999996,0.3044099999999996
18686,0.36,0.41052233167647606,0.3957904365079365,0.3957904365079365
22660,0.45,0.5677685842822295,0.5877131547619051,0.5877131547619051
8334,0.18,0.24862722218895533,0.26565416666666725,0.26565416666666725
15933,0.19,0.18616943153569182,0.16203333333333308,0.16203333333333308
9345,0.47,0.5378775760393101,0.5573666666666673,0.5573666666666673
7895,0.24,0.18306967654688983,0.15349166666666655,0.15349166666666655
21866,0.5,0.4531936972694008,0.4041318452380954,0.4041318452380955
22550,0.66,0.6872739962454404,0.6649857142857144,0.6649857142857144
587,0.6,0.49598204913276045,0.4883986309523818,0.4883986309523818
3346,0.14,0.14052249772520287,0.19332357142857165,0.19332357142857165
6926,0.35,0.3416855468709186,0.28903988095238126,0.2890398809523812
15101,0.45,0.4887570264977085,0.4477168253968253,0.4477168253968253
1216,0.73,0.7329209300559293,0.7465000000000004,0.7465000000000005
19334,0.31,0.32821664233553227,0.31933083333333373,0.31933083333333373
5003,0.15,0.25194695637938946,0.20639404761904778,0.20639404761904778
21004,0.37,0.3832625104386097,0.3607551623376621,0.360755162337662
2379,0.39,0.4287816577211625,0.3351805555555559,0.3351805555555559
21233,0.5,0.5016256996256214,0.45607047619047597,0.45607047619047597
8389,0.46,0.41979605492091326,0.4205345833333336,0.4205345833333336
22032,0.17,0.21479043047447588,0.2787997434509934,0.2787997434509934
16597,0.39,0.2823977010028401,0.27860749999999945,0.27860749999999945
8434,0.69,0.6009132290546295,0.657441686507937,0.657441686507937
14539,0.71,0.6691019617017482,0.6831984307359313,0.6831984307359315
11675,0.33,0.4040401293533437,0.37007025793650805,0.3700702579365081
1412,0.47,0.4958245678353834,0.4711209523809523,0.4711209523809523
20944,0.55,0.5948340289524752,0.5846316666666661,0.5846316666666662
5633,0.44,0.38729198565446543,0.3387676497113995,0.3387676497113995
19461,0.51,0.47957807140675207,0.4243663492063494,0.4243663492063494
20303,0.57,0.4921394738320388,0.3937385317460314,0.3937385317460314
19040,0.73,0.624425243145255,0.5891958333333311,0.5891958333333311
1302,0.42,0.46931600692679437,0.4565427777777773,0.4565427777777773
16185,0.44,0.48643311019528157,0.5039670634920633,0.5039670634920632
12901,0.26,0.18375822373227085,0.21083999999999992,0.21083999999999997
13275,0.54,0.5339108139673506,0.5954865476190481,0.5954865476190481
11804,0.14,0.0706945190652502,0.04575833333333329,0.04575833333333329
2684,0.0,-0.04072633983223789,0.011341666666666672,0.011341666666666672
1719,0.55,0.5726991092326117,0.5312326046176044,0.5312326046176042
5599,0.54,0.5557640656185993,0.5429992857142864,0.5429992857142864
9129,0.4,0.5049198311820442,0.5718458116883126,0.5718458116883126
163,0.06,0.13541351287704434,0.17986666666666695,0.17986666666666695
11567,0.57,0.5132168867969124,0.5213470833333339,0.5213470833333339
11239,0.5,0.5613895901299356,0.5001623809523807,0.5001623809523807
18277,0.6,0.5412600233736404,0.5782645238095226,0.5782645238095226
7325,0.18,0.16371594847696985,0.15042333333333346,0.15042333333333346
9155,0.45,0.4861514421266668,0.4433495833333335,0.4433495833333335
8771,0.49,0.4623396339859018,0.4719791666666662,0.47197916666666623
10801,0.19,0.29612590456142385,0.29358923215673205,0.29358923215673205
13072,0.08,0.14554779082906577,0.1384970238095237,0.1384970238095237
9775,0.64,0.5578754793718808,0.5826508333333329,0.5826508333333329
16548,0.69,0.6792767346807117,0.6723673214285718,0.6723673214285719
13327,0.59,0.6214127796574471,0.5818094642857139,0.581809464285714
17033,0.18,0.26741761412164566,0.2698733333333336,0.2698733333333336
17445,0.48,0.45973017271907185,0.3482433333333329,0.348243333333333
8120,0.68,0.6438662627161692,0.6470744047619058,0.6470744047619057
11689,0.37,0.36748458199372735,0.3699380357142854,0.3699380357142854
1886,0.91,0.7719072016455095,0.8289691666666661,0.8289691666666663
3972,0.75,0.6455026561101286,0.6174461111111098,0.6174461111111098
14264,0.1,0.03044183792823313,0.08266666666666649,0.0826666666666665
8112,0.23,0.2758243302829254,0.2992673809523813,0.2992673809523813
19998,0.6,0.6353758548105938,0.6208602380952378,0.6208602380952378
3917,0.42,0.4135890682908226,0.42671011904762013,0.42671011904762013
860,0.4,0.3786727669440403,0.351019880952381,0.3510198809523809
8810,0.27,0.29253197895486155,0.2854674999999996,0.2854674999999996
4042,0.6,0.6647726924357529,0.7071125000000008,0.7071125000000008
20586,0.42,0.49610623590399827,0.45334969696969735,0.45334969696969735
4336,0.32,0.38651614696809034,0.3360254924242423,0.3360254924242423
9070,0.65,0.5838908939396231,0.5779644338702232,0.5779644338702232
3627,0.53,0.6234550278912592,0.5985621428571433,0.5985621428571433
4242,0.06,0.14353856096970924,0.17380166666666677,0.17380166666666677
133,0.27,0.3138403866185097,0.2980533333333328,0.2980533333333327
20776,0.36,0.38798053283984646,0.3716413293650793,0.3716413293650793
20031,0.55,0.5727864007336058,0.5539895238095237,0.5539895238095237
14366,0.65,0.5974470899760036,0.567709166666666,0.567709166666666
17525,0.58,0.624425243145255,0.5891958333333311,0.5891958333333311
16789,0.75,0.6799652818660927,0.7023409523809524,0.7023409523809524
21450,0.3,0.32041375733842437,0.3422689880952378,0.34226898809523776
10708,0.23,0.3483462090918274,0.3380120830558331,0.33801208305583313
20146,0.5,0.5402014923417371,0.5084466666666666,0.5084466666666666
20505,0.68,0.6221886183438222,0.6348402849927847,0.6348402849927846
12855,0.37,0.34912204777820255,0.35447916666666635,0.3544791666666663
18611,0.49,0.4850719324943639,0.46494499999999944,0.46494499999999944
5851,0.6,0.513780222934142,0.5268510714285717,0.5268510714285717
8608,0.76,0.7767750134519953,0.7593874999999999,0.7593874999999997
5978,0.61,0.7042126396161511,0.7631800595238093,0.7631800595238093
2435,0.43,0.4672035688965994,0.48201714285714287,0.48201714285714287
750,0.19,0.19119472463955473,0.16807607142857126,0.16807607142857123
10168,0.47,0.44429641024705924,0.40069166666666695,0.40069166666666706
1316,0.63,0.6839947570819485,0.6866308333333323,0.6866308333333322
13619,0.51,0.5459153326309809,0.5285633333333324,0.5285633333333324
18584,0.88,0.7856354052040931,0.7783775000000007,0.7783775000000007
3733,0.38,0.33132387397682095,0.3193333333333335,0.3193333333333335
5449,0.47,0.4022720725356599,0.41155791666666663,0.41155791666666675
18291,0.47,0.4285691551720171,0.4720737500000004,0.4720737500000004
18650,0.13,0.19274280225560653,0.17724551587301576,0.17724551587301576
4636,0.36,0.4436042633049798,0.3840429166666663,0.3840429166666663
2130,0.47,0.42453220330367464,0.3865833333333332,0.3865833333333332
16072,0.26,0.3339294583478627,0.3803663888888875,0.3803663888888875
22454,0.0,-0.0014363972967300076,0.030966666666666587,0.030966666666666583
12604,0.67,0.6731389135700905,0.62956,0.62956
9992,0.33,0.37088800792845705,0.33371664862914907,0.33371664862914907
13900,0.44,0.4802666185921331,0.4325933333333329,0.4325933333333329
21219,0.5,0.511946877492777,0.4920120238095238,0.4920120238095238
3388,0.62,0.6437420759449314,0.6429107738095241,0.6429107738095241
20075,0.66,0.6353353597836516,0.6231375396825398,0.6231375396825399
9914,0.6,0.5491034033976905,0.5530408333333343,0.5530408333333342
253,0.62,0.5656315678949367,0.5387421284271277,0.5387421284271275
10095,0.17,0.30425095265408875,0.32295666666666767,0.32295666666666767
19642,0.31,0.37263406186882797,0.3809175000000002,0.3809175000000002
20492,0.63,0.5578754793718808,0.5826508333333329,0.5826508333333329
896,0.35,0.3028567565787156,0.2967008333333331,0.2967008333333331
18071,0.43,0.45489925618282967,0.41833743145743085,0.4183374314574308
5160,0.53,0.5762600164647185,0.5395576641414153,0.5395576641414153
89,0.5,0.5045139763421915,0.5436625000000003,0.5436625000000003
15397,1.0,0.8556577604316666,0.9070149999999981,0.9070149999999981
22054,0.5,0.394147024442995,0.43108266955266994,0.43108266955266994
19764,0.27,0.27832773076004225,0.23736666666666603,0.2373666666666661
19158,0.57,0.6062201902271073,0.5977549999999995,0.5977549999999995
4295,0.15,0.24496310678601016,0.20784918650793646,0.2078491865079365
2706,0.37,0.46584986784816834,0.4784426190476191,0.4784426190476191
14629,0.44,0.31767936216253295,0.3132020039682538,0.3132020039682538
5371,0.43,0.37688351628631583,0.3615613095238093,0.3615613095238093
22131,0.52,0.6234550278912592,0.5985621428571433,0.5985621428571433
7777,0.6,0.5905047596864799,0.5923380555555547,0.5923380555555547
14208,0.8,0.7294511912206049,0.7482208333333337,0.7482208333333337
13341,0.54,0.5274211349917317,0.5484383207070709,0.548438320707071
14307,0.63,0.5601377068073249,0.585113888888888,0.585113888888888
4623,0.08,0.031748742502612226,0.06972083333333334,0.06972083333333336
6715,0.26,0.24483892001477237,0.2353976190476194,0.2353976190476194
484,0.43,0.47576416659855775,0.4175825000000012,0.4175825000000012
1157,0.74,0.6691019617017482,0.6831984307359313,0.6831984307359315
6229,0.07,0.052331984849725455,0.04101999999999986,0.04101999999999986
17477,0.3,0.3995090068672411,0.33556380952380954,0.33556380952380954
10743,0.48,0.5252214054605425,0.4969815674603171,0.4969815674603171
12072,0.57,0.5803299867075163,0.5670511904761918,0.5670511904761918
5278,0.31,0.3488403797095877,0.3165749999999992,0.3165749999999992
3081,0.61,0.5539998856967037,0.555908273809524,0.555908273809524
17514,0.55,0.5330647854845926,0.5232162301587312,0.5232162301587312
280,0.21,0.31110599144261825,0.2963390097402604,0.2963390097402604
1126,0.26,0.2950538715816076,0.25438583333333326,0.25438583333333326
10246,0.37,0.36524435743559613,0.3045016071428568,0.3045016071428568
5375,0.21,0.28121498319969884,0.23645357142857187,0.23645357142857182
20951,0.8,0.8262609228065074,0.8410500000000016,0.8410500000000016
15215,0.65,0.7081794016881107,0.6995967857142861,0.6995967857142861
4629,0.38,0.36524435743559613,0.3045016071428568,0.3045016071428568
13967,0.43,0.3419267199125913,0.34195369047619173,0.34195369047619173
18843,0.51,0.636605369087787,0.6131077380952384,0.6131077380952384
1930,0.14,0.23172907384518668,0.24040835317460318,0.24040835317460318
5481,0.3,0.31882518469543053,0.30288249999999994,0.30288249999999994
20089,0.53,0.5938456877169547,0.6289264285714288,0.6289264285714288
20382,0.49,0.4443801019913549,0.3994814880952382,0.3994814880952383
22304,0.41,0.49378231960157143,0.4188183333333337,0.4188183333333337
16588,0.22,0.31294036116089685,0.27978749999999986,0.2797874999999998
21413,0.64,0.6059790171854346,0.5330754166666669,0.5330754166666669
12701,0.45,0.4531532022424587,0.4152316666666668,0.41523166666666683
11552,0.66,0.6336298008702228,0.6902883333333341,0.6902883333333341
13705,0.3,0.3300538646726856,0.3040044047619046,0.3040044047619046
19630,0.45,0.5122285455613919,0.5605498051948065,0.5605498051948065
12427,0.55,0.5727864007336058,0.5539895238095237,0.5539895238095237
2342,0.45,0.37774304671698655,0.37140899069884376,0.37140899069884376
16367,0.51,0.5471853419351163,0.5254708333333337,0.5254708333333337
22259,0.54,0.6199888888126333,0.5946611904761899,0.5946611904761899
11271,0.2,0.22843494228876396,0.13968374999999975,0.13968374999999975
2373,0.66,0.590592051187474,0.6240559920634925,0.6240559920634925
12098,0.57,0.5320764442490721,0.5609105357142862,0.5609105357142862
4442,0.16,0.2162143213192899,0.19473333333333318,0.19473333333333318
20790,0.24,0.3052211679080846,0.26867249999999987,0.2686724999999998
13535,0.08,0.05509505051814423,0.09907499999999997,0.09907499999999998
5301,0.24,0.23082904838757376,0.220016666666667,0.22001666666666705
18566,0.62,0.5181538641228676,0.4512952380952374,0.4512952380952374
7731,0.68,0.6078970786480088,0.6306174999999993,0.6306174999999993
3732,0.38,0.4709588526963269,0.46942410714285715,0.4694241071428572
18748,0.28,0.20037367973051112,0.2584572619047618,0.25845726190476187
6454,0.36,0.42841167387463996,0.42222333333333334,0.42222333333333334
5684,0.85,0.8542965827307489,0.9741249999999998,0.9741249999999998
5480,0.23,0.2090630882373193,0.22125833333333308,0.22125833333333308
11400,0.29,0.28722861753908224,0.2537656547619045,0.2537656547619045
12638,0.47,0.41668882327962464,0.4446573881673884,0.4446573881673884
11262,0.31,0.3784315939023676,0.38322833222333225,0.38322833222333225
7624,0.37,0.39194729491180585,0.4097880753968257,0.40978807539682577
14583,0.34,0.3652848524625382,0.3621844642857144,0.3621844642857144
20604,0.48,0.5011315290078612,0.4709272222222222,0.4709272222222222
758,0.0,-0.06583322801296715,0.0,0.0
20455,0.51,0.4746229680992721,0.5042204761904753,0.5042204761904753
1701,0.39,0.42183830315472526,0.4587822442834942,0.4587822442834941
1859,0.38,0.4287816577211625,0.3351805555555559,0.3351805555555559
14428,0.77,0.7545985744282762,0.7696300000000005,0.7696300000000007
14112,0.0,-0.06277396805110719,0.00799666666666667,0.00799666666666667
7392,0.63,0.6339114689388377,0.6302451605339106,0.6302451605339107
3910,0.39,0.4681332891236531,0.5052814285714287,0.5052814285714287
2479,0.38,0.3979609292511893,0.40101249999999866,0.40101249999999866
9631,0.18,0.14709946820181602,0.16900833333333318,0.16900833333333318
20648,0.51,0.5765416845333333,0.5547438492063494,0.5547438492063494
11016,0.21,0.22502791659733576,0.19853952380952364,0.19853952380952364
11790,0.68,0.7081794016881107,0.6995967857142861,0.6995967857142861
12512,0.3,0.36072071160198016,0.3432366666666667,0.3432366666666667
14801,0.93,0.896562093483821,0.921858333333335,0.921858333333335
20076,0.34,0.4084098936462811,0.39439500000000005,0.39439500000000005
22169,0.34,0.37263406186882797,0.3809175000000002,0.3809175000000002
14484,0.38,0.4531532022424587,0.4152316666666668,0.41523166666666683
14731,0.74,0.7708496948905195,0.7761334523809524,0.7761334523809524
16106,0.5,0.4081100995961416,0.4588033333333328,0.4588033333333328
16133,0.54,0.5572284514903554,0.5304324999999995,0.5304324999999995
6913,0.31,0.35520124788035695,0.3865310119047615,0.3865310119047614
190,0.45,0.4767525078340783,0.48611136904761937,0.48611136904761937
15492,0.26,0.212466514172049,0.22368499999999997,0.22368499999999997
14312,0.28,0.26533487086089147,0.23293250000000001,0.23293250000000001
14357,0.02,-0.02863350539070003,0.023649999999999984,0.023649999999999984
284,0.7,0.7855481137030991,0.765321666666667,0.765321666666667
14369,0.22,0.2017975705753251,0.25187023809523834,0.25187023809523834
11999,0.31,0.29244081055807924,0.23982500000000048,0.23982500000000048
2697,0.72,0.7488020666716502,0.7544166666666661,0.754416666666666
5615,0.82,0.7185041793119645,0.747949523809524,0.7479495238095238
12898,0.0,-0.010146784403937459,0.020825714285714253,0.020825714285714256
9821,0.64,0.5998593220563381,0.5912747619047618,0.5912747619047619
8386,0.62,0.6454189643658328,0.6626194642857144,0.6626194642857144
13471,0.44,0.4529406996933133,0.47918523809523783,0.47918523809523783
16943,0.69,0.6062201902271073,0.5977549999999995,0.5977549999999995
20044,0.44,0.45335117856677787,0.3915472727272727,0.3915472727272727
5061,0.12,0.17882022212940207,0.20250833333333343,0.20250833333333343
10553,0.6,0.5003556903214861,0.44536787698412694,0.44536787698412694
8197,0.35,0.3284983104041472,0.3090652272727277,0.3090652272727277
3612,0.23,0.3258044102551978,0.28118541666666685,0.28118541666666685
499,0.41,0.49378231960157143,0.4188183333333337,0.4188183333333337
9944,0.33,0.36369627981954433,0.3460875000000002,0.3460875000000002
19701,0.41,0.4740586076851289,0.3849666017316021,0.3849666017316021
19880,0.48,0.44783171484515477,0.4127061904761892,0.4127061904761892
1452,0.62,0.5836497208979504,0.5895804761904757,0.5895804761904757
21385,0.42,0.4562604338837474,0.48321190476190473,0.4832119047619048
12004,0.47,0.5198594230362965,0.4913749206349204,0.4913749206349204
4429,0.38,0.4473556702089191,0.3356790476190469,0.3356790476190469
15540,0.71,0.6902900594899467,0.7427300000000003,0.7427300000000003
3370,0.64,0.5649835157364979,0.5652683333333341,0.565268333333334
969,0.37,0.39158193509889533,0.42668946428571525,0.42668946428571525
8485,0.37,0.40345479033880116,0.38756976190476217,0.3875697619047622
9315,0.18,0.16130371639663532,0.1428649999999999,0.14286499999999994
15355,0.54,0.5567342808725951,0.5711758279220783,0.5711758279220783
1313,0.36,0.39203561068971354,0.37165178571428537,0.37165178571428537
13115,0.42,0.3725935668418859,0.3526185714285719,0.3526185714285719
8545,0.41,0.4554845951973722,0.450645182178932,0.450645182178932
21097,0.66,0.6787825640629515,0.6864203571428571,0.686420357142857
16834,0.42,0.41167100682824836,0.46361038961038953,0.46361038961038953
13239,0.26,0.2560675999920275,0.26137476190476183,0.26137476190476183
10791,0.12,0.07661983762672608,0.07866750000000006,0.07866750000000006
4463,0.57,0.6097268243326754,0.5884245238095238,0.5884245238095238
8586,0.6,0.6229608572734989,0.5992720238095223,0.5992720238095223
5894,0.75,0.6344056395565979,0.5825470634920644,0.5825470634920644
18373,0.26,0.2177659986920401,0.17574749999999986,0.17574749999999986
1890,0.53,0.4994886832383286,0.4849902380952373,0.4849902380952373
1507,0.66,0.6376997711130206,0.6076790476190471,0.6076790476190471
12629,0.3,0.33237778097511245,0.33908476190476167,0.3390847619047617
614,0.38,0.38953221021259665,0.3914062499999995,0.3914062499999995
19616,0.52,0.5052898150285666,0.4269749999999998,0.42697499999999977
10276,0.26,0.2572503177951687,0.24283976190476178,0.2428397619047618
1683,0.7,0.7334519959439332,0.734183333333333,0.734183333333333
20376,0.65,0.6409790102765126,0.700608333333333,0.700608333333333
5381,0.65,0.6016890677410047,0.5347509325396832,0.5347509325396831
13331,0.63,0.5325706148668323,0.4954025198412703,0.49540251984127026
21767,0.67,0.6875961593409974,0.6735008333333319,0.6735008333333319
3119,0.42,0.4282874871034022,0.4011539880952379,0.4011539880952379
9634,0.25,0.27154185749098214,0.3016775000000004,0.3016775000000004
10039,0.3,0.3260169128043432,0.3219366666666667,0.3219366666666668
19819,0.36,0.3796611081795608,0.3688355158730159,0.36883551587301583
10456,0.43,0.3728752349105008,0.38020513888888824,0.38020513888888824
10117,0.37,0.34009697422792473,0.317035714285714,0.317035714285714
21125,0.48,0.4321630807785793,0.4188399999999999,0.4188399999999999
13593,0.26,0.3250285715688227,0.3095328571428574,0.30953285714285733
5065,0.52,0.4921394738320388,0.3937385317460314,0.3937385317460314
16496,0.31,0.282357205975898,0.2951886904761906,0.2951886904761906
1747,0.71,0.7855481137030991,0.765321666666667,0.765321666666667
19658,0.54,0.49378231960157143,0.4188183333333337,0.4188183333333337
18515,0.22,0.17946827428784096,0.20452928571428525,0.2045292857142853
5194,0.33,0.33274776482163493,0.3457245833333333,0.3457245833333333
18772,0.04,0.09940280950502839,0.10004999999999999,0.10005000000000001
2179,0.25,0.20918727500855705,0.2736673015873017,0.27366730158730174
8964,0.49,0.5563642970260727,0.5966607142857144,0.5966607142857143
22273,0.47,0.4750288229391248,0.4601360948773449,0.46013609487734497
2433,0.58,0.6330444618556802,0.6068485119047624,0.6068485119047624
4827,0.74,0.6511463066029894,0.6229766666666654,0.6229766666666654
5199,0.41,0.49496503740471265,0.5257921428571425,0.5257921428571425
7120,1.0,0.8211114429314068,0.8319875000000008,0.8319875000000008
19339,0.5,0.4514295173475052,0.4629025000000002,0.46290250000000016
21317,0.4,0.3117945386279992,0.3284563658563663,0.3284563658563663
12926,0.76,0.6953990443381053,0.6747263095238085,0.6747263095238085
11352,0.53,0.575026625291737,0.5759449999999997,0.5759449999999997
15739,0.29,0.3678574184591245,0.40797505952380947,0.4079750595238095
10338,0.47,0.4983059654351874,0.4247814285714291,0.4247814285714291
11555,0.4,0.38586809480965145,0.34304839285714306,0.34304839285714306
1737,0.23,0.20772288913680095,0.19351693722943694,0.19351693722943694
3482,0.26,0.37026965053945904,0.35710333333333366,0.3571033333333336
20187,0.51,0.5618432657207537,0.5345048015873018,0.5345048015873018
1687,0.53,0.5425300326777759,0.5429975000000014,0.5429975000000014
3406,0.67,0.7050721700468219,0.7009333333333336,0.7009333333333336
8067,0.64,0.5626191044071288,0.5725318488455988,0.5725318488455988
10293,0.31,0.34822202232058963,0.35234238095238085,0.3523423809523809
3711,0.28,0.27126018942236735,0.31007749999999923,0.3100774999999993
20403,0.23,0.2762780058737435,0.20353669552669615,0.20353669552669618
22342,0.65,0.5502446018969761,0.5228095436507932,0.5228095436507931
5969,0.23,0.22462103748056964,0.23972232142857106,0.23972232142857106
15665,0.44,0.4226141418411004,0.41278440476190426,0.41278440476190426
12875,0.26,0.3331536196614876,0.30382733225108194,0.30382733225108194
22136,0.55,0.49570038106414566,0.5318739484126985,0.5318739484126985
12542,0.61,0.6229608572734989,0.5992720238095223,0.5992720238095223
12763,0.61,0.5046381631134293,0.5328527380952383,0.5328527380952384
10147,0.89,0.8722742407068205,0.8865500000000017,0.8865500000000017
20490,0.92,0.9143602672852026,0.9980658333333335,0.9980658333333335
13692,0.71,0.7093216244643097,0.7457733928571427,0.7457733928571427
2290,0.52,0.49688309886728693,0.543124090909092,0.543124090909092
9732,0.03,0.04498277544343565,0.06067500000000006,0.06067500000000006
7001,0.57,0.5104392949036674,0.5217146428571424,0.5217146428571424
12743,0.42,0.4298760597463961,0.444351249999999,0.4443512499999989
11524,0.92,0.8603102170701323,0.9314716666666655,0.9314716666666656
6951,0.78,0.7909387666198726,0.8235250000000005,0.8235250000000004
19520,0.61,0.6384351147724536,0.6211829996392499,0.6211829996392499
21121,0.49,0.48233753731847245,0.47367500000000057,0.47367500000000057
10363,0.69,0.6075270948014864,0.6207474999999998,0.6207474999999998
18227,0.56,0.5096634562172923,0.5332147619047618,0.5332147619047618
10118,0.26,0.2951375633259033,0.26789333333333326,0.26789333333333326
5323,0.34,0.3990148362494808,0.4421680555555556,0.4421680555555556
17606,0.41,0.40664571372438546,0.48168827380952367,0.48168827380952367
16143,0.53,0.5023142468110025,0.5003948214285711,0.5003948214285712
14411,0.55,0.6002651768961906,0.5757108333333314,0.5757108333333314
17043,0.4,0.45018123378159297,0.3318091666666674,0.3318091666666674
12114,0.2,0.1774260260540289,0.20983452380952333,0.2098345238095234
9390,0.62,0.6209186090396869,0.6361979761904762,0.6361979761904761
6600,0.59,0.5443597783624425,0.586389583333333,0.586389583333333
17378,0.53,0.5352645150157818,0.5301789285714286,0.5301789285714286
8302,0.55,0.5848611091936189,0.5777874999999985,0.5777874999999985
11498,0.4,0.368845759694645,0.347288531746032,0.347288531746032
6105,0.75,0.677915556979794,0.703219462481963,0.7032194624819629
12806,0.63,0.6911495899206175,0.6849929761904764,0.6849929761904764
9342,0.49,0.4204846021062943,0.4126889194139195,0.4126889194139195
6774,0.58,0.6358295304014119,0.593498888888889,0.593498888888889
5201,0.55,0.5104392949036674,0.5217146428571424,0.5217146428571424
11674,0.26,0.24418726809963506,0.29479845238095237,0.29479845238095237
19008,0.36,0.3908060964125203,0.3906715782828281,0.3906715782828281
19917,0.11,0.0895722024989346,0.08781261904761894,0.08781261904761894
11133,0.54,0.5916459581857655,0.5897016666666662,0.5897016666666662
18890,0.3,0.35711930934293123,0.3182151785714286,0.3182151785714286
16988,0.23,0.3189493714666683,0.2690900000000003,0.2690900000000002
8359,0.71,0.6807006255255257,0.6318353210678213,0.6318353210678213
15599,0.42,0.36524435743559613,0.3045016071428568,0.3045016071428568
20064,0.27,0.18964304726680448,0.16444297619047624,0.1644429761904762
2927,0.22,0.2387966151828616,0.2555621428571432,0.2555621428571431
22132,0.38,0.3691238280065614,0.4371649999999995,0.4371649999999995
12122,0.79,0.7460676714957586,0.7351833333333331,0.7351833333333331
2364,0.83,0.8431590711502761,0.8455000000000009,0.8455000000000008
10657,0.36,0.4306518984327712,0.3817509199134201,0.3817509199134201
6849,0.68,0.6021832383587649,0.5715007088744586,0.5715007088744586
21244,0.45,0.4301577278150109,0.4507648809523811,0.4507648809523811
20359,0.34,0.37591330103231996,0.33003333333333384,0.33003333333333384
11356,0.35,0.3402211609991625,0.3226923809523812,0.3226923809523812
21582,0.16,0.1356951809456592,0.16126666666666664,0.1612666666666666
8754,0.59,0.6378572524103977,0.6188470238095244,0.6188470238095244
5315,0.58,0.5571401357124478,0.6050191666666666,0.6050191666666666
8268,0.71,0.7805228205992363,0.7528941666666669,0.7528941666666669
7423,0.37,0.49598204913276045,0.4883986309523818,0.4883986309523818
17771,0.42,0.3381789127653505,0.334618502886003,0.33461850288600287
3775,0.78,0.6875961593409974,0.6735008333333319,0.6735008333333319
4709,0.62,0.6214127796574471,0.5818094642857139,0.581809464285714
1529,0.34,0.34825891759083333,0.31483617063492075,0.3148361706349208
18505,0.25,0.31951373188081145,0.3507499999999996,0.3507499999999996
6755,0.39,0.4189290478377558,0.39235250000000044,0.39235250000000044
16139,0.39,0.489815557529612,0.5426157575757588,0.5426157575757589
20679,0.23,0.23172907384518668,0.24040835317460318,0.24040835317460318
17451,0.66,0.6056973491168197,0.622933888888889,0.6229338888888889
2671,0.54,0.5132168867969124,0.5213470833333339,0.5213470833333339
20602,0.45,0.5255030735291575,0.4502183333333344,0.4502183333333344
4003,0.38,0.4057861832937147,0.40711166666666654,0.4071116666666665
21797,0.2,0.17041350596812227,0.18200404761904776,0.18200404761904776
13006,0.34,0.3549195798117421,0.37320635669885666,0.37320635669885666
10473,0.87,0.7788459321783348,0.7896000000000006,0.7896000000000006
2240,0.25,0.34699250804339643,0.35592535714285745,0.3559253571428574
8558,0.68,0.6515854559689814,0.6334457738095236,0.6334457738095236
12903,0.45,0.4654393889747037,0.47056916666666637,0.47056916666666637
13038,0.29,0.33429584243768673,0.28091722222222293,0.28091722222222293
12484,0.54,0.5269269643739715,0.5453619047619049,0.5453619047619049
3929,0.49,0.45192368796526544,0.4444350000000001,0.444435
10714,0.28,0.24921256120349797,0.22981083333333355,0.22981083333333352
16206,0.39,0.4048159680397188,0.3696741756854257,0.36967417568542565
7406,0.49,0.40701569757090794,0.3618796282883783,0.3618796282883783
21519,0.54,0.6160221267406738,0.5435780357142864,0.5435780357142864
1411,0.56,0.4695976749954092,0.5438649458874453,0.5438649458874452
21400,0.56,0.517748009283015,0.51131018304408,0.51131018304408
12481,0.22,0.2735841057247942,0.24027388708513686,0.24027388708513686
8018,0.64,0.6031534536127607,0.5258647619047632,0.5258647619047632
2823,0.12,0.12350016261019642,0.1645998809523813,0.1645998809523813
13330,0.79,0.8042132945876381,0.8259850000000013,0.8259850000000013
21461,0.3,0.41923271878368357,0.3992778769841267,0.3992778769841267
5251,0.28,0.2352899810772935,0.23147500000000015,0.23147500000000015
15772,0.43,0.4789966092879977,0.4636625000000008,0.4636625000000008
8098,0.45,0.40763405495990596,0.41909236402486477,0.41909236402486477
19721,0.69,0.6609769136090832,0.6651799999999999,0.6651799999999998
19626,0.27,0.25218812942106217,0.25235720238095255,0.2523572023809526
1788,0.23,0.29477220351299277,0.2614846428571426,0.2614846428571426
330,0.58,0.5053735067728623,0.5530784920634917,0.5530784920634917
5634,0.65,0.6963692595921012,0.7440059523809524,0.7440059523809522
3925,0.54,0.5558882523898371,0.5352529761904758,0.535252976190476
18231,0.18,0.15599675522415757,0.15562654220779218,0.15562654220779215
14565,0.36,0.4966004065217586,0.4583520310245306,0.4583520310245306
13256,0.24,0.23144740577657183,0.20324499999999998,0.20324500000000004
14400,0.65,0.6500742736231733,0.5924241666666658,0.5924241666666658
507,0.27,0.31004848468762825,0.2611838095238089,0.2611838095238089
6889,0.55,0.5809153257220588,0.5739833333333316,0.5739833333333316
19518,0.48,0.4262782572440456,0.41160249999999854,0.41160249999999854
12320,0.13,0.13444329762304846,0.12921964285714302,0.129219642857143
390,0.48,0.5158299478204408,0.46447416666666763,0.4644741666666675
16684,0.61,0.666972421966942,0.626979166666667,0.626979166666667
10964,0.98,0.7987821466439226,0.7452488095238095,0.7452488095238095
15387,0.44,0.504879336155102,0.5720833928571438,0.5720833928571437
12317,0.72,0.673391911146178,0.7237133333333334,0.7237133333333334
21182,0.65,0.612793560947022,0.6548983333333334,0.6548983333333334
5896,0.57,0.5644488500917955,0.5435527777777776,0.5435527777777776
5059,0.16,0.19931617297552118,0.18735750000000068,0.18735750000000068
19776,0.33,0.31584961647786636,0.3509504166666666,0.35095041666666665
16431,0.31,0.3266685647194806,0.296151666666667,0.296151666666667
11384,0.4,0.3864324552237947,0.3583001190476189,0.3583001190476189
5657,0.53,0.6016890677410047,0.5347509325396832,0.5347509325396831
6735,0.39,0.476946884401699,0.49877026875901875,0.49877026875901875
1552,0.32,0.3845980855055161,0.4123752615440111,0.4123752615440111
9170,0.06,0.03044183792823313,0.08266666666666649,0.0826666666666665
7212,0.74,0.7334555957006317,0.7511541666666669,0.7511541666666669
3877,0.42,0.40860427021390183,0.36358011904761917,0.3635801190476192
16616,0.56,0.558369649989641,0.6038058333333347,0.6038058333333347
1584,0.25,0.15522091653778247,0.1657393452380957,0.1657393452380957
20366,0.29,0.363044627904407,0.38131807123432127,0.38131807123432127
1181,0.87,0.7990638147125374,0.7831052380952389,0.7831052380952389
1960,0.86,0.7864076441337698,0.7290388293650788,0.7290388293650788
18345,0.47,0.40701569757090794,0.3618796282883783,0.3618796282883783
6847,0.47,0.4588660182547891,0.46529738636363577,0.46529738636363577
21284,0.67,0.7035240924307702,0.7206649999999989,0.7206649999999989
3410,0.3,0.39746675863342906,0.3701722742535243,0.3701722742535243
12133,0.15,0.10647035084270329,0.09098333333333328,0.09098333333333328
20633,0.23,0.17522629652283978,0.2113180952380952,0.2113180952380952
8982,0.27,0.2942780328952326,0.2764833333333336,0.2764833333333335
5977,0.59,0.565437191327316,0.5461516666666669,0.5461516666666669
21196,0.38,0.4590785208039345,0.49283351190476166,0.49283351190476166
18649,0.07,0.07233736483478276,0.0989616666666665,0.0989616666666665
10221,0.41,0.3944000220190825,0.3920605952380952,0.39206059523809517
8817,0.6,0.5980951421344424,0.612460833333333,0.612460833333333
17807,0.37,0.4443801019913549,0.3994814880952382,0.3994814880952383
691,0.05,0.07004646690681138,0.05644999999999992,0.05644999999999992
14682,0.45,0.47319907725445814,0.4699341666666671,0.4699341666666671
674,0.31,0.29457782694537205,0.2984166666666658,0.2984166666666658
59,0.28,0.22462103748056964,0.23972232142857106,0.23972232142857106
21216,0.58,0.6284803209951221,0.5487365476190484,0.5487365476190486
250,0.0,-0.018960379681983386,0.0016500000000000004,0.0016500000000000004
4250,0.42,0.4581784953463216,0.5315133333333345,0.5315133333333345
18010,0.22,0.20462313414799896,0.18515438492063463,0.18515438492063466
8446,0.87,0.8733317474618104,0.8630583333333318,0.8630583333333318
5344,0.45,0.4556750948692047,0.4116888095238098,0.4116888095238099
15161,0.66,0.651003993850227,0.6711471428571432,0.6711471428571432
18938,0.26,0.18709915176274555,0.25264250000000055,0.25264250000000055
6149,0.34,0.434212805664878,0.4364090130702629,0.4364090130702629
19390,0.34,0.33740307407897535,0.30508481990231984,0.30508481990231984
8320,0.7,0.8142564041428773,0.8326163095238092,0.8326163095238089
1725,0.52,0.5097507477182863,0.5212285714285725,0.5212285714285724
19639,0.51,0.5788656008357602,0.6315165079365077,0.6315165079365076
4080,0.57,0.537504739573913,0.5336845238095242,0.5336845238095242
8278,0.48,0.49046258541113735,0.4656216666666677,0.4656216666666677
16312,0.35,0.38509225612327636,0.37921237727550233,0.37921237727550244
10848,0.8,0.749083734740265,0.7211472619047611,0.7211472619047611
19792,0.4,0.33511217615100397,0.36868162698412704,0.36868162698412704
4328,0.51,0.6163874865535843,0.5772158333333325,0.5772158333333326
12543,0.31,0.3698996666929365,0.3736460119047617,0.3736460119047617
14653,0.54,0.5829611737125694,0.6113308333333327,0.6113308333333327
14391,0.56,0.4945581582879465,0.46550630952380945,0.46550630952380945
13625,0.27,0.35569541849811726,0.33404240620490633,0.33404240620490633
20142,0.3,0.2815849670462213,0.28701499999999935,0.28701499999999935
263,0.77,0.7664097408011992,0.738208333333333,0.738208333333333
10291,0.61,0.6590588521465089,0.6317599999999985,0.6317599999999985
19038,0.67,0.695523231109343,0.7653250000000007,0.7653250000000007
12503,0.58,0.5575938113032659,0.5501315277777775,0.5501315277777774
5559,0.43,0.40296061972104086,0.3984833333333334,0.3984833333333335
2465,0.39,0.4672737586929823,0.4704402579365077,0.4704402579365077
19565,0.49,0.49251231029743603,0.469076666666667,0.469076666666667
20507,0.36,0.4593601888725493,0.45374465909091005,0.45374465909091005
16195,0.54,0.5485390429835473,0.5585991666666659,0.5585991666666659
19133,0.36,0.41002816105871576,0.384291666666667,0.384291666666667
13199,0.11,0.13869275204053627,0.13612750000000007,0.13612750000000007
19852,0.6,0.6062201902271073,0.5977549999999995,0.5977549999999995
4014,0.46,0.40664571372438546,0.48168827380952367,0.48168827380952367
3824,0.52,0.549468763210601,0.5704442735042733,0.5704442735042733
11520,0.74,0.647834049065042,0.6770750000000028,0.6770750000000028
13082,0.67,0.6522740031543623,0.5929064285714285,0.5929064285714286
9679,0.48,0.5031737772416732,0.4970749801587302,0.4970749801587302
14937,0.64,0.6804881229763804,0.6361153571428573,0.6361153571428573
9020,0.25,0.22282818706614668,0.19156273809523822,0.19156273809523822
21454,0.29,0.3455281221716403,0.38095369047619015,0.38095369047619015
17481,0.59,0.49598204913276045,0.4883986309523818,0.4883986309523818
21477,0.46,0.5210421408394377,0.5429192496392493,0.5429192496392493
12938,0.69,0.638351423028158,0.6670402976190475,0.6670402976190474
18288,0.32,0.2587615001409769,0.24921833333333335,0.24921833333333335
13674,0.36,0.43653672196730486,0.43189321414696397,0.43189321414696397
9173,0.29,0.18489942223155642,0.2291304635642132,0.2291304635642132
19169,0.45,0.4623396339859018,0.4719791666666662,0.47197916666666623
7750,0.31,0.32996269627590324,0.31637500000000074,0.31637500000000074
17466,0.82,0.7770161864936681,0.7598943253968254,0.7598943253968254
8897,0.21,0.2593798575299749,0.257960670995671,0.25796067099567094
19572,0.97,0.8805234755707231,0.9339183333333325,0.9339183333333325
15066,0.23,0.18636380810331254,0.17969791666666637,0.17969791666666637
6662,0.66,0.546002624131975,0.6221791666666657,0.6221791666666657
17252,0.18,0.1493360930032488,0.2034524999999998,0.2034524999999998
7685,0.53,0.6214127796574471,0.5818094642857139,0.581809464285714
16530,0.62,0.6300319983678723,0.6179297619047619,0.6179297619047619
7971,0.65,0.7262602678350205,0.6823296428571425,0.6823296428571424
13933,0.76,0.7688911384010031,0.761829166666666,0.761829166666666
20322,0.1,0.11364755272678984,0.1454249999999999,0.14542499999999992
15266,0.24,0.2593798575299749,0.257960670995671,0.25796067099567094
20946,0.44,0.5077048997277759,0.5246499999999991,0.5246499999999992
5089,0.31,0.2886525083838962,0.2683366666666665,0.2683366666666665
20066,0.72,0.71087330183706,0.7271429166666671,0.7271429166666671
8914,0.82,0.6898795806164821,0.6877483333333343,0.6877483333333343
4032,0.34,0.4593601888725493,0.45374465909091005,0.45374465909091005
13215,0.4,0.4339311375962631,0.3997635317460325,0.3997635317460325
749,0.29,0.3418430281682957,0.33241583333333347,0.3324158333333335
742,0.22,0.2380207764964865,0.19354315476190503,0.193543154761905
19217,0.25,0.16257012594407227,0.20103994769119787,0.2010399476911979
3021,0.6,0.5926342994212861,0.6023844642857147,0.6023844642857146
20092,0.06,0.020611230922139456,0.0655238095238094,0.0655238095238094
17903,0.39,0.43653672196730486,0.43189321414696397,0.43189321414696397
19974,0.24,0.1766906823945959,0.2362484523809523,0.2362484523809523
21466,0.66,0.6128340559739641,0.623941666666666,0.623941666666666
18989,0.4,0.4357608832809297,0.41994940476190457,0.41994940476190457
13468,0.15,0.08278632922987456,0.10177499999999993,0.10177499999999995
14463,0.78,0.7271197982656913,0.7616450000000001,0.7616450000000001
17361,0.32,0.38472689631036583,0.36695928571428593,0.36695928571428593
18998,0.43,0.46890912781002825,0.5078992045454547,0.5078992045454547
14346,0.35,0.42183830315472526,0.4587822442834942,0.4587822442834941
12399,0.26,0.29358948570985155,0.2451916666666661,0.2451916666666661
10678,0.44,0.4282874871034022,0.4011539880952379,0.4011539880952379
16842,0.32,0.3832625104386097,0.3607551623376621,0.360755162337662
5195,0.4,0.41505345416257866,0.44472845238095254,0.44472845238095254
21439,0.23,0.3037567820363285,0.28559640512265516,0.28559640512265516
11653,0.59,0.5224033185403555,0.4793966666666661,0.4793966666666661
10764,0.31,0.32261348686961344,0.28358404761904754,0.2835840476190476
5360,0.56,0.5567342808725951,0.5711758279220783,0.5711758279220783
11181,0.29,0.3478520384740672,0.32842369047619074,0.32842369047619074
5053,0.34,0.3528773315779301,0.3214552777777785,0.3214552777777785
6653,0.48,0.4283279821303443,0.46071833333333423,0.4607183333333343
1979,0.37,0.35278616318114775,0.3409099999999995,0.3409099999999995
450,0.88,0.8343859708991723,0.9008766666666651,0.9008766666666652
21815,0.48,0.4437617446023569,0.44260773809523785,0.44260773809523785
3615,0.14,0.1409329765986675,0.13121666666666668,0.1312166666666667
17666,0.55,0.6310022136218681,0.6070166666666666,0.6070166666666666
4775,0.5,0.48160219365903945,0.46068309523809453,0.46068309523809453
5445,0.37,0.47377693961651407,0.4419752813852816,0.4419752813852816
19558,0.66,0.5646613526409409,0.6077061904761905,0.6077061904761905
6245,0.52,0.599083483369963,0.6510573484848505,0.6510573484848504
4046,0.27,0.3478520384740672,0.32842369047619074,0.32842369047619074
12264,0.51,0.558369649989641,0.6038058333333347,0.6038058333333347
8801,0.28,0.2983256340926129,0.2924399267399273,0.2924399267399273
14797,0.55,0.48050779163380586,0.5133877976190473,0.5133877976190474
5968,0.38,0.37774304671698655,0.37140899069884376,0.37140899069884376
11591,0.17,0.19420718812736265,0.24319000000000002,0.24319000000000002
10802,0.66,0.5627432911783666,0.5578666666666653,0.5578666666666653
9742,0.01,-0.06277396805110719,0.00799666666666667,0.00799666666666667
10177,0.27,0.2345141423909184,0.23895895923520924,0.23895895923520924
2615,0.71,0.7197705888594015,0.7320172619047621,0.7320172619047621
8403,0.9,0.8071888628052023,0.816286071428571,0.8162860714285709
2822,0.53,0.5064310135278522,0.533388333333334,0.5333883333333341
15733,0.89,0.8226595205474585,0.8546927976190473,0.8546927976190473
10019,0.14,0.20793539168594638,0.20198166666666634,0.20198166666666634
5640,0.4,0.4063640456557706,0.4108904761904757,0.41089047619047575
14399,0.71,0.747619348868509,0.7152654761904755,0.7152654761904755
1491,0.42,0.5347703443980214,0.5381794047619047,0.5381794047619047
19715,0.49,0.4617542949713592,0.425302500000001,0.425302500000001
20434,0.41,0.45923600210131155,0.39594101190476216,0.39594101190476216
8387,0.51,0.5471448469081741,0.5520389880952385,0.5520389880952384
11614,0.34,0.3343363374646289,0.38783873376623385,0.3878387337662339
22493,0.56,0.6211311115888323,0.5327628174603177,0.5327628174603176
9121,0.89,0.7502249332395505,0.8162292857142869,0.8162292857142869
6786,0.38,0.33867308338311075,0.349513095238095,0.34951309523809504
12016,0.69,0.7250775500318793,0.7088948611111132,0.7088948611111131
10146,0.39,0.5023142468110025,0.5003948214285711,0.5003948214285712
9755,0.6,0.6678319523976127,0.7837238095238109,0.7837238095238109
13846,0.39,0.3343363374646289,0.38783873376623385,0.3878387337662339
21927,0.27,0.25597643159524514,0.2745500000000001,0.2745500000000001
11093,0.51,0.6090382771472944,0.6052694336219334,0.6052694336219333
9830,0.35,0.4210624644683502,0.42762583333333304,0.42762583333333304
18160,0.66,0.7050721700468219,0.7009333333333336,0.7009333333333336
1852,0.56,0.6508096172826063,0.6901036525974021,0.6901036525974021
16917,0.89,0.7943201896772893,0.8194166666666669,0.8194166666666669
16340,0.57,0.5898162125010988,0.5889157738095223,0.5889157738095223
18030,0.83,0.7632177931387014,0.8307138095238096,0.8307138095238095
2094,0.22,0.2560675999920275,0.26137476190476183,0.26137476190476183
7381,0.38,0.3864324552237947,0.3583001190476189,0.3583001190476189
18491,0.71,0.6513037879003666,0.640046845238095,0.640046845238095
5538,0.66,0.5486092327799302,0.5718360074647569,0.5718360074647569
17698,0.11,0.22177428006785516,0.21734583333333304,0.21734583333333304
17401,0.69,0.629537827750112,0.6061289285714304,0.6061289285714303
21813,0.57,0.5854794665826171,0.6159732142857145,0.6159732142857144
2511,0.33,0.28065164706246915,0.24734960317460328,0.24734960317460325
1671,0.38,0.4108951681418732,0.4116788888888884,0.4116788888888884
10193,0.28,0.18964304726680448,0.16444297619047624,0.1644429761904762
15486,0.33,0.3961055809325113,0.33922428571428676,0.3392242857142868
15259,0.57,0.5332222667819697,0.5652174693362192,0.5652174693362192
7326,0.19,0.18384551523326498,0.19246250000000006,0.19246250000000006
9331,0.4,0.40685821627353086,0.3612749084249088,0.3612749084249088
12453,0.01,0.0008875190056969462,0.016750357142857122,0.016750357142857122
5778,0.48,0.4747471548705099,0.4547150595238098,0.45471505952380975
21711,0.46,0.42791750325687977,0.45830821428571383,0.45830821428571383
20804,1.0,0.8629158014411742,0.8599749999999992,0.8599749999999992
16121,1.0,0.8304192088272129,0.9077441666666668,0.9077441666666668
11743,0.47,0.4600487360579303,0.500957400793651,0.500957400793651
16671,0.66,0.5618432657207537,0.5345048015873018,0.5345048015873018
19871,0.54,0.49570038106414566,0.5318739484126985,0.5318739484126985
7323,0.57,0.6290436571323518,0.6041507738095224,0.6041507738095224
20571,0.49,0.503368153809294,0.4851375000000002,0.4851375000000002
15728,0.49,0.42029022553867357,0.3561521861471864,0.3561521861471864
15127,0.15,0.17494462845422498,0.18731940476190467,0.18731940476190467
22655,0.53,0.48664561274442697,0.5069859523809535,0.5069859523809535
5706,0.31,0.43731256065367996,0.38813333333333333,0.38813333333333333
13898,1.0,0.8477232120108342,0.8826600000000002,0.8826600000000002
18916,0.26,0.26896929149439586,0.203625833333334,0.20362583333333403
12967,0.4,0.3337179800756308,0.30274583333333344,0.30274583333333344
2352,0.28,0.3946816900876974,0.4045366666666677,0.4045366666666677
2607,0.41,0.44156201507116777,0.3981684884559884,0.3981684884559883
11592,0.55,0.5927044892176689,0.5914512301587304,0.5914512301587304
301,0.62,0.6295747230203557,0.6517869047619058,0.6517869047619058
16722,0.3,0.3320997126631961,0.3237058333333328,0.3237058333333328
477,0.5,0.5108046547165779,0.4854466666666664,0.4854466666666664
4157,0.24,0.28267936907145497,0.24889250000000032,0.24889250000000032
772,0.35,0.4399191693016352,0.38680041666666687,0.38680041666666687
4652,0.79,0.7912204346884874,0.8338500000000013,0.8338500000000013
6211,0.34,0.42714526432720307,0.4640989285714294,0.4640989285714294
7224,0.57,0.6132877315647822,0.6511689285714282,0.6511689285714283
7386,0.44,0.4884753584290936,0.46789916666666637,0.46789916666666637
11893,0.73,0.6573829880025209,0.6590549999999983,0.6590549999999983
6494,0.71,0.6977229606405322,0.6634833333333335,0.6634833333333335
10959,0.64,0.623736695959874,0.6198031331168834,0.6198031331168834
17904,0.41,0.41216517744600867,0.4169661284548788,0.41696612845487885
13815,0.4,0.38701031758585064,0.3764617460317461,0.376461746031746
21710,0.58,0.5993651514385778,0.6071855844155842,0.6071855844155842
9496,0.26,0.22263381049852596,0.22124585317460319,0.22124585317460319
2318,0.47,0.548044872365787,0.5963034523809535,0.5963034523809535
11958,0.43,0.3936241833327074,0.39950338383838413,0.39950338383838413
10394,0.32,0.333366122210633,0.32931666666666765,0.32931666666666765
4393,0.46,0.4291875125610151,0.4304311605061604,0.4304311605061604
16780,0.47,0.45086978096697394,0.34073815476190505,0.3407381547619051
5288,0.59,0.5332222667819697,0.5652174693362192,0.5652174693362192
8075,0.39,0.2823977010028401,0.27860749999999945,0.27860749999999945
17191,0.51,0.465933559592464,0.4553185112110114,0.45531851121101136
19636,0.3,0.31767936216253295,0.3132020039682538,0.3132020039682538
597,0.6,0.6098141158336696,0.6124251984126985,0.6124251984126985
11915,0.18,0.24536998590277628,0.20807952380952366,0.2080795238095236
12906,0.82,0.7321450913695542,0.775692301587302,0.775692301587302
3555,0.69,0.6034351216813756,0.6107833333333328,0.6107833333333328
19316,0.64,0.5246435430984866,0.48980142857142817,0.48980142857142817
1605,0.76,0.7471251782507486,0.7808333333333344,0.7808333333333344
21946,0.4,0.46082457474430544,0.43053517857142865,0.43053517857142865
9031,0.57,0.537504739573913,0.5336845238095242,0.5336845238095242
16028,0.26,0.26586953650559386,0.24757999999999974,0.24757999999999974
18057,0.61,0.5917747689906153,0.5813953968253961,0.5813953968253961
2317,0.47,0.4562604338837474,0.48321190476190473,0.4832119047619048
18018,0.14,0.08172882247488455,0.08225936507936504,0.08225936507936504
21189,0.22,0.3085004070715765,0.3305149512987011,0.33051495129870095
7967,0.28,0.25451204572348907,0.2632384920634916,0.26323849206349165
22361,0.34,0.37985548474718156,0.3695002380952386,0.36950023809523846
10005,0.7,0.7189947501730263,0.72363,0.72363
16046,0.17,0.24468143871739528,0.26241628066378136,0.2624162806637813
20745,0.27,0.206665382381811,0.20825928571428542,0.20825928571428542
5710,0.36,0.4040401293533437,0.37007025793650805,0.3700702579365081
22215,0.38,0.44388593137359467,0.4114824639249639,0.4114824639249639
7306,0.41,0.5193365819260088,0.49996559523809503,0.49996559523809503
18232,0.38,0.43731256065367996,0.38813333333333333,0.38813333333333333
4176,0.55,0.6462784947965037,0.675198211094461,0.675198211094461
1057,0.23,0.2800737847004132,0.23588202380952367,0.23588202380952372
21640,0.46,0.5228974891581157,0.552611024114774,0.5526110241147741
21953,0.4,0.3791669375618006,0.367507619047619,0.367507619047619
17783,0.63,0.4952062104463854,0.6155992857142845,0.6155992857142845
21448,0.17,0.21535479088861909,0.1923983333333331,0.1923983333333331
12385,0.39,0.40423062902517626,0.40633750000000063,0.4063375000000007
16424,0.65,0.6419492255305084,0.6517853571428575,0.6517853571428575
9203,0.59,0.6984987993269073,0.668477738095238,0.668477738095238
9861,0.86,0.7682430862425642,0.8268416666666681,0.826841666666668
10466,0.39,0.3547953930405043,0.3656035714285714,0.3656035714285714
9666,0.23,0.21274818224066386,0.21922309523809497,0.21922309523809497
15327,0.22,0.27407827634255444,0.2934161507936506,0.2934161507936506
16022,0.42,0.34416694447072255,0.40619583333333253,0.40619583333333253
15514,0.44,0.4557662632659871,0.46683809523809444,0.46683809523809444
6687,0.47,0.42183830315472526,0.4587822442834942,0.4587822442834941
12790,0.18,0.1984566425448504,0.20886726190476199,0.20886726190476199
10400,0.51,0.559058197175022,0.5326824999999994,0.5326824999999994
2741,0.29,0.35210149289155496,0.32136428571428466,0.32136428571428477
22375,0.3,0.3624667655423511,0.3818450000000005,0.3818450000000005
4842,0.65,0.694904873720345,0.7004089285714299,0.7004089285714298
15310,0.19,0.26701073500487954,0.26281045995671,0.26281045995671
15635,0.16,0.22487403505665715,0.20319999999999974,0.20319999999999974
1580,0.33,0.36778825293965506,0.3767529166666671,0.376752916666667
18247,0.35,0.45115144903558874,0.38660797619047654,0.38660797619047654
9859,0.62,0.6545979194567892,0.6162583333333344,0.6162583333333344
1158,0.27,0.35886536328330215,0.3492570634920638,0.3492570634920638
5901,0.2,0.15153582253443787,0.12475499999999996,0.12475499999999996
9388,0.42,0.48054828666074795,0.48823124999999984,0.48823124999999984
11768,0.53,0.6078970786480088,0.6306174999999993,0.6306174999999993
7221,0.3,0.32475050325690635,0.3295017063492065,0.32950170634920645
14184,0.26,0.29619609435780675,0.272044642857143,0.272044642857143
3686,0.46,0.4845777618766037,0.4543744642857145,0.4543744642857145
856,0.31,0.27039318233920984,0.24697250000000007,0.24697250000000007
20311,0.35,0.3206954254070392,0.3240539880952381,0.3240539880952381
5949,0.49,0.4593601888725493,0.45374465909091005,0.45374465909091005
269,0.5,0.4872053491249583,0.46338642857142814,0.46338642857142814
15521,0.29,0.3614092587873611,0.33515200396825423,0.33515200396825423
6171,0.95,0.8018819016327245,0.7337167460317455,0.7337167460317455
3491,0.54,0.5619674524919915,0.5388908333333327,0.5388908333333327
13389,0.71,0.7334151006736895,0.7635708333333338,0.7635708333333338
17418,0.33,0.3057153385258448,0.28183565476190453,0.28183565476190453
7008,0.49,0.5188424113082486,0.48285904761904724,0.48285904761904724
21159,0.67,0.6879615191539079,0.7620449999999994,0.7620449999999994
14523,0.49,0.4077042447562889,0.4383440277777769,0.4383440277777769
21200,0.32,0.32776296674471417,0.31854875000000005,0.31854875000000005
20907,0.43,0.3427025585989665,0.3562633333333329,0.3562633333333329
5765,0.57,0.5169721705966399,0.4781373809523808,0.47813738095238073
3513,0.62,0.6017295627679468,0.563,0.563
11562,0.29,0.2540583701326709,0.2710512499999996,0.2710512499999996
10108,0.0,-0.06023007254704821,0.0,0.0
701,0.49,0.5496667395349202,0.5873416666666647,0.5873416666666647
8259,0.45,0.39011754922713926,0.37656051587301564,0.37656051587301564
3527,0.6,0.5633076515925098,0.5723662500000009,0.5723662500000009
21100,0.56,0.646194803052208,0.6567016666666654,0.6567016666666654
3844,0.31,0.27126018942236735,0.31007749999999923,0.3100774999999993
13564,0.71,0.6736330841878507,0.6668204761904768,0.6668204761904767
8877,0.45,0.4008492059677594,0.4351999999999995,0.4351999999999995
2576,0.61,0.5664985749780942,0.6409691666666685,0.6409691666666685
17134,0.38,0.3809129915021715,0.4424969047619044,0.4424969047619044
18007,0.03,-0.03439414215399583,0.013009166666666634,0.013009166666666634
16096,0.69,0.6282678184459767,0.6261436309523821,0.626143630952382
9536,0.56,0.5025554198526752,0.5995033333333329,0.5995033333333329
16553,0.75,0.6384756097993958,0.6359167857142847,0.6359167857142847
20749,0.37,0.40763405495990596,0.41909236402486477,0.41909236402486477
14593,0.36,0.364468518749221,0.3373530158730151,0.3373530158730151
16762,0.27,0.38276833982084946,0.433254790764791,0.43325479076479106
12788,0.52,0.5796414395221353,0.527205238095238,0.527205238095238
12825,0.39,0.4484170538596973,0.44835130952381,0.44835130952381
4244,0.63,0.5824670030948091,0.5643263095238086,0.5643263095238086
1067,0.58,0.517748009283015,0.51131018304408,0.51131018304408
13725,0.13,0.12427600129657157,0.13499000000000022,0.13499000000000022
9767,0.72,0.7247958819632645,0.7394515476190479,0.7394515476190479
1668,0.55,0.6146819276401554,0.6482035714285713,0.6482035714285713
15092,0.66,0.5613490951029935,0.5934361309523808,0.5934361309523809
5001,0.5,0.5283913502457276,0.5253423214285707,0.5253423214285707
14946,0.14,0.1442739046291422,0.14720333333333302,0.14720333333333302
18183,0.12,0.03937961997751688,0.09201130952380947,0.09201130952380947
131,0.36,0.37591330103231996,0.33003333333333384,0.33003333333333384
1232,0.39,0.3416855468709186,0.28903988095238126,0.2890398809523812
16676,0.48,0.4696888433921916,0.49229285714285653,0.4922928571428566
2475,0.67,0.6847705957683236,0.7326038095238101,0.7326038095238101
417,0.2,0.2808496233867883,0.2713819047619051,0.2713819047619051
997,0.47,0.4291875125610151,0.4304311605061604,0.4304311605061604
146,0.68,0.6692963382693689,0.7423149999999997,0.7423149999999998
22441,0.56,0.5836497208979504,0.5895804761904757,0.5895804761904757
16718,0.24,0.1944888561959775,0.2221823412698412,0.22218234126984127
7287,0.45,0.4551809242514445,0.4416374999999991,0.4416374999999991
15612,0.33,0.35210149289155496,0.32136428571428466,0.32136428571428477
22522,0.44,0.49378231960157143,0.4188183333333337,0.4188183333333337
10496,0.6,0.6807006255255257,0.6318353210678213,0.6318353210678213
15230,0.51,0.5992076701412008,0.5665982148407148,0.5665982148407148
4103,0.08,0.05248946614710254,0.05366666666666657,0.05366666666666657
11477,0.4,0.4717346913827021,0.451204642857143,0.45120464285714307
1597,0.64,0.6538220807704141,0.6498808333333332,0.6498808333333332
14278,0.4,0.34757037040545236,0.32529529761904835,0.32529529761904835
18397,0.6,0.6603990512470272,0.6334139285714273,0.6334139285714274
21935,0.71,0.7483078960538898,0.8155475000000016,0.8155475000000016
21058,0.32,0.3034751139677136,0.34975771825396834,0.34975771825396834
18721,0.59,0.6068385476161053,0.5533269047619038,0.5533269047619038
4310,0.4,0.39669091994705397,0.43578920634920576,0.43578920634920576
14080,0.27,0.25194695637938946,0.20639404761904778,0.20639404761904778
6608,0.18,0.15742064606897155,0.13864999999999983,0.13864999999999983
3349,0.25,0.22871301060068036,0.23802857142857117,0.2380285714285712
17538,0.47,0.4653556972304081,0.4743552380952379,0.4743552380952379
15224,0.39,0.4562604338837474,0.48321190476190473,0.4832119047619048
3415,0.26,0.25373620703711397,0.28799666666666596,0.28799666666666596
7906,0.52,0.5985893127522027,0.6275600000000003,0.6275600000000003
21941,0.82,0.7493654028088799,0.7909100000000006,0.7909100000000003
2480,0.35,0.3990148362494808,0.4421680555555556,0.4421680555555556
20876,0.25,0.19420718812736265,0.24319000000000002,0.24319000000000002
1064,0.42,0.3533715021956903,0.3550326190476189,0.35503261904761885
951,0.5,0.5648557292085615,0.5389075000000003,0.5389075000000003
10628,0.53,0.5778116938374687,0.551724047619048,0.551724047619048
15857,0.3,0.36276295983579215,0.35304283730158753,0.35304283730158753
1116,0.46,0.4529406996933133,0.47918523809523783,0.47918523809523783
10781,0.24,0.2890583632237489,0.2606778571428571,0.2606778571428571
6664,0.42,0.3691238280065614,0.4371649999999995,0.4371649999999995
18542,0.41,0.49728895370713955,0.5096976984126984,0.5096976984126984
22113,0.4,0.46890912781002825,0.5078992045454547,0.5078992045454547
7265,0.66,0.7050721700468219,0.7009333333333336,0.7009333333333336
2162,0.45,0.4811261490228039,0.5056376190476191,0.5056376190476191
13917,0.43,0.30298094334995335,0.2569363095238089,0.25693630952380897
243,0.43,0.4809136464736585,0.4845224999999989,0.484522499999999
4913,0.37,0.33054803529044585,0.3339735714285718,0.3339735714285718
10569,0.29,0.34242089053035163,0.372104383116883,0.3721043831168831
3957,0.52,0.5193365819260088,0.49996559523809503,0.49996559523809503
19545,0.21,0.2164959893879047,0.21676055555555565,0.21676055555555565
19970,0.75,0.7562349678222356,0.7521166666666669,0.7521166666666668
13808,0.45,0.45192368796526544,0.4444350000000001,0.444435
261,0.67,0.6344056395565979,0.5825470634920644,0.5825470634920644
2861,0.16,0.16334596463044732,0.16961000000000012,0.16961000000000012
17230,0.53,0.5173780254364926,0.4698669047619036,0.4698669047619035
5890,0.41,0.3725935668418859,0.3526185714285719,0.3526185714285719
2872,0.57,0.5199882338411462,0.5530297619047605,0.5530297619047605
13359,0.59,0.5775991912883233,0.5563156547619044,0.5563156547619044
5327,0.14,0.1403983109539651,0.1580009523809519,0.1580009523809519
20808,0.28,0.2111053364711313,0.22848,0.22848
18590,0.6,0.5854425713123733,0.6223746031746036,0.6223746031746036
20591,0.35,0.43694720084076943,0.3908683333333339,0.3908683333333339
422,0.17,0.2593798575299749,0.257960670995671,0.25796067099567094
9629,0.28,0.32242298719778095,0.29936518231768233,0.2993651823176823
6946,0.44,0.4525051500840198,0.41210089285714213,0.412100892857142
15871,0.25,0.1918427767979936,0.20478880952380943,0.2047888095238094
3161,0.09,0.07097618713386505,0.07706666666666682,0.07706666666666682
11807,0.39,0.44156201507116777,0.3981684884559884,0.3981684884559883
7378,0.27,0.2111053364711313,0.22848,0.22848
18948,0.22,0.2830493529179774,0.2690958333333331,0.2690958333333331
22211,0.45,0.4754824985299429,0.43266563492063526,0.43266563492063526
2541,0.28,0.3447522834852652,0.30569394688644624,0.30569394688644624
5087,0.54,0.5211294323404319,0.5318058333333332,0.5318058333333332
18244,0.28,0.27851823043187474,0.21282250000000041,0.21282250000000044
8241,0.31,0.35541375042950235,0.35510458874458856,0.35510458874458856
12884,0.61,0.5562401102548349,0.5062372763347763,0.5062372763347763
18885,0.69,0.6825708662371344,0.6754524999999988,0.6754524999999988
6481,0.37,0.48140781709141867,0.44757095238095174,0.44757095238095174
12568,0.14,0.07466128113720966,0.06153571428571427,0.06153571428571427
10042,0.28,0.3082879045224311,0.2595511904761907,0.2595511904761907
16657,0.61,0.5780933619060835,0.5918654761904761,0.5918654761904761
10032,0.36,0.36748458199372735,0.3699380357142854,0.3699380357142854
12424,0.5,0.509169285599532,0.4804899999999989,0.48048999999999886
2766,0.73,0.7245547089215917,0.7835491666666666,0.7835491666666669
12199,0.64,0.647834049065042,0.6770750000000028,0.6770750000000028
10104,0.62,0.5405714761882595,0.5885973809523799,0.5885973809523799
15046,0.97,0.8996618484726231,0.8869999999999985,0.8869999999999985
142,0.75,0.6999631851986634,0.6379044047619058,0.6379044047619058
4068,0.61,0.5692329701539857,0.6061708333333337,0.6061708333333337
18703,0.62,0.6609769136090832,0.6651799999999999,0.6651799999999998
18528,0.24,0.29563173394366354,0.3335270115995118,0.3335270115995118
4041,0.7,0.7396184875470818,0.7835708333333333,0.7835708333333333
10457,0.31,0.4556750948692047,0.4116888095238098,0.4116888095238099
7259,0.11,0.151623114035432,0.15687333333333311,0.15687333333333311
9936,0.26,0.30927624575795165,0.2985370238095243,0.2985370238095243
6373,0.52,0.4828317079362327,0.40358333333333385,0.40358333333333385
10835,0.54,0.6062201902271073,0.5977549999999995,0.5977549999999995
9433,0.42,0.48643311019528157,0.5039670634920633,0.5039670634920632
7764,0.31,0.3485405856594481,0.329701349206349,0.32970134920634897
18978,0.65,0.6462784947965037,0.675198211094461,0.675198211094461
15731,0.41,0.4612782503351236,0.5188858134920642,0.5188858134920642
10545,0.5,0.5497504312792159,0.5764262301587304,0.5764262301587304
5268,0.3,0.299101472778988,0.2964226190476192,0.2964226190476192
7466,0.55,0.51068046794534,0.4594133008658009,0.45941330086580096
806,0.26,0.2278534801700096,0.2183026190476194,0.21830261904761936
20860,0.54,0.5685444229686046,0.5757666666666672,0.5757666666666672
12387,0.71,0.7643600159149004,0.7338184523809516,0.7338184523809516
19783,0.4,0.36757575039050966,0.32897750000000053,0.32897750000000053
18245,0.41,0.42097877272405454,0.4417905952380955,0.4417905952380955
22669,0.59,0.6050088019314388,0.5667910714285712,0.5667910714285711
19271,0.16,0.17494462845422498,0.18731940476190467,0.18731940476190467
21974,0.67,0.6752216568308447,0.6783466666666665,0.6783466666666667
7184,0.75,0.7556571054601797,0.7924041666666676,0.7924041666666676
15511,0.47,0.49570038106414566,0.5318739484126985,0.5318739484126985
19930,0.1,0.07466128113720966,0.06153571428571427,0.06153571428571427
2575,0.92,0.8739501048508085,0.9151499999999985,0.9151499999999985
6097,0.61,0.6059385221584925,0.5839761904761912,0.5839761904761912
18023,0.66,0.6362353852412646,0.6322489682539685,0.6322489682539685
5957,0.37,0.3711696759970719,0.3377425685425687,0.3377425685425687
3450,0.56,0.6307205455532533,0.5936558333333316,0.5936558333333316
3678,0.47,0.4458039928361689,0.42751142857142893,0.42751142857142893
5730,0.25,0.2735841057247942,0.24027388708513686,0.24027388708513686
3747,0.8,0.860716071909985,0.9489249999999981,0.9489249999999981
7522,0.61,0.6562407652263218,0.7223667857142857,0.7223667857142857
8362,0.0,-0.07232290698858607,0.0003666666666666666,0.0003666666666666666
12980,0.51,0.546002624131975,0.6221791666666657,0.6221791666666657
22261,0.3,0.2625498023151598,0.25831214285714327,0.25831214285714327
22564,0.56,0.5274211349917317,0.5484383207070709,0.548438320707071
17856,0.27,0.27175436004012754,0.2233961904761907,0.2233961904761907
8930,0.42,0.37231189877327103,0.35322083333333354,0.35322083333333354
18564,0.66,0.5780060704050893,0.6269856746031729,0.6269856746031729
10458,0.29,0.2940836563276118,0.3062017857142857,0.3062017857142857
14425,0.77,0.8078072201942004,0.8395076190476192,0.839507619047619
17587,0.57,0.48181469620818485,0.4555662499999989,0.4555662499999989
5273,0.73,0.6962990697957182,0.6872699999999992,0.6872699999999992
22570,0.5,0.509169285599532,0.4804899999999989,0.48048999999999886
9774,0.42,0.34757037040545236,0.32529529761904835,0.32529529761904835
17598,0.43,0.4226141418411004,0.41278440476190426,0.41278440476190426
5708,0.57,0.6361111984700267,0.6086015530303035,0.6086015530303035
15068,0.41,0.4020308994939871,0.39150763888888895,0.39150763888888895
7579,0.59,0.6137819021825426,0.5989310939060938,0.5989310939060938
17319,0.16,0.1660398647793967,0.1545849999999998,0.1545849999999998
13067,0.74,0.719405229046491,0.7679341666666669,0.7679341666666669
14519,0.69,0.690849795870478,0.7237666666666663,0.7237666666666666
15620,0.24,0.324944879824527,0.30659523809523853,0.3065952380952385
1239,0.69,0.59511569702109,0.6242183333333334,0.6242183333333334
19077,0.76,0.6953990443381053,0.6747263095238085,0.6747263095238085
1808,0.71,0.6748994937352877,0.7059916666666649,0.705991666666665
22574,0.3,0.3216432716156177,0.30054583333333396,0.30054583333333396
18454,0.6,0.5689513020853708,0.5392338095238104,0.5392338095238104
4822,0.42,0.4952467054733275,0.48952678571428493,0.48952678571428493
2505,0.41,0.43731256065367996,0.38813333333333333,0.38813333333333333
17374,0.45,0.512269040588334,0.5019083333333342,0.5019083333333342
15603,0.45,0.3997906749358559,0.3901998809523809,0.3901998809523809
785,0.3,0.3995090068672411,0.33556380952380954,0.33556380952380954
8322,0.3,0.4020308994939871,0.39150763888888895,0.39150763888888895
2080,0.0,-0.03411247408538104,0.029559999999999934,0.029559999999999934
13299,0.5,0.5402014923417371,0.5084466666666666,0.5084466666666666
19547,0.6,0.5966712512896284,0.5833927380952377,0.5833927380952377
8318,0.8,0.7410459781485942,0.766636666666667,0.766636666666667
404,0.44,0.4498814397314534,0.4453933333333324,0.4453933333333324
17614,0.16,0.1257403871683277,0.15303750000000005,0.15303750000000002
15847,0.61,0.5998593220563381,0.5912747619047618,0.5912747619047619
2263,0.47,0.48209636427679975,0.475803727938728,0.475803727938728
8519,0.82,0.6880498349318155,0.7247140674603177,0.7247140674603176
3045,0.32,0.3510401092407768,0.32886500000000024,0.3288650000000002
4590,0.42,0.4349886443512531,0.42914710317460314,0.42914710317460303
4122,0.42,0.43828277590767584,0.43887494047618936,0.43887494047618936
7558,0.55,0.630804237297549,0.6311590079365085,0.6311590079365085
19122,0.56,0.558369649989641,0.6038058333333347,0.6038058333333347
13390,0.47,0.520847764271817,0.4938336904761906,0.4938336904761906
7853,0.36,0.4222082870012478,0.4399950000000013,0.4399950000000013
19113,0.49,0.4468614995911589,0.4521346428571421,0.45213464285714217
11954,0.46,0.40125506080761203,0.34592726190476214,0.3459272619047621
16858,0.4,0.41468347031605624,0.4591458333333336,0.4591458333333336
1875,0.4,0.43703089258506517,0.3912503968253967,0.3912503968253967
15488,0.54,0.5994893382098155,0.6105012193362208,0.6105012193362208
12940,0.71,0.6431787398077016,0.6178941666666674,0.6178941666666674
22263,0.93,0.7900090463928187,0.7418649999999991,0.741864999999999
15867,0.82,0.7771403732649058,0.7893272619047618,0.7893272619047619
19751,0.56,0.6105026630190505,0.527154604978355,0.527154604978355
7655,0.7,0.7377887418624152,0.8422041666666645,0.8422041666666644
6237,0.64,0.5630249592469815,0.5888716666666655,0.5888716666666653
5130,0.65,0.5003556903214861,0.44536787698412694,0.44536787698412694
19134,0.16,0.26186125512977887,0.271323888888889,0.271323888888889
3626,0.63,0.5854425713123733,0.6223746031746036,0.6223746031746036
1589,0.58,0.5479206855945493,0.5373320634920631,0.5373320634920631
16686,0.4,0.41595347962019164,0.3444352976190478,0.3444352976190477
10641,0.0,0.008236728411986693,0.0421425,0.0421425
22321,0.22,0.22282818706614668,0.19156273809523822,0.19156273809523822
19343,0.0,-0.06023007254704821,0.0,0.0
4261,0.54,0.5685408232119062,0.5405666666666662,0.5405666666666662
16904,0.47,0.4806319784050436,0.4470326984126997,0.44703269841269966
19000,0.71,0.7232846996174565,0.7236958333333335,0.7236958333333335
10999,0.31,0.40713988434214576,0.4114185119047616,0.4114185119047617
534,0.65,0.5509331490823571,0.5457253571428565,0.5457253571428565
18356,0.68,0.6514279746716043,0.667554999999999,0.667554999999999
9238,0.61,0.6543162513881744,0.6733092857142848,0.6733092857142848
16151,0.56,0.5039496159280483,0.5174636507936499,0.5174636507936499
4624,0.51,0.4836075466226078,0.404894880952381,0.404894880952381
6555,0.47,0.43731256065367996,0.38813333333333333,0.38813333333333333
2380,0.25,0.23168857881824456,0.23475613095238101,0.234756130952381
18437,0.86,0.8227000155744006,0.8664600000000006,0.8664600000000006
15968,0.4,0.3353533491926767,0.30915041666666665,0.3091504166666666
1424,0.46,0.548044872365787,0.5963034523809535,0.5963034523809535
21402,0.28,0.23373830370454327,0.22791428571428585,0.22791428571428585
5683,0.22,0.22050427076371978,0.2058360714285717,0.2058360714285717
12805,0.17,0.29690174324779894,0.3157800000000004,0.3157800000000004
17280,0.34,0.41505345416257866,0.44472845238095254,0.44472845238095254
21391,1.0,0.8555665920348843,0.8575499999999995,0.8575499999999995
10273,0.63,0.7160227817121606,0.7194041666666665,0.7194041666666665
7286,0.49,0.4048159680397188,0.3696741756854257,0.36967417568542565
3142,0.59,0.5485390429835473,0.5585991666666659,0.5585991666666659
267,0.41,0.36226878921803185,0.38473545815295807,0.38473545815295807
8367,0.45,0.5041439924956691,0.4828746212121207,0.48287462121212066
21597,0.16,0.11140732816865861,0.10692904761904731,0.10692904761904731
19333,0.64,0.5471448469081741,0.5520389880952385,0.5520389880952384
21373,0.85,0.7731736111929464,0.775607500000001,0.775607500000001
20596,0.46,0.4057456882667726,0.3663936309523803,0.3663936309523803
13049,0.07,0.046447161315191776,0.05832916666666667,0.05832916666666667
19265,0.78,0.7551629348424194,0.8065166666666673,0.8065166666666673
13334,0.63,0.5927044892176689,0.5914512301587304,0.5914512301587304
6443,0.24,0.16024620964164538,0.1398762500000002,0.1398762500000002
21034,0.49,0.5269674594009135,0.5133318452380953,0.5133318452380954
1575,0.49,0.40652152695314764,0.39410017857142887,0.39410017857142887
1914,0.57,0.5640834902788849,0.5618568398268411,0.5618568398268411
21644,0.81,0.8211114429314068,0.8319875000000008,0.8319875000000008
22703,0.36,0.42453220330367464,0.3865833333333332,0.3865833333333332
5236,0.57,0.5567342808725951,0.5711758279220783,0.5711758279220783
12781,0.61,0.599083483369963,0.6510573484848505,0.6510573484848504
2997,0.26,0.31963791865204927,0.31192857142857183,0.31192857142857183
1075,0.37,0.42481387137228954,0.4068884523809531,0.4068884523809531
15809,0.81,0.7869709802709995,0.8283900000000017,0.8283900000000015
16461,0.61,0.6692963382693689,0.7423149999999997,0.7423149999999998
4332,0.27,0.25117111769301426,0.24575595238095255,0.24575595238095257
12141,0.32,0.3189493714666683,0.2690900000000003,0.2690900000000002
1007,0.52,0.5246030480715446,0.5634373376623367,0.5634373376623367
1754,0.39,0.3696179986243217,0.40316154761904777,0.4031615476190478
10423,0.02,0.025175371782697575,0.028999999999999974,0.028999999999999974
11335,0.61,0.5127227161791521,0.5846310714285717,0.5846310714285717
20318,0.45,0.3990148362494808,0.4421680555555556,0.4421680555555556
4937,0.53,0.5182421799007753,0.5302413690476194,0.5302413690476194
16806,0.94,0.8915368003799581,0.9917999999999999,0.9917999999999999
7375,0.18,0.20483563669714439,0.19565904761904748,0.19565904761904748
3386,0.84,0.8025704488181056,0.7780970238095237,0.7780970238095237
21253,0.4,0.4883511716578559,0.5449813528138528,0.5449813528138528
5140,0.72,0.6028717855441459,0.6272019047619053,0.6272019047619052
9177,0.33,0.43694720084076943,0.3908683333333339,0.3908683333333339
13019,0.24,0.22009739164695366,0.20664880952380943,0.20664880952380943
6241,0.41,0.45018123378159297,0.3318091666666674,0.3318091666666674
502,0.28,0.3492759293188812,0.3661203571428573,0.3661203571428573
21949,0.43,0.43669420326468195,0.43438583333333314,0.43438583333333314
598,0.34,0.4299633512473902,0.4632426785714287,0.4632426785714287
11361,0.5,0.43142773711914634,0.4394299206349207,0.4394299206349207
9210,0.54,0.6491040583691775,0.6405695238095247,0.6405695238095247
5479,0.57,0.5773175232197084,0.5972443477355975,0.5972443477355975
15555,0.28,0.19873831061346525,0.19928160714285717,0.19928160714285717
18088,0.34,0.4206971046554397,0.39782166666666696,0.39782166666666696
18589,0.24,0.25280648681006024,0.25312166666666674,0.25312166666666674
10696,0.59,0.5787819090914645,0.63131626984127,0.63131626984127
2023,0.27,0.27330243765617934,0.2608935714285714,0.2608935714285714
17110,0.29,0.2813032989776064,0.23321214285714306,0.23321214285714306
2412,0.72,0.630844732324491,0.6021191666666674,0.6021191666666674
6656,0.63,0.6674665925847022,0.6705649999999995,0.6705649999999995
22712,0.48,0.4902214123694646,0.4869844047619049,0.4869844047619049
13759,0.32,0.4008492059677594,0.4351999999999995,0.4351999999999995
11043,0.28,0.3478520384740672,0.32842369047619074,0.32842369047619074
9718,0.75,0.7293600228238225,0.730269761904761,0.730269761904761
14884,0.47,0.4600487360579303,0.500957400793651,0.500957400793651
3424,0.51,0.513004384247767,0.43351756493506505,0.43351756493506516
3589,0.23,0.2111053364711313,0.22848,0.22848
4419,0.1,0.027960440328429204,0.06356666666666654,0.06356666666666654
7568,0.5,0.4958245678353834,0.4711209523809523,0.4711209523809523
16338,0.2,0.2800737847004132,0.23588202380952367,0.23588202380952372
18784,0.51,0.47957807140675207,0.4243663492063494,0.4243663492063494
17959,0.18,0.16476985547526135,0.1571962500000001,0.1571962500000001
18552,0.18,0.28134379400454856,0.24666940476190471,0.24666940476190471
7129,0.65,0.5927917807186631,0.5443300000000011,0.5443300000000011
781,0.33,0.3116001620603785,0.27351892857142834,0.27351892857142834
21747,0.54,0.5869069571841294,0.6198108333333349,0.6198108333333349
21078,0.53,0.5791472689043751,0.5532986201298702,0.5532986201298702
12119,0.55,0.6225954974605884,0.618358869047619,0.618358869047619
5688,0.28,0.28220332443521934,0.2645758928571427,0.26457589285714267
20276,0.57,0.49443037176001026,0.5017275000000003,0.5017275000000003
7373,0.54,0.5568179726168908,0.5225321230158732,0.5225321230158732
15715,0.51,0.49647621975052075,0.5351761904761896,0.5351761904761896
18001,0.56,0.6310859053661638,0.6339280357142862,0.6339280357142862
12824,0.54,0.6211311115888323,0.5327628174603177,0.5327628174603176
18089,0.57,0.5438656077446822,0.5552621428571437,0.5552621428571437
16505,0.36,0.36022654098421986,0.3613890079365082,0.3613890079365082
6540,0.6,0.6866259440870015,0.7040672023809529,0.7040672023809529
16783,0.49,0.5291671889321026,0.5339482539682533,0.5339482539682533
4411,0.49,0.4806319784050436,0.4470326984126997,0.44703269841269966
17064,0.46,0.34707619978769205,0.33228829365079277,0.33228829365079277
10735,0.44,0.49570038106414566,0.5318739484126985,0.5318739484126985
4540,0.45,0.3853739241918912,0.4635299999999992,0.4635299999999992
4748,0.54,0.511580493402953,0.5493883333333334,0.5493883333333334
12396,0.28,0.24565165397139116,0.2434741666666665,0.2434741666666665
13589,0.69,0.7015187394672018,0.737841666666668,0.737841666666668
22384,0.69,0.7175708593282124,0.7740583333333337,0.7740583333333337
3661,0.8,0.6508096172826063,0.6901036525974021,0.6901036525974021
13954,0.61,0.6437420759449314,0.6429107738095241,0.6429107738095241
5460,0.21,0.2520306481236851,0.2555267857142856,0.25552678571428555
472,0.43,0.35259566350931526,0.39437978479853475,0.39437978479853475
16526,0.0,-0.06525536565091111,0.0,0.0
8256,0.8,0.7182225112433498,0.6911420598845598,0.6911420598845598
11464,0.42,0.38248667175223466,0.3925064448051947,0.3925064448051947
11940,0.66,0.603647624230521,0.5366668452380949,0.536666845238095
22609,0.45,0.5029612746925278,0.46042428571428545,0.46042428571428545
7394,0.53,0.5486929245242259,0.5445017857142852,0.5445017857142851
9546,0.56,0.6045146313136784,0.5119992857142859,0.5119992857142859
18302,0.41,0.34242089053035163,0.372104383116883,0.3721043831168831
12775,0.82,0.7859539685429517,0.7722874999999999,0.7722874999999999
6335,0.12,0.1256998921413855,0.15282833333333337,0.15282833333333337
1519,0.62,0.6169221521982866,0.6381157142857139,0.6381157142857139
227,0.8,0.6756753324216628,0.6417694642857137,0.6417694642857137
13878,0.5,0.4893213869118517,0.5189623809523808,0.5189623809523808
2046,0.49,0.43942499868387497,0.42455999999999966,0.42455999999999966
1288,0.32,0.3694938118530839,0.3796699999999999,0.3796699999999999
21510,0.63,0.6594288359930315,0.6258500000000017,0.6258500000000017
1629,0.34,0.37774304671698655,0.37140899069884376,0.37140899069884376
11100,0.46,0.3397269903814023,0.3300410119047617,0.33004101190476187
6915,0.21,0.21520090934794048,0.15356250000000016,0.15356250000000016
20337,0.46,0.5153357772026805,0.4701874999999991,0.4701874999999991
7191,0.35,0.4295979914344797,0.3580058333333339,0.358005833333334
15010,0.5,0.5319522574778344,0.5816207738095236,0.5816207738095236
4140,0.18,0.21981572357833878,0.23104482142857097,0.23104482142857097
12394,0.43,0.43703089258506517,0.3912503968253967,0.3912503968253967
22537,0.4,0.4108951681418732,0.4116788888888884,0.4116788888888884
21070,0.71,0.6229608572734989,0.5992720238095223,0.5992720238095223
5158,0.81,0.7238661617362107,0.7595141666666673,0.7595141666666673
10374,0.11,0.16257012594407227,0.20103994769119787,0.2010399476911979
18912,0.14,0.07571981216911311,0.04459166666666654,0.04459166666666655
9111,0.63,0.5408531442568744,0.5462582142857143,0.5462582142857143
2694,0.46,0.4382422808807337,0.4617033333333333,0.4617033333333333
8127,0.22,0.1805257810428309,0.1870833333333332,0.1870833333333332
3403,0.28,0.3114759752891407,0.2926049999999996,0.2926049999999996
10313,0.54,0.5228063207613334,0.5180700000000005,0.5180700000000005
13873,0.4,0.5324869231225366,0.5547198809523798,0.5547198809523798
3421,0.26,0.23606222000697014,0.21233672619047606,0.2123367261904761
10736,0.45,0.44156201507116777,0.3981684884559884,0.3981684884559883
13904,0.69,0.694904873720345,0.7004089285714299,0.7004089285714298
7369,0.46,0.5497504312792159,0.5764262301587304,0.5764262301587304
14028,0.15,0.20686335870613015,0.18996392857142846,0.18996392857142846
16807,0.62,0.5976595925251489,0.6165645238095245,0.6165645238095245
4834,0.56,0.4975706217757544,0.48249391774891853,0.48249391774891853
19243,0.57,0.6528518655164183,0.6297736544011535,0.6297736544011535
11175,0.45,0.4983059654351874,0.4247814285714291,0.4247814285714291
14396,0.38,0.30493949983946966,0.33904809523809526,0.33904809523809526
19311,0.53,0.5169721705966399,0.4781373809523808,0.47813738095238073
2763,0.53,0.5030495904704354,0.5203645833333345,0.5203645833333345
20353,0.65,0.6939751534932913,0.7159996428571428,0.7159996428571428
14566,0.03,0.07735518128615904,0.07480999999999993,0.07480999999999995
22738,0.29,0.2998811883611514,0.28619666666666627,0.28619666666666627
14479,0.16,0.24483892001477237,0.2353976190476194,0.2353976190476194
3246,0.5,0.41321908444430017,0.4502696626984132,0.4502696626984132
4550,0.21,0.2750484915965503,0.22653666666666672,0.22653666666666672
21839,0.45,0.559058197175022,0.5326824999999994,0.5326824999999994
10405,0.11,0.12688158566761326,0.16336666666666702,0.16336666666666702
8002,0.54,0.5110171572657233,0.5356492460317461,0.5356492460317461
21464,0.0,-0.05570642671343223,0.0,0.0
3992,0.24,0.2729657483357961,0.2525474999999999,0.2525474999999999
19043,0.54,0.47511713871703243,0.4940717857142858,0.4940717857142859
12506,0.64,0.7103791312192997,0.7148328571428577,0.7148328571428577
17100,0.79,0.7446437806509447,0.7679433333333335,0.7679433333333335
13635,0.57,0.5339981054683448,0.5489592857142849,0.5489592857142849
15107,0.62,0.5319522574778344,0.5816207738095236,0.5816207738095236
2854,0.41,0.48712165738066265,0.4927550847763342,0.49275508477633406
111,0.79,0.6941290350339698,0.6960500000000012,0.6960500000000011
22535,0.46,0.44608566090478374,0.4773068650793649,0.4773068650793649
2888,0.21,0.18489942223155642,0.2291304635642132,0.2291304635642132
10513,0.25,0.20257340926170028,0.2288691666666664,0.2288691666666664
7009,0.49,0.479859739475367,0.4970936904761908,0.4970936904761908
16730,0.24,0.1995141492998404,0.21672976190476187,0.21672976190476187
8574,0.41,0.44457447855897564,0.47074666666666665,0.47074666666666665
14489,0.75,0.7344690076719811,0.7069375000000012,0.7069375000000012
17777,0.56,0.5596435361895646,0.6138634523809536,0.6138634523809536
20010,0.41,0.34744618363421453,0.38914702380952365,0.38914702380952365
17550,0.33,0.30335092719647583,0.2846195833333335,0.2846195833333335
10692,0.36,0.42211997122334016,0.44575014665889673,0.44575014665889673
20259,0.7,0.639705124076589,0.5633397619047628,0.5633397619047628
18017,0.63,0.6313675734347787,0.5962564285714297,0.5962564285714297
12912,0.54,0.5421195538043113,0.5626224837662341,0.5626224837662341
5823,0.34,0.43625505389869,0.48857702380952284,0.48857702380952284
2503,0.55,0.5938861827438967,0.607073333333333,0.607073333333333
6039,0.31,0.32539855541534524,0.3619686904761905,0.3619686904761905
15974,0.81,0.7849837532889559,0.7524766666666668,0.7524766666666668
14192,0.12,0.06780624234868016,0.08085833333333337,0.08085833333333337
9556,0.58,0.5350520124666364,0.550836863275613,0.550836863275613
18865,0.56,0.5448539489802027,0.5346270238095243,0.5346270238095243
6365,0.95,0.8284606523376965,0.8452833333333354,0.8452833333333354
10604,0.52,0.562337436338514,0.5350309126984127,0.5350309126984127
17166,0.62,0.5302466985644054,0.5491033333333337,0.5491033333333337
15785,0.42,0.4210624644683502,0.42762583333333304,0.42762583333333304
82,0.05,2.7988575026116624e-05,0.04664583333333331,0.04664583333333331
15959,0.69,0.6387167828410685,0.6131758333333335,0.6131758333333335
14170,0.46,0.41420742567982066,0.4531606547619041,0.4531606547619041
4373,0.79,0.7909387666198726,0.8235250000000005,0.8235250000000004
4088,0.45,0.4443801019913549,0.3994814880952382,0.3994814880952383
15557,0.42,0.3571598043698733,0.3487552380952379,0.3487552380952379
11350,0.62,0.6655080360951859,0.6272625000000002,0.6272625000000002
3953,0.25,0.26970463515382886,0.2627525000000002,0.2627525000000002
6967,0.61,0.5173780254364926,0.4698669047619036,0.4698669047619035
369,0.87,0.8973379321701961,0.8841499999999987,0.8841499999999988
17654,0.71,0.75615127607794,0.7563228571428566,0.7563228571428566
797,0.79,0.7132377131664289,0.7551004166666666,0.7551004166666668
18031,0.39,0.3995090068672411,0.33556380952380954,0.33556380952380954
18121,0.48,0.5404831604103518,0.5151833333333323,0.5151833333333323
19754,0.34,0.45201097946625957,0.42484607683982695,0.42484607683982695
1585,0.34,0.29612590456142385,0.29358923215673205,0.29358923215673205
14442,0.26,0.2817091538174591,0.2581246428571429,0.2581246428571429
13963,0.28,0.2933078176412367,0.3040603571428572,0.3040603571428572
7887,0.77,0.8157207900146334,0.7902277777777776,0.7902277777777776
8087,0.43,0.4409766760566252,0.41823077380952384,0.4182307738095239
7,0.33,0.33364779027924785,0.35699875901875894,0.356998759018759
6214,0.15,0.20375612706484156,0.19405833333333336,0.19405833333333336
16970,0.62,0.5783714302179999,0.6056324999999996,0.6056324999999996
1049,0.6,0.5871850254960458,0.6133373809523814,0.6133373809523814
386,0.22,0.24186335179720816,0.22801799603174608,0.22801799603174608
12826,0.42,0.48255003986761785,0.46732392857142924,0.46732392857142924
16654,0.53,0.5927044892176689,0.5914512301587304,0.5914512301587304
9227,0.83,0.8095127791076292,0.8203000000000007,0.8203000000000007
8444,0.48,0.47250693031237867,0.4645558333333328,0.4645558333333328
2969,0.57,0.6824466794658967,0.6496824999999994,0.6496824999999994
12268,0.81,0.7858297817717139,0.8079777777777771,0.8079777777777774
1028,0.32,0.33740307407897535,0.30508481990231984,0.30508481990231984
13647,0.05,0.07940490617245766,0.1330467261904759,0.1330467261904759
4273,0.42,0.36729408232189475,0.3739372408147408,0.3739372408147408
19525,0.81,0.7491674264845607,0.8182797619047623,0.8182797619047623
22372,0.42,0.473001100930139,0.4713051692751701,0.47130516927517
10771,0.42,0.4883511716578559,0.5449813528138528,0.5449813528138528
20020,0.66,0.6989748439631428,0.7318349999999996,0.7318349999999997
13126,0.52,0.6168816571713445,0.5978170833333326,0.5978170833333326
970,0.62,0.5877664876148002,0.5789916666666671,0.5789916666666671
9094,0.54,0.5985893127522027,0.6275600000000003,0.6275600000000003
6712,0.14,0.13444329762304846,0.12921964285714302,0.129219642857143
12175,0.39,0.3961055809325113,0.33922428571428676,0.3392242857142868
11904,0.44,0.47242323856808305,0.5032022619047608,0.5032022619047608
3614,0.4,0.31817353278029314,0.32813583333333346,0.32813583333333346
4167,0.33,0.3754191304145597,0.40028162698412717,0.40028162698412717
7207,0.57,0.544945117376985,0.5817335119047611,0.5817335119047611
8384,0.25,0.3014328657339016,0.30119394841269864,0.3011939484126986
9408,0.39,0.3103301527562431,0.3492575460650463,0.3492575460650463
21574,0.4,0.3778132365133695,0.34608666666666765,0.34608666666666765
5858,0.43,0.4605024116487485,0.4387617803030303,0.4387617803030303
19923,0.23,0.17776271537441207,0.195941666666667,0.195941666666667
7659,0.24,0.22177428006785516,0.21734583333333304,0.21734583333333304
1524,0.3,0.3120943326781388,0.30482083333333404,0.30482083333333404
21218,0.1,0.06923013319349408,0.05061031746031742,0.05061031746031743
811,0.54,0.5801356101398956,0.619748630952381,0.619748630952381
22030,0.7,0.6505279492139915,0.5804749999999977,0.5804749999999977
17581,0.53,0.576665871304571,0.5659097619047606,0.5659097619047606
17899,0.8,0.858351660580616,0.9054207142857126,0.9054207142857126
12194,0.7,0.73701290317604,0.7243250000000003,0.7243250000000004
17077,0.46,0.4539695359557759,0.44271583333333475,0.44271583333333475
22270,0.7,0.7207408041133974,0.729019999999999,0.7290199999999991
12554,0.15,0.11246585920056207,0.09908749999999983,0.09908749999999983
13395,0.51,0.4790839007889918,0.5380622420634922,0.5380622420634921
22209,0.34,0.4575304431878827,0.4198458333333328,0.4198458333333328
348,0.77,0.747619348868509,0.7152654761904755,0.7152654761904755
9158,0.74,0.8070313815078253,0.7748498809523809,0.7748498809523809
7159,0.59,0.6830245418279526,0.6584026785714285,0.6584026785714285
12872,0.64,0.547426514976789,0.5739259523809522,0.5739259523809522
12209,0.25,0.3013455742329075,0.2852149999999998,0.2852149999999998
2326,0.15,0.15153582253443787,0.12475499999999996,0.12475499999999996
15700,0.79,0.7623177676810884,0.7686028571428579,0.7686028571428579
6108,0.39,0.41489957262190014,0.3841833333333342,0.3841833333333342
4661,0.43,0.319879091693722,0.30639837301587325,0.30639837301587325
249,0.38,0.4590785208039345,0.49283351190476166,0.49283351190476166
13137,0.27,0.24921256120349797,0.22981083333333355,0.22981083333333352
7194,0.55,0.5846667326259982,0.6080745634920635,0.6080745634920635
2259,0.78,0.7850539430853387,0.7895666666666663,0.7895666666666663
19239,0.48,0.4043217974219586,0.42094951298701416,0.42094951298701416
14025,0.47,0.4828722029631748,0.48246535714285715,0.48246535714285715
22479,0.49,0.4770380527984813,0.4894291666666659,0.48942916666666597
4996,0.4,0.3483462090918274,0.3380120830558331,0.33801208305583313
11285,0.51,0.4505881128983591,0.4266586904761913,0.4266586904761913
18752,0.6,0.6006351607427132,0.5804591666666663,0.5804591666666663
3948,0.34,0.45164561965334904,0.3801716666666673,0.3801716666666673
16688,0.59,0.6441489550616974,0.6299041666666672,0.6299041666666672
13876,0.53,0.5127227161791521,0.5846310714285717,0.5846310714285717
744,0.46,0.47576416659855775,0.4175825000000012,0.4175825000000012
20995,0.49,0.4347069762826382,0.3989050000000002,0.3989050000000002
19412,0.29,0.3543417174496862,0.3381270833333339,0.33812708333333386
20525,0.48,0.5553940817720768,0.5322344011544011,0.5322344011544011
21152,0.45,0.45265903162469845,0.4536758495670995,0.4536758495670995
20782,0.63,0.6880498349318155,0.7247140674603177,0.7247140674603176
18184,0.69,0.690849795870478,0.7237666666666663,0.7237666666666666
6467,0.62,0.6090382771472944,0.6052694336219334,0.6052694336219333
565,0.4,0.37026965053945904,0.35710333333333366,0.3571033333333336
4410,0.45,0.4602899090996031,0.4348156493506493,0.4348156493506493
18917,0.36,0.4347069762826382,0.3989050000000002,0.3989050000000002
2971,0.58,0.5129206925034713,0.5525808333333319,0.5525808333333319
22443,0.44,0.4154593090024314,0.4392070707070704,0.4392070707070704
8231,0.36,0.43694720084076943,0.3908683333333339,0.3908683333333339
7345,0.4,0.4032604137711804,0.36505428571428555,0.36505428571428555
931,0.46,0.36729408232189475,0.3739372408147408,0.3739372408147408
1669,0.24,0.1984566425448504,0.20886726190476199,0.20886726190476199
19382,0.49,0.5669927455958544,0.5703430952380955,0.5703430952380955
13078,0.5,0.3882622009084613,0.3829866666666672,0.3829866666666672
10091,0.9,0.8708503498620065,0.887249999999998,0.887249999999998
21607,0.78,0.7618235970633283,0.7750703571428572,0.7750703571428572
1590,0.75,0.6764511711080379,0.6486413528138528,0.6486413528138528
270,0.55,0.5243618750298717,0.5244513884726383,0.5244513884726384
13566,0.78,0.6737572709590886,0.7092419047619047,0.7092419047619047
19901,0.38,0.44425591522011715,0.4332699999999993,0.4332699999999993
12293,0.49,0.5252214054605425,0.4969815674603171,0.4969815674603171
8194,0.32,0.32698712805833907,0.320642738095238,0.320642738095238
9280,0.66,0.6093199452159094,0.543799166666666,0.543799166666666
1293,0.77,0.708391904237256,0.7466683333333328,0.746668333333333
15642,0.45,0.4299633512473902,0.4632426785714287,0.4632426785714287
8297,0.65,0.5715163914294704,0.5063991666666667,0.5063991666666666
3067,0.26,0.3381789127653505,0.334618502886003,0.33461850288600287
3094,0.92,0.8231536911652189,0.8305458333333339,0.8305458333333339
20514,0.56,0.5096634562172923,0.5332147619047618,0.5332147619047618
292,0.18,0.20886511191300008,0.20534749999999996,0.2053475
8814,0.3,0.38509225612327636,0.37921237727550233,0.37921237727550244
15949,0.53,0.46580937282122625,0.45200728174603183,0.45200728174603183
17510,0.49,0.5540403807236458,0.5172516666666666,0.5172516666666666
8313,0.59,0.628026645404304,0.6666506547619043,0.6666506547619043
12799,0.19,0.17057098726549935,0.15917500000000018,0.15917500000000018
12490,0.29,0.18636380810331254,0.17969791666666637,0.17969791666666637
14957,0.32,0.40121456578066994,0.45125587301587283,0.45125587301587283
6012,0.28,0.2074412210681861,0.25830654761904714,0.2583065476190471
22579,0.42,0.4952062104463854,0.6155992857142845,0.6155992857142845
21017,0.48,0.45269952665164054,0.43406347222222225,0.43406347222222225
6424,0.5,0.5385661232246911,0.5369585714285708,0.5369585714285708
12372,0.45,0.4869272808130419,0.4918303571428572,0.4918303571428572
9289,0.31,0.39313001271494713,0.3502130465367968,0.3502130465367968
21379,0.44,0.4402920057670324,0.44000000000000006,0.44000000000000006
15375,0.6,0.655959097157707,0.6655666666666665,0.6655666666666664
3111,0.37,0.3331536196614876,0.30382733225108194,0.30382733225108194
10874,0.34,0.3855864267410366,0.38801154609279637,0.38801154609279637
12963,0.34,0.3031934458990988,0.292359232156732,0.2923592321567321
22078,0.58,0.5864964783106649,0.5922416666666679,0.5922416666666679
9043,0.55,0.5968837538387738,0.5807987500000005,0.5807987500000005
11235,0.63,0.6443604333339294,0.716767738095238,0.7167677380952381
7649,0.16,0.13394912700528822,0.15512666666666716,0.1551266666666672
19926,0.4,0.3842327256926056,0.4314810714285724,0.4314810714285724
20815,0.49,0.49598204913276045,0.4883986309523818,0.4883986309523818
4857,0.52,0.4821836557777938,0.45231750000000015,0.4523175000000002
22619,0.5,0.5546182430857017,0.5471947619047615,0.5471947619047614
10798,0.6,0.5510204405833513,0.576933333333335,0.5769333333333351
6973,0.49,0.49095675602889755,0.4787275000000005,0.47872750000000047
22271,0.24,0.17097684210535202,0.18081761904761895,0.18081761904761895
2047,0.46,0.4306114034058291,0.38516916666666673,0.38516916666666673
11937,0.54,0.5317110844361616,0.5017735714285709,0.5017735714285709
21214,0.43,0.45703627257012247,0.4707079761904761,0.47070797619047616
14667,0.37,0.3272687961269539,0.32803250000000056,0.3280325000000005
12767,0.4,0.381901332737692,0.37208749999999896,0.37208749999999896
21911,0.16,0.07466128113720966,0.06153571428571427,0.06153571428571427
6515,0.46,0.4043217974219586,0.42094951298701416,0.42094951298701416
13771,0.67,0.7250775500318793,0.7088948611111132,0.7088948611111131
610,0.7,0.7770161864936681,0.7598943253968254,0.7598943253968254
17441,0.21,0.1769031849437413,0.1874016666666666,0.1874016666666666
16617,0.39,0.4498814397314534,0.4453933333333324,0.4453933333333324
4903,0.27,0.30162724230152227,0.2853500000000004,0.2853500000000004
6227,0.28,0.30298094334995335,0.2569363095238089,0.25693630952380897
2686,0.27,0.2074412210681861,0.25830654761904714,0.2583065476190471
3582,0.67,0.6890200501858114,0.6727416666666673,0.6727416666666671
2790,0.17,0.24468143871739528,0.26241628066378136,0.2624162806637813
21056,0.41,0.3880678243408406,0.3799608333333337,0.3799608333333337
8280,0.4,0.41824437754816307,0.430717142857142,0.430717142857142
21399,0.9,0.8827232051019123,0.9406999999999988,0.9406999999999988
14014,0.43,0.4811261490228039,0.5056376190476191,0.5056376190476191
13315,0.42,0.36100237967059495,0.4085239285714282,0.40852392857142833
2338,0.64,0.702748253744395,0.7574532936507933,0.7574532936507933
17936,0.3,0.3048153130682319,0.28034261904761926,0.28034261904761926
14790,0.41,0.319879091693722,0.30639837301587325,0.30639837301587325
383,0.54,0.5468631788395593,0.5478391666666669,0.547839166666667
1275,0.7,0.5940581902661,0.6584297023809549,0.6584297023809549
9116,0.9,0.8353156911262261,0.9066283333333328,0.9066283333333328
5258,0.39,0.37209939622412563,0.3802384523809523,0.3802384523809523
19378,0.53,0.5068378926446184,0.5559450000000017,0.5559450000000017
10072,0.38,0.4884753584290936,0.46789916666666637,0.46789916666666637
21936,0.58,0.5127227161791521,0.5846310714285717,0.5846310714285717
1174,0.6,0.6059385221584925,0.5839761904761912,0.5839761904761912
11357,0.56,0.6279861503773618,0.6089116071428571,0.6089116071428571
20425,0.46,0.5011315290078612,0.4709272222222222,0.4709272222222222
3175,0.75,0.6287619890637369,0.6070970995670992,0.6070970995670992
4151,0.7,0.7719908933898052,0.7506173412698416,0.7506173412698416
10164,0.6,0.5958042442064709,0.6220633333333342,0.6220633333333342
11097,0.73,0.7394943007758439,0.6903908333333358,0.6903908333333358
17358,0.86,0.8432832579215139,0.9478633333333327,0.9478633333333326
15923,0.39,0.41864737976914096,0.36772023809523796,0.36772023809523796
10839,0.73,0.6873144912723825,0.6855916666666669,0.6855916666666668
6627,0.22,0.3280041397863869,0.29727392857142854,0.29727392857142854
2347,0.43,0.5327280961642094,0.5142285515873013,0.5142285515873013
7128,0.72,0.6877681668632006,0.6649872420634927,0.6649872420634927
21696,0.68,0.714661604011243,0.660975,0.660975
6563,0.6,0.5355461830843966,0.5121066666666675,0.5121066666666675
16327,0.33,0.3365360669958179,0.32404547619047613,0.32404547619047613
5542,0.39,0.37774304671698655,0.37140899069884376,0.37140899069884376
13847,0.53,0.5568179726168908,0.5225321230158732,0.5225321230158732
2622,0.41,0.48761582799842285,0.4799664880952381,0.47996648809523806
8078,0.46,0.4893213869118517,0.5189623809523808,0.5189623809523808
10818,0.26,0.2661512045742087,0.2587427380952374,0.2587427380952374
12900,0.48,0.5158299478204408,0.46447416666666763,0.4644741666666675
10970,0.34,0.40938010890027693,0.35478345238095216,0.3547834523809521
11668,0.32,0.38729198565446543,0.3387676497113995,0.3387676497113995
8461,0.35,0.4303702303641563,0.3832763690476192,0.3832763690476192
18480,0.35,0.4081100995961416,0.4588033333333328,0.4588033333333328
12274,0.65,0.6444306231303123,0.6345441666666669,0.634544166666667
16972,0.65,0.5165184950058217,0.5014528174603176,0.5014528174603176
995,0.48,0.4966004065217586,0.4583520310245306,0.4583520310245306
3002,0.73,0.7037184689983909,0.7723848412698412,0.7723848412698412
15297,0.19,0.16914709642068537,0.1576055555555555,0.1576055555555555
14716,0.5,0.5994893382098155,0.6105012193362208,0.6105012193362208
1581,0.61,0.57531217025614,0.6074333333333319,0.6074333333333319
21178,0.94,0.8227883313523083,0.7934777777777778,0.7934777777777778
7319,0.19,0.206665382381811,0.20825928571428542,0.20825928571428542
22227,0.5,0.4865869917359602,0.49783583333333326,0.49783583333333326
1789,0.38,0.369534306880026,0.3057166666666673,0.3057166666666673
9883,0.64,0.6379814391816355,0.5991583333333331,0.599158333333333
7376,0.83,0.7757866722164748,0.7967000000000009,0.7967000000000009
22541,0.28,0.2735841057247942,0.24027388708513686,0.24027388708513686
17886,0.6,0.5180296773516299,0.5141641269841273,0.5141641269841272
17391,0.48,0.5370105689561526,0.5736416666666677,0.5736416666666677
21339,0.18,0.29604221281712817,0.30888916666666677,0.30888916666666677
13362,0.44,0.5324464280955946,0.5260782142857147,0.5260782142857147
13178,0.35,0.4291875125610151,0.4304311605061604,0.4304311605061604
6979,0.19,0.1566853024095386,0.18377321428571436,0.1837732142857144
21511,0.24,0.2780240598141145,0.24700666666666624,0.24700666666666624
6471,0.7,0.7322692781407919,0.7871883333333344,0.7871883333333344
416,0.61,0.4879811878113334,0.47392583333333316,0.47392583333333316
13201,0.71,0.6028717855441459,0.6272019047619053,0.6272019047619052
4081,0.51,0.5869069571841294,0.6198108333333349,0.6198108333333349
10141,0.45,0.4975706217757544,0.48249391774891853,0.48249391774891853
1802,0.45,0.41362956331776474,0.42095029761904856,0.42095029761904856
10751,0.58,0.48643311019528157,0.5039670634920633,0.5039670634920632
5519,0.19,0.17853855406078722,0.1652666666666665,0.1652666666666665
21254,0.71,0.7531757078603758,0.7404375000000004,0.7404375000000003
10172,0.72,0.6895142208035716,0.7096770238095241,0.7096770238095241
21479,0.54,0.5192123951547711,0.5384339285714295,0.5384339285714295
866,0.0,-0.06023007254704821,0.0,0.0
5297,0.28,0.40848008344266407,0.34763773809523796,0.34763773809523807
7459,0.53,0.5986298077791448,0.63313875,0.6331387499999999
22722,0.44,0.4129410161323837,0.40478321428571395,0.40478321428571395
6410,0.94,0.9143602672852026,0.9980658333333335,0.9980658333333335
14742,0.64,0.6179430408221227,0.6704625000000023,0.6704625000000023
9395,0.47,0.4672035688965994,0.48201714285714287,0.48201714285714287
19746,0.57,0.5846667326259982,0.6080745634920635,0.6080745634920635
1016,0.25,0.21274818224066386,0.21922309523809497,0.21922309523809497
22348,0.88,0.9105719651110196,0.967429841269841,0.967429841269841
21807,0.39,0.35638396568349817,0.40067351648351635,0.40067351648351623
21306,0.4,0.38606247137727223,0.3630418650793655,0.3630418650793654
17607,0.48,0.4224899550698626,0.3835650000000005,0.3835650000000005
3959,0.09,0.10552250463412494,0.14195000000000046,0.14195000000000046
20710,0.43,0.39889064947824304,0.38716130952380967,0.38716130952380967
15873,0.83,0.7735464476583436,0.8509666666666685,0.8509666666666685
22595,0.52,0.5935640196483398,0.6018315313852809,0.6018315313852809
6445,0.51,0.5742507866053619,0.5618291666666669,0.5618291666666669
19531,0.22,0.30192703635166185,0.30095714285714203,0.30095714285714203
8148,0.55,0.5030495904704354,0.5203645833333345,0.5203645833333345
16307,0.49,0.4806319784050436,0.4470326984126997,0.44703269841269966
16267,0.19,0.2229154785671408,0.2549716666666668,0.2549716666666669
22251,0.6,0.5405714761882595,0.5885973809523799,0.5885973809523799
19376,0.2,0.2520306481236851,0.2555267857142856,0.25552678571428555
19048,0.28,0.26059124582564347,0.24318285714285728,0.2431828571428573
8755,0.67,0.6234550278912592,0.5985621428571433,0.5985621428571433
6144,0.73,0.6454189643658328,0.6626194642857144,0.6626194642857144
5995,0.68,0.6297322043177328,0.6448700000000016,0.6448700000000016
19706,0.59,0.6199015973116391,0.6553883333333335,0.6553883333333335
18478,0.36,0.3790130560211219,0.3621471428571428,0.3621471428571428
11441,0.41,0.45772481975550344,0.4305849999999991,0.43058499999999905
20537,0.35,0.4281336055627236,0.4029033333333328,0.4029033333333328
4729,0.49,0.48259053489455994,0.5061075198412697,0.5061075198412697
19439,0.91,0.8577000086654787,0.9405499999999991,0.9405499999999992
682,0.69,0.7160227817121606,0.7194041666666665,0.7194041666666665
2000,0.52,0.5950284055200958,0.6093533333333334,0.6093533333333333
16487,0.47,0.4747471548705099,0.4547150595238098,0.45471505952380975
14794,0.49,0.5599252042581795,0.537655535714286,0.537655535714286
15593,0.64,0.5927917807186631,0.5443300000000011,0.5443300000000011
22403,0.58,0.5444509467592248,0.5737970238095236,0.5737970238095236
3573,0.61,0.5493850714663054,0.5022425000000003,0.5022425000000003
4601,0.33,0.3405028290677774,0.33498071428571463,0.33498071428571463
14292,0.76,0.6963692595921012,0.7440059523809524,0.7440059523809522
481,0.53,0.4886328397264707,0.4613094859307358,0.4613094859307357
18382,0.46,0.5811058253938914,0.5239695238095238,0.5239695238095238
7226,0.66,0.5864127865663692,0.5912274404761901,0.5912274404761901
9884,0.54,0.5081990703455361,0.4683327182539682,0.4683327182539682
10354,0.55,0.5560457336872142,0.5553916666666664,0.5553916666666664
1065,0.48,0.4144890937484355,0.4001476014263514,0.4001476014263514
6329,0.19,0.3211491009978574,0.31074499999999927,0.31074499999999927
8588,0.55,0.5613490951029935,0.5934361309523808,0.5934361309523809
9627,0.35,0.31923103953528315,0.32365999999999917,0.32365999999999917
2292,0.57,0.4584601634149365,0.42878922619047666,0.42878922619047666
1340,0.34,0.4011308740363742,0.4152536742424243,0.4152536742424244
12949,0.44,0.46670939827883917,0.45768509226884224,0.45768509226884224
22637,0.4,0.4048159680397188,0.3696741756854257,0.36967417568542565
15007,0.19,0.20009201166189633,0.21309305555555597,0.21309305555555597
18452,0.68,0.6692963382693689,0.7423149999999997,0.7423149999999998
17893,0.42,0.41477076181705036,0.42977638167388194,0.42977638167388194
4749,0.51,0.4972520584368959,0.4817241666666671,0.4817241666666671
7968,0.63,0.519494063223386,0.5026929166666673,0.5026929166666673
3189,0.61,0.612793560947022,0.6548983333333334,0.6548983333333334
12126,0.53,0.5250972186893048,0.555245575396825,0.555245575396825
10409,0.55,0.520847764271817,0.4938336904761906,0.4938336904761906
11496,0.53,0.49145092664665785,0.49148250000000027,0.4914825000000003
6232,0.52,0.5253788867579197,0.5040922420634925,0.5040922420634925
1757,0.68,0.6971450982784761,0.7029740476190479,0.7029740476190479
15205,0.67,0.6078970786480088,0.6306174999999993,0.6306174999999993
11342,0.37,0.30298094334995335,0.2569363095238089,0.25693630952380897
18720,0.93,0.8292733862943154,0.9282499999999995,0.9282499999999995
10761,1.0,0.8826395133576166,0.863430000000001,0.863430000000001
13269,0.37,0.36397434813146073,0.38502482142857175,0.38502482142857175
5661,0.58,0.4887570264977085,0.4477168253968253,0.4477168253968253
21654,0.37,0.3997906749358559,0.3901998809523809,0.3901998809523809
8713,0.38,0.37774304671698655,0.37140899069884376,0.37140899069884376
3490,0.78,0.7522746581258493,0.7577441666666667,0.7577441666666667
21484,0.5,0.4869272808130419,0.4918303571428572,0.4918303571428572
14800,0.14,0.16509201857081834,0.13701999999999998,0.13701999999999998
12915,0.54,0.5180296773516299,0.5141641269841273,0.5141641269841272
18780,0.3,0.3236929965019163,0.31037416666666606,0.31037416666666606
2062,0.5,0.3834568870062305,0.4432654365079359,0.4432654365079359
16761,0.45,0.4289058444924002,0.39968315476190486,0.39968315476190486
12203,0.62,0.5395544644602116,0.5537055357142857,0.5537055357142857
14512,0.9,0.8756556637642373,0.9547641071428559,0.9547641071428561
12146,0.53,0.517748009283015,0.51131018304408,0.51131018304408
6226,0.58,0.5510204405833513,0.576933333333335,0.5769333333333351
10355,0.48,0.5466506762904139,0.6152013095238089,0.6152013095238089
4545,0.74,0.6564532677754672,0.6784105952380948,0.6784105952380944
4498,0.64,0.6522740031543623,0.5929064285714285,0.5929064285714286
12441,0.5,0.4636096432900371,0.4266268975468974,0.4266268975468974
230,0.49,0.5244455667741674,0.46855416666666544,0.46855416666666544
6209,0.17,0.19224863163784622,0.21942023809523814,0.21942023809523814
4782,0.03,0.009701114283742818,0.04454761904761908,0.04454761904761908
2167,0.48,0.4591487106003175,0.43703242063492076,0.43703242063492076
15326,0.06,0.09556771085679339,0.10258749999999991,0.10258749999999991
7019,0.51,0.4884753584290936,0.46789916666666637,0.46789916666666637
8049,0.65,0.6976392688962365,0.7227955952380947,0.7227955952380947
13369,0.63,0.5760475139155731,0.6098055952380967,0.6098055952380967
7715,0.59,0.5575101195589702,0.5290016666666666,0.5290016666666666
17498,0.55,0.6139060889537803,0.542573452380952,0.542573452380952
8377,0.53,0.5409783553050256,0.5375449999999997,0.5375449999999997
16385,0.34,0.4048159680397188,0.3696741756854257,0.36967417568542565
13603,0.54,0.5028084174287627,0.5223949999999994,0.5223949999999994
10318,0.95,0.8601814062652826,0.9541833333333323,0.9541833333333324
19205,0.46,0.5328522829354472,0.4701249999999992,0.4701249999999992
5474,0.29,0.33740307407897535,0.30508481990231984,0.30508481990231984
12463,0.68,0.6085441065295343,0.5786365476190467,0.5786365476190467
12808,0.64,0.6384351147724536,0.6211829996392499,0.6211829996392499
2246,0.41,0.4407861763847926,0.47056833333333303,0.47056833333333303
16490,0.72,0.6660022067129461,0.6792603571428577,0.6792603571428576
15885,0.36,0.38276833982084946,0.433254790764791,0.43325479076479106
7634,0.66,0.5652246887781706,0.5854958333333333,0.5854958333333333
20999,0.14,0.18539359284931672,0.1813339285714285,0.1813339285714285
4181,0.43,0.45703627257012247,0.4707079761904761,0.47070797619047616
9075,0.53,0.5898162125010988,0.5889157738095223,0.5889157738095223
18544,0.43,0.3388674599507315,0.4199958333333337,0.4199958333333337
3946,0.26,0.28121498319969884,0.23645357142857187,0.23645357142857182
19551,0.28,0.31117618123900115,0.28156250000000066,0.28156250000000066
20717,0.74,0.6855464344546986,0.6976390476190478,0.6976390476190479
22024,0.52,0.5553940817720768,0.5322344011544011,0.5322344011544011
10362,0.6,0.5025554198526752,0.5995033333333329,0.5995033333333329
15595,0.54,0.5255030735291575,0.4502183333333344,0.4502183333333344
21871,0.13,0.25783177991392314,0.21901666666666672,0.21901666666666672
20357,0.29,0.25880199516791896,0.24775226190476157,0.24775226190476157
1989,0.27,0.23683805869334526,0.21982119047619073,0.21982119047619073
20530,0.54,0.5187182245370109,0.558396666666665,0.558396666666665
21414,0.24,0.23442297399413603,0.20023333333333299,0.20023333333333299
18062,0.28,0.3102059659850053,0.3054218452380951,0.3054218452380951
18545,0.43,0.37774304671698655,0.37140899069884376,0.37140899069884376
18687,0.42,0.4780263940340019,0.5191720238095247,0.5191720238095247
3480,0.3,0.3431967292167267,0.3700780952380955,0.3700780952380955
9811,0.6,0.6141877570223951,0.6043314087301587,0.6043314087301587
6356,0.71,0.7491674264845607,0.8182797619047623,0.8182797619047623
17204,0.29,0.3483462090918274,0.3380120830558331,0.33801208305583313
5361,0.09,0.07233736483478276,0.0989616666666665,0.0989616666666665
9182,0.39,0.3870508126127927,0.39021702380952383,0.39021702380952383
22249,0.55,0.5127227161791521,0.5846310714285717,0.5846310714285717
20340,0.73,0.7187166818611099,0.7489233333333339,0.7489233333333339
1418,0.58,0.5669927455958544,0.5703430952380955,0.5703430952380955
12924,0.37,0.41477076181705036,0.42977638167388194,0.42977638167388194
698,0.32,0.3984369738874249,0.4255939285714289,0.4255939285714289
15203,0.3,0.3939058514013223,0.3541893308080819,0.3541893308080819
21865,0.15,0.14778801538719705,0.16282500000000064,0.16282500000000064
10369,0.33,0.4500939422805988,0.48660079365079434,0.4866007936507943
10070,0.36,0.41216517744600867,0.4169661284548788,0.41696612845487885
12058,0.41,0.3664270752387373,0.33490833333333314,0.33490833333333314
2912,0.43,0.3713640525646926,0.319702208485958,0.319702208485958
13298,0.35,0.47377693961651407,0.4419752813852816,0.4419752813852816
11073,0.62,0.60556853831197,0.641883333333332,0.641883333333332
3663,0.56,0.5985893127522027,0.6275600000000003,0.6275600000000003
21302,0.36,0.40763405495990596,0.41909236402486477,0.41909236402486477
8993,0.39,0.3794486056304154,0.3859000595238095,0.3859000595238095
16764,0.69,0.6802064549077654,0.6623930952380962,0.6623930952380962
3217,0.15,0.15550258460639732,0.13869916666666637,0.13869916666666637
16733,1.0,0.9249887158549843,0.9613941666666663,0.9613941666666663
16575,0.67,0.6878373323826701,0.6652178571428586,0.6652178571428586
14623,0.57,0.5344049845851109,0.5545772023809525,0.5545772023809525
10350,0.65,0.5946215264033298,0.6345200000000002,0.6345200000000003
3570,0.26,0.31739769409391805,0.3216503017815518,0.3216503017815518
21008,0.65,0.6692963382693689,0.7423149999999997,0.7423149999999998
4062,0.03,0.022810960453328477,0.033849999999999894,0.033849999999999894
15089,0.51,0.5495092582375432,0.5658425000000014,0.5658425000000012
11410,0.48,0.4874870171935731,0.4811516666666658,0.4811516666666658
18359,0.5,0.40121456578066994,0.45125587301587283,0.45125587301587283
10742,0.21,0.1805257810428309,0.1870833333333332,0.1870833333333332
4876,0.19,0.22356353072557966,0.20882650793650823,0.20882650793650817
14211,0.78,0.7631305016377072,0.7906385714285717,0.7906385714285717
19233,0.14,0.1934313494409875,0.22672154761904742,0.22672154761904742
8853,0.26,0.33054803529044585,0.3339735714285718,0.3339735714285718
15980,0.0,-0.0514164772690025,0.008428333333333338,0.008428333333333338
2191,0.7,0.6532623443898828,0.6800816666666667,0.6800816666666668
7597,0.28,0.32221048464863555,0.2924499999999995,0.2924499999999995
15431,0.39,0.37793742328460733,0.4195666666666657,0.4195666666666657
15184,0.38,0.4299633512473902,0.4632426785714287,0.4632426785714287
20019,0.4,0.41505345416257866,0.44472845238095254,0.44472845238095254
6361,0.67,0.6328319593065348,0.5827425000000008,0.5827425000000007
516,0.31,0.3513217773093916,0.3434641666666663,0.3434641666666663
8109,0.46,0.5195777549676817,0.4934777380952392,0.4934777380952392
17699,0.52,0.5860609287013714,0.5868099999999994,0.5868099999999994
19472,0.4,0.3785188854033617,0.3646533333333329,0.3646533333333329
2229,0.67,0.6312802819337846,0.6510774999999995,0.6510774999999995
18862,0.18,0.18278800847827498,0.18890797619047642,0.18890797619047642
14878,0.05,-0.006461690400592912,0.022572023809523757,0.022572023809523764
134,0.65,0.6674665925847022,0.6705649999999995,0.6705649999999995
10514,0.14,0.19013721788456478,0.1673180952380952,0.1673180952380952
21686,0.38,0.3989311445051852,0.3952387500000001,0.3952387500000001
5142,0.14,0.11974487881046891,0.12298333333333325,0.12298333333333325
9814,0.29,0.2649684867710675,0.2634685912698412,0.2634685912698411
16395,0.6,0.6396178325755948,0.6748670238095228,0.6748670238095228
6475,0.33,0.3698996666929365,0.3736460119047617,0.3736460119047617
12308,0.66,0.7053538381154368,0.7240809523809532,0.724080952380953
18105,0.5,0.41970876341991914,0.43290142857142805,0.43290142857142805
21861,0.38,0.43518302091887384,0.4405199999999996,0.4405199999999996
19885,0.39,0.4057861832937147,0.40711166666666654,0.4071116666666665
17296,0.46,0.40623985888453285,0.3734220238095244,0.3734220238095244
5992,0.75,0.7641475133657551,0.771629166666667,0.771629166666667
15526,0.62,0.5252214054605425,0.4969815674603171,0.4969815674603171
6030,0.38,0.43114606905053143,0.39608,0.39608000000000004
13365,0.78,0.7846470639685728,0.8093191666666678,0.8093191666666678
11748,0.48,0.4389308280661147,0.44478583333333455,0.44478583333333455
14456,0.52,0.5588676975031895,0.5319646428571432,0.5319646428571432
15803,0.56,0.6062201902271073,0.5977549999999995,0.5977549999999995
43,0.36,0.42134413253696507,0.4087565476190476,0.40875654761904756
22502,0.24,0.19776809535946943,0.18155583333333314,0.18155583333333314
14423,0.3,0.3616909268559759,0.3340457142857149,0.33404571428571495
16953,0.44,0.46670939827883917,0.45768509226884224,0.45768509226884224
7127,0.25,0.29011689425565235,0.231145,0.231145
136,0.34,0.47601716417464524,0.4225013888888889,0.4225013888888889
10341,0.66,0.6154577663265305,0.6609294246031738,0.6609294246031737
2187,0.24,0.27533015966516516,0.2679083333333339,0.26790833333333386
5819,0.48,0.4437617446023569,0.44260773809523785,0.44260773809523785
13541,0.48,0.4942764902193316,0.503470833333334,0.503470833333334
17910,0.81,0.7299453618383651,0.7232583333333348,0.7232583333333349
17815,0.61,0.5390602938424514,0.6091505411255419,0.6091505411255419
8435,0.69,0.7274014663343061,0.7521525,0.7521524999999998
1878,0.66,0.6647726924357529,0.7071125000000008,0.7071125000000008
10465,0.39,0.3984369738874249,0.4255939285714289,0.4255939285714289
11492,0.28,0.22948884928705549,0.24098083333333295,0.24098083333333295
7644,0.31,0.3913839587745762,0.368389273088023,0.368389273088023
10821,0.55,0.5412600233736404,0.5782645238095226,0.5782645238095226
11038,0.68,0.5694741431956584,0.5281430555555552,0.5281430555555552
20534,0.11,0.1640345118158284,0.21763949675324676,0.21763949675324679
4756,0.41,0.4556750948692047,0.4116888095238098,0.4116888095238099
5832,0.23,0.1848157304872608,0.18360166666666639,0.18360166666666639
9721,0.44,0.5025554198526752,0.5995033333333329,0.5995033333333329
7748,0.27,0.2786093988286571,0.3321922619047622,0.3321922619047622
17023,0.46,0.36543873400321686,0.3635772023809528,0.3635772023809529
7990,0.2,0.22899467866929518,0.23928751984126986,0.23928751984126986
5499,0.32,0.34602229278940055,0.35876416666666633,0.3587641666666663
15272,0.61,0.5751177936885193,0.5283555447330436,0.5283555447330436
14336,0.18,0.11789700714427764,0.10517500000000009,0.10517500000000009
15078,0.31,0.30192703635166185,0.30095714285714203,0.30095714285714203
18848,0.43,0.4491928925460724,0.481301666666667,0.481301666666667
9879,0.55,0.49679478308937924,0.4684415584415584,0.46844155844155844
6279,0.18,0.2007805588472773,0.22001285714285718,0.22001285714285715
5893,0.7,0.7098562901090122,0.7448508333333332,0.7448508333333334
14632,0.47,0.36826429757589063,0.3539658333333338,0.3539658333333338
1836,0.25,0.2800737847004132,0.23588202380952367,0.23588202380952372
10883,0.05,0.029424826200185328,0.060898333333333235,0.060898333333333235
6264,0.62,0.6367997456554078,0.6548189880952393,0.6548189880952393
22303,0.17,0.18836916106688095,0.19282416666666688,0.19282416666666688
7495,0.51,0.5410656468060198,0.5484466666666674,0.5484466666666674
7183,0.56,0.5529828739686559,0.5156858333333326,0.5156858333333326
8971,0.23,0.24716283631719924,0.25227436507936507,0.25227436507936507
8750,0.43,0.3923577737852705,0.37834607142857235,0.37834607142857235
4093,0.31,0.26672906693626464,0.26087667207792203,0.2608766720779221
22742,0.69,0.6444306231303123,0.6345441666666669,0.634544166666667
7333,0.72,0.7329209300559293,0.7465000000000004,0.7465000000000005
108,0.27,0.2520306481236851,0.2555267857142856,0.25552678571428555
17802,0.56,0.537504739573913,0.5336845238095242,0.5336845238095242
16824,0.26,0.33151825054444173,0.3756166666666666,0.3756166666666666
2190,0.5,0.5058495514090979,0.48914678571428544,0.48914678571428544
21112,0.32,0.3455281221716403,0.38095369047619015,0.38095369047619015
13522,0.58,0.5768233526019482,0.5434458333333333,0.5434458333333334
3947,0.63,0.6953990443381053,0.6747263095238085,0.6747263095238085
8442,0.55,0.6505279492139915,0.5804749999999977,0.5804749999999977
49,0.37,0.4298760597463961,0.444351249999999,0.4443512499999989
10284,0.48,0.5032439670380562,0.5170416666666678,0.517041666666668
14318,0.52,0.5355461830843966,0.5121066666666675,0.5121066666666675
3968,0.59,0.5804172782085104,0.6077830555555559,0.6077830555555559
12778,0.24,0.2352899810772935,0.23147500000000015,0.23147500000000015
1368,0.43,0.4237968596442417,0.418213787878787,0.418213787878787
20101,0.32,0.4011308740363742,0.4152536742424243,0.4152536742424244
21697,0.4,0.35597708656673205,0.4017473809523814,0.4017473809523813
2192,0.42,0.3405028290677774,0.33498071428571463,0.33498071428571463
6935,0.83,0.6991873465122882,0.7301127579365079,0.7301127579365079
8159,0.34,0.3022087044202767,0.30950428571428573,0.30950428571428573
9120,0.53,0.5288855208634877,0.5342174603174612,0.5342174603174613
16977,0.35,0.43625505389869,0.48857702380952284,0.48857702380952284
4331,0.37,0.4633279752214223,0.4810810714285715,0.4810810714285715
1678,0.41,0.4329427963607427,0.4384349999999989,0.4384349999999989
8986,0.35,0.44804421739430017,0.39055125000000046,0.39055125000000046
4950,0.44,0.5018200761932421,0.4677392857142856,0.4677392857142856
20319,0.63,0.6748994937352877,0.7059916666666649,0.705991666666665
17022,0.48,0.553758712655031,0.5475815753690749,0.5475815753690749
8726,0.54,0.5915217714145278,0.6390644047619052,0.6390644047619051
2812,0.63,0.5925101126500483,0.5954109523809517,0.5954109523809517
10875,0.47,0.38227416920308926,0.40822329004328983,0.40822329004328983
18425,0.67,0.6956807124067201,0.7210550000000007,0.7210550000000004
1344,0.65,0.666972421966942,0.626979166666667,0.626979166666667
2461,0.28,0.29901418127799395,0.29123722222222187,0.29123722222222187
944,0.0,0.0026335729460678636,0.0467,0.0467
16388,0.39,0.37774304671698655,0.37140899069884376,0.37140899069884376
9091,0.17,0.15656111563830077,0.15387166666666677,0.15387166666666677
3639,0.52,0.5131331950526167,0.47644863095238116,0.4764486309523812
2707,0.53,0.5274211349917317,0.5484383207070709,0.548438320707071
17769,0.39,0.3990148362494808,0.4421680555555556,0.4421680555555556
7772,0.49,0.5153357772026805,0.4701874999999991,0.4701874999999991
1012,0.58,0.5468631788395593,0.5478391666666669,0.547839166666667
8218,0.69,0.7345095026989232,0.785593333333333,0.785593333333333
20529,0.37,0.4655681997795535,0.4225191666666673,0.4225191666666673
12548,0.27,0.2266707623668683,0.24658333333333363,0.24658333333333363
3575,0.37,0.40153672887622693,0.46098128968253893,0.46098128968253893
5108,0.34,0.3114759752891407,0.2926049999999996,0.2926049999999996
12520,0.21,0.2786093988286571,0.3321922619047622,0.3321922619047622
21755,0.27,0.33740307407897535,0.30508481990231984,0.30508481990231984
12401,0.62,0.6011948971232444,0.5996155357142854,0.5996155357142853
11322,0.42,0.4443801019913549,0.3994814880952382,0.3994814880952383
19096,0.28,0.309554314069868,0.2788233333333328,0.27882333333333276
8938,0.3,0.28722861753908224,0.2537656547619045,0.2537656547619045
10507,0.54,0.5118631857484813,0.4438884559884563,0.4438884559884563
15344,0.4,0.3632021092017841,0.3742666666666669,0.3742666666666669
14989,0.61,0.5144687701195231,0.5519212860750363,0.5519212860750364
5857,0.69,0.6604827429913229,0.6072308333333332,0.607230833333333
15235,0.45,0.41216517744600867,0.4169661284548788,0.41696612845487885
12395,0.26,0.319143748034289,0.2899109722222227,0.2899109722222227
21105,0.37,0.3723523938002131,0.36117940476190485,0.36117940476190474
5557,0.99,0.890072414508202,0.9406833333333318,0.9406833333333318
9831,0.18,0.1283054765124273,0.12395288419913422,0.12395288419913422
17593,0.65,0.618437211439883,0.6297407142857143,0.6297407142857143
20705,0.31,0.37076382115721923,0.3544750000000003,0.3544750000000003
3868,0.52,0.55595844218622,0.5796475475912977,0.5796475475912977
15951,0.12,0.1868174836941307,0.18262213023088006,0.18262213023088006
3693,0.1,0.12728846478437944,0.14333996031746005,0.14333996031746005
8954,0.31,0.4075098681886682,0.36871845238095186,0.36871845238095186
14817,0.4,0.37263406186882797,0.3809175000000002,0.3809175000000002
14058,0.66,0.5927917807186631,0.5443300000000011,0.5443300000000011
13945,0.37,0.4001606587823784,0.33426833333333333,0.33426833333333333
16723,0.76,0.7271602932926335,0.7344758333333331,0.7344758333333332
12823,0.47,0.508480738414151,0.4931813564213563,0.4931813564213563
19059,0.21,0.18229383786051473,0.19157011904761898,0.191570119047619
22467,0.69,0.6664080615527987,0.6317114285714286,0.6317114285714285
5099,0.56,0.532981093740297,0.5235458333333338,0.5235458333333338
7686,0.63,0.6467545394327392,0.6583749999999996,0.6583749999999996
21042,0.48,0.495612065286238,0.4885483333333331,0.4885483333333331
7503,0.12,0.18257550592912958,0.21136499999999994,0.21136499999999994
17894,0.84,0.7494490945531755,0.742788273809524,0.7427882738095241
9626,0.19,0.11259004597179983,0.10405416666666659,0.1040541666666666
19594,0.15,0.23026468797343058,0.24053309523809488,0.24053309523809485
12465,0.39,0.3657385280533563,0.3524433333333339,0.3524433333333338
10760,0.47,0.4440803079412154,0.4690125000000006,0.4690125000000006
3720,0.4,0.37696720803061146,0.3862079705710957,0.3862079705710957
13508,0.53,0.5228063207613334,0.5180700000000005,0.5180700000000005
17365,0.56,0.5120746640207132,0.5355333333333346,0.5355333333333346
6139,0.25,0.17804438344302692,0.2032157142857143,0.2032157142857143
2753,0.56,0.6457006324344478,0.6066416666666684,0.6066416666666684
8100,0.71,0.6880903299587576,0.6965714285714292,0.6965714285714292
16805,0.31,0.3929356361473264,0.3964080952380952,0.3964080952380952
3740,0.07,0.09720307997383926,0.12457166666666676,0.12457166666666676
3828,0.3,0.4171829938973849,0.37561166666666645,0.37561166666666645
3149,0.35,0.28289187162060037,0.26702259920634935,0.26702259920634935
12950,0.64,0.6155279561229134,0.5741044606782105,0.5741044606782104
2515,0.27,0.27175436004012754,0.2233961904761907,0.2233961904761907
6007,0.38,0.3632021092017841,0.3742666666666669,0.3742666666666669
4489,0.23,0.2523123161923,0.2791279365079364,0.2791279365079364
5935,0.61,0.5649430207095557,0.4941652326839824,0.4941652326839824
21150,0.45,0.36679991170413456,0.3677316666666667,0.3677316666666667
3518,0.52,0.5192996866557652,0.5301375000000003,0.5301375000000003
14910,0.34,0.3498105949635835,0.3637532738095238,0.36375327380952377
17954,0.17,0.15509672976654465,0.14882726190476198,0.14882726190476198
10833,0.23,0.21817287780880623,0.2117368722943722,0.2117368722943722
13732,0.61,0.6077682678431591,0.6197008333333333,0.6197008333333333
3003,0.24,0.24136918117944792,0.2472175000000003,0.2472175000000003
174,0.65,0.6465601628651185,0.6371277380952383,0.6371277380952384
12367,0.6,0.6315800759839241,0.5970518452380951,0.5970518452380951
19765,0.38,0.39244146552956616,0.3832733111333112,0.38327331113331115
12777,0.31,0.359944872915605,0.3588125018037521,0.358812501803752
17722,0.43,0.37733719187713394,0.3766091666666668,0.3766091666666669
19322,0.53,0.6090382771472944,0.6052694336219334,0.6052694336219333
21720,0.47,0.5187182245370109,0.558396666666665,0.558396666666665
21088,0.24,0.20183806560226725,0.2511382936507937,0.2511382936507937
8776,0.03,-0.06497369758229626,0.010400000000000005,0.010400000000000005
7572,0.47,0.3961055809325113,0.33922428571428676,0.3392242857142868
22219,0.39,0.45830268211755937,0.3834515476190472,0.3834515476190472
8639,0.04,0.028736279014804356,0.04443333333333335,0.044433333333333346
7640,0.66,0.587960864182421,0.6112297619047621,0.6112297619047621
14236,0.29,0.30298094334995335,0.2569363095238089,0.25693630952380897
19306,0.43,0.4276394349449633,0.46517166666666687,0.46517166666666687
12497,0.4,0.3480645410232126,0.33241833333333237,0.33241833333333237
21446,0.58,0.476946884401699,0.49877026875901875,0.49877026875901875
13663,0.61,0.5915217714145278,0.6390644047619052,0.6390644047619051
12216,0.49,0.5184355321914825,0.46599500000000105,0.46599500000000105
21211,0.04,-0.006180022331978008,0.0028541666666666676,0.0028541666666666676
16420,0.44,0.45703627257012247,0.4707079761904761,0.47070797619047616
9595,0.21,0.22173378504091304,0.22014750000000002,0.22014750000000002
22217,0.38,0.3452464541030254,0.36320161019536007,0.36320161019536007
6739,0.6,0.5613490951029935,0.5934361309523808,0.5934361309523809
13577,0.33,0.3997906749358559,0.3901998809523809,0.3901998809523809
3495,0.23,0.26586953650559386,0.24757999999999974,0.24757999999999974
38,0.56,0.5779358806087065,0.603140595238096,0.603140595238096
20878,0.27,0.3044453292217094,0.35399154761904794,0.3539915476190479
14810,0.77,0.6756753324216628,0.6417694642857137,0.6417694642857137
12563,0.56,0.623736695959874,0.6198031331168834,0.6198031331168834
8783,0.22,0.23075885859119086,0.21830833333333355,0.21830833333333355
19011,0.21,0.20151590250671025,0.16968333333333294,0.16968333333333294
3629,0.5,0.3997906749358559,0.3901998809523809,0.3901998809523809
21598,0.32,0.43188141270996444,0.40721244047619026,0.4072124404761903
22670,0.57,0.5811969937906738,0.6019583333333345,0.6019583333333345
4594,0.42,0.4050976361083337,0.36268726190476186,0.36268726190476186
17580,0.58,0.6074029080302485,0.6440552380952389,0.6440552380952389
1209,0.45,0.36255045728664675,0.34676494047618983,0.34676494047618983
10567,0.23,0.25141229073468707,0.27280833333333293,0.2728083333333329
10976,0.54,0.5330647854845926,0.5232162301587312,0.5232162301587312
11696,0.33,0.296323880885743,0.3197280952380957,0.3197280952380957
7357,0.53,0.5339108139673506,0.5954865476190481,0.5954865476190481
5359,0.32,0.40673402950229304,0.4172258567821068,0.4172258567821067
10297,0.8,0.7703555242727593,0.7972383333333309,0.7972383333333307
18899,0.41,0.40056651362223106,0.4034999801587303,0.4034999801587302
16656,0.53,0.517788504309957,0.5212016666666675,0.5212016666666675
9720,0.72,0.7414528572653603,0.7451749999999994,0.7451749999999994
2882,0.15,0.21479043047447588,0.2787997434509934,0.2787997434509934
12259,0.66,0.5908701194993904,0.6015216666666681,0.6015216666666681
14385,0.56,0.5778116938374687,0.551724047619048,0.551724047619048
5372,0.68,0.6589346653752712,0.6814541666666668,0.6814541666666666
18200,0.61,0.6465601628651185,0.6371277380952383,0.6371277380952384
1353,0.61,0.5008498609392463,0.4525394047619046,0.4525394047619046
12668,0.57,0.638351423028158,0.6670402976190475,0.6670402976190474
15239,0.45,0.4930064809151963,0.48200337301587287,0.48200337301587287
11158,0.35,0.3355658517418221,0.3290150000000001,0.3290150000000001
11778,0.54,0.5039496159280483,0.5174636507936499,0.5174636507936499
15752,0.0,-0.04096751287391054,0.0,0.0
4186,0.56,0.5108046547165779,0.4854466666666664,0.4854466666666664
12319,0.25,0.25520059290887004,0.26537880952381004,0.26537880952381004
4028,0.21,0.31951373188081145,0.3507499999999996,0.3507499999999996
21681,0.09,0.12067459903752259,0.13535803571428556,0.13535803571428556
3836,0.61,0.5479206855945493,0.5373320634920631,0.5373320634920631
22519,0.4,0.35520124788035695,0.3865310119047615,0.3865310119047614
15195,0.9,0.8292364910240716,0.827025,0.8270249999999999
10022,0.37,0.3782372173347468,0.33880909090909095,0.33880909090909095
4254,0.7,0.6348998101743581,0.6348395238095236,0.6348395238095236
7092,0.36,0.41371325506206036,0.45159954365079374,0.45159954365079374
20026,0.56,0.5357405596520173,0.5278092857142851,0.5278092857142851
5426,0.87,0.6875556643140552,0.6542650000000004,0.6542650000000004
22573,0.49,0.5150541091340657,0.53250505952381,0.53250505952381
3944,0.54,0.5861311184977543,0.52935255952381,0.5293525595238101
8849,0.88,0.7767345184250531,0.7844165476190474,0.7844165476190473
19822,0.49,0.4694032984277885,0.36790541666666793,0.36790541666666793
2417,0.51,0.5471448469081741,0.5520389880952385,0.5520389880952384
17278,0.6,0.5737566159876016,0.6050973809523813,0.6050973809523813
21337,0.69,0.6109968336368108,0.5445691666666664,0.5445691666666664
17924,0.52,0.6109968336368108,0.5445691666666664,0.5445691666666664
3135,0.49,0.499579851635111,0.4923928571428565,0.4923928571428565
22290,0.43,0.43093356650138603,0.42246922619047694,0.4224692261904769
15122,0.35,0.28142748574884424,0.2603077344877346,0.26030773448773464
8300,0.05,0.030566024699470895,0.0331608333333332,0.03316083333333321
20719,0.37,0.29612590456142385,0.29358923215673205,0.29358923215673205
21157,0.26,0.2190398848919637,0.22978579365079352,0.22978579365079352
17213,0.73,0.7240200432768893,0.7316499999999997,0.7316499999999997
14256,0.56,0.5560457336872142,0.5553916666666664,0.5553916666666664
16581,0.43,0.319143748034289,0.2899109722222227,0.2899109722222227
803,0.81,0.8149449513282582,0.8741750000000007,0.8741750000000006
3256,0.08,0.050008068547298556,0.06436666666666664,0.06436666666666664
11654,0.8,0.7553744131146514,0.8348716666666678,0.8348716666666678
2880,0.25,0.25985590216621046,0.25572904761904725,0.25572904761904725
22589,0.48,0.49071558298722484,0.3955483333333344,0.3955483333333344
7526,0.39,0.35406004938107133,0.3458985714285717,0.3458985714285717
1893,0.57,0.5548999111543166,0.5128721428571418,0.5128721428571418
2267,0.04,-0.019414055272801434,0.04298999999999995,0.04298999999999995
15919,0.22,0.17755021282526667,0.2342708333333329,0.2342708333333329
5838,0.54,0.4827480161919371,0.49563880952380907,0.495638809523809
10235,0.6,0.5646613526409409,0.6077061904761905,0.6077061904761905
2298,0.47,0.45220535603388035,0.4069394047619046,0.40693940476190454
19153,0.59,0.5118631857484813,0.4438884559884563,0.4438884559884563
5072,0.81,0.7919962733748624,0.8009200000000011,0.800920000000001
2356,0.39,0.3754191304145597,0.40028162698412717,0.40028162698412717
1094,0.64,0.5618432657207537,0.5345048015873018,0.5345048015873018
5015,0.61,0.5705866712024167,0.6091115476190472,0.6091115476190472
12323,0.59,0.6759570004902777,0.6200714285714283,0.6200714285714283
556,0.56,0.516324118438201,0.51743503968254,0.51743503968254
19502,0.33,0.42171411638348755,0.3520528571428564,0.3520528571428564
16570,0.48,0.48190198770917897,0.45898250000000024,0.45898250000000024
16018,0.25,0.319143748034289,0.2899109722222227,0.2899109722222227
6669,0.54,0.5861311184977543,0.52935255952381,0.5293525595238101
21887,0.52,0.5263672279934402,0.5311375000000005,0.5311375000000005
19361,0.54,0.5988709808208176,0.642582083333333,0.642582083333333
3302,0.8,0.7255717206496395,0.7283936904761898,0.7283936904761898
3384,0.37,0.3548358880674464,0.3771483333333336,0.37714833333333353
17065,0.36,0.35647125718449235,0.3216179761904768,0.3216179761904768
15086,0.13,0.14942338450424292,0.17087083333333333,0.17087083333333328
9542,0.75,0.7314934394544168,0.7454185714285715,0.7454185714285715
3651,0.48,0.5021854360061527,0.5012166666666666,0.5012166666666666
10116,0.17,0.14321639787415225,0.15804166666666658,0.15804166666666658
13886,0.09,0.08539293787782976,0.0854722619047619,0.0854722619047619
8668,0.3,0.35210149289155496,0.32136428571428466,0.32136428571428477
7933,0.22,0.2728082670384191,0.2957744322344322,0.2957744322344322
18546,0.4,0.5096634562172923,0.5332147619047618,0.5332147619047618
8418,0.53,0.587679196113806,0.5802861904761913,0.5802861904761913
19402,0.38,0.4027662431534202,0.3985708333333317,0.3985708333333317
15059,0.67,0.5855667580836111,0.6423327777777784,0.6423327777777784
11666,0.48,0.4902214123694646,0.4869844047619049,0.4869844047619049
17249,0.63,0.5780933619060835,0.5918654761904761,0.5918654761904761
22129,0.57,0.5727864007336058,0.5539895238095237,0.5539895238095237
1370,0.91,0.7863239523894743,0.7452999999999994,0.7452999999999994
18663,0.41,0.4975706217757544,0.48249391774891853,0.48249391774891853
22473,0.0,-0.06023007254704821,0.0,0.0
7876,0.73,0.6450489805193105,0.6114908333333332,0.6114908333333332
4977,0.65,0.6422308935991232,0.6617366666666686,0.6617366666666686
10151,0.5,0.5173780254364926,0.4698669047619036,0.4698669047619035
2566,0.44,0.42155663508611046,0.4306114880952382,0.4306114880952382
17428,0.52,0.6153335795552928,0.5891638095238094,0.5891638095238094
7028,0.5,0.5457209560633601,0.561571277056277,0.561571277056277
7177,0.31,0.36226878921803185,0.38473545815295807,0.38473545815295807
15740,0.47,0.5438656077446822,0.5552621428571437,0.5552621428571437
17676,0.62,0.562337436338514,0.5350309126984127,0.5350309126984127
17341,0.52,0.5696866457448038,0.6281912100399584,0.6281912100399584
11333,0.24,0.2948558952572885,0.2738508333333334,0.2738508333333334
13598,0.34,0.36729408232189475,0.3739372408147408,0.3739372408147408
18346,0.79,0.8296433701408379,0.809693452380953,0.8096934523809531
6937,0.24,0.21401459178810078,0.24218321248196237,0.24218321248196237
4807,0.41,0.41505345416257866,0.44472845238095254,0.44472845238095254
5204,0.53,0.5420358620600155,0.5741865476190467,0.5741865476190469
18401,0.36,0.44891122447745757,0.45815734126984076,0.45815734126984076
21900,0.4,0.40199040446704504,0.33742292735042734,0.33742292735042734
11397,0.59,0.5706568609987996,0.5741663492063475,0.5741663492063475
12168,0.23,0.21703065503260713,0.21671335317460308,0.21671335317460308
3192,0.0,-0.04243189874566666,0.0,0.0
1331,0.22,0.2728082670384191,0.2957744322344322,0.2957744322344322
6609,0.41,0.3764730374128512,0.418191547619047,0.418191547619047
13870,0.57,0.6336298008702228,0.6902883333333341,0.6902883333333341
2203,0.47,0.45675460450150757,0.48985442640692684,0.48985442640692684
3727,0.22,0.33132387397682095,0.3193333333333335,0.3193333333333335
7273,0.45,0.519494063223386,0.5026929166666673,0.5026929166666673
1676,0.86,0.7433698944510211,0.7807666666666667,0.7807666666666667
102,0.72,0.6361111984700267,0.6086015530303035,0.6086015530303035
4653,0.69,0.6872739962454404,0.6649857142857144,0.6649857142857144
15784,0.78,0.7572924745772256,0.7902157142857145,0.7902157142857145
16867,0.49,0.49570038106414566,0.5318739484126985,0.5318739484126985
20527,0.29,0.3549195798117421,0.37320635669885666,0.37320635669885666
16550,0.39,0.45830268211755937,0.3834515476190472,0.3834515476190472
9617,0.15,0.1858040717227813,0.1813883333333335,0.18138833333333348
7912,0.47,0.383822246819141,0.44804642857142823,0.4480464285714283
8764,0.47,0.44559149028702355,0.46665315476190444,0.46665315476190444
9195,0.2,0.26798095025887536,0.2453825000000002,0.24538250000000023
8858,0.55,0.5699683138134186,0.5676519029581526,0.5676519029581527
3265,0.18,0.14207417509795311,0.15895833333333326,0.15895833333333326
7625,0.45,0.38431641743690126,0.3710474080086578,0.3710474080086578
20246,0.6,0.6363928665386416,0.6379185119047625,0.6379185119047625
8414,0.5,0.46735745043727805,0.4364752380952387,0.4364752380952387
837,0.67,0.6650138654774257,0.6479298809523822,0.6479298809523822
10217,0.45,0.48993974430084974,0.5009451388888886,0.5009451388888886
10690,0.29,0.31817353278029314,0.32813583333333346,0.32813583333333346
4686,0.62,0.5509331490823571,0.5457253571428565,0.5457253571428565
5328,0.15,0.20009201166189633,0.21309305555555597,0.21309305555555597
15450,0.26,0.23091274013186947,0.19557011904761878,0.19557011904761878
6469,0.31,0.31634378709562655,0.32169333333333433,0.32169333333333433
2551,0.41,0.4371883738824422,0.4303320238095244,0.4303320238095244
3924,0.43,0.4686274597414134,0.4920947817460318,0.4920947817460317
5587,0.5,0.4443801019913549,0.3994814880952382,0.3994814880952383
21129,0.54,0.5228974891581157,0.552611024114774,0.5526110241147741
4126,0.47,0.5189998926056257,0.49901166666666574,0.49901166666666574
22658,0.29,0.26162008208810605,0.23952601190476222,0.23952601190476222
7004,0.28,0.31110599144261825,0.2963390097402604,0.2963390097402604
14062,0.53,0.5760475139155731,0.6098055952380967,0.6098055952380967
21803,0.5,0.5180296773516299,0.5141641269841273,0.5141641269841272
12467,0.22,0.23075885859119086,0.21830833333333355,0.21830833333333355
8104,0.52,0.5701626903810394,0.6088587499999987,0.6088587499999986
6725,0.65,0.6720814068151006,0.6497441666666672,0.6497441666666675
9281,0.48,0.5170126656235821,0.49615005952380925,0.49615005952380925
19067,0.11,0.05147245441905468,0.04296499999999992,0.04296499999999992
17770,0.8,0.8000340299665333,0.8603883333333323,0.8603883333333323
17158,0.42,0.4559787658151325,0.47092083333333284,0.47092083333333284
4381,0.27,0.30751206583605595,0.2867867857142854,0.2867867857142854
17271,0.3,0.28289187162060037,0.26702259920634935,0.26702259920634935
5811,0.51,0.5342761737802613,0.5400878571428583,0.5400878571428583
4768,0.44,0.4085637751869597,0.3951423809523813,0.3951423809523813
3967,0.63,0.7329209300559293,0.7465000000000004,0.7465000000000005
9541,0.78,0.7344690076719811,0.7069375000000012,0.7069375000000012
16895,0.32,0.40056651362223106,0.4034999801587303,0.4034999801587302
11471,0.61,0.6660022067129461,0.6792603571428577,0.6792603571428576
19090,0.34,0.35533005868520673,0.32885166666666643,0.3288516666666663
13158,0.5,0.4240785277128565,0.4230706060606061,0.4230706060606061
15703,0.28,0.4014125421049891,0.39103333333333323,0.39103333333333323
17257,0.68,0.6503559416917881,0.6324458333333334,0.6324458333333335
17206,0.41,0.45830268211755937,0.3834515476190472,0.3834515476190472
17805,0.0,0.008236728411986693,0.0421425,0.0421425
19179,0.53,0.6667780453993213,0.6260507900432905,0.6260507900432905
9937,0.44,0.45421070899744864,0.49795023809523786,0.49795023809523786
22204,0.3,0.4090984408316621,0.38223380952380914,0.38223380952380914
18555,0.17,0.11615095320390662,0.16285166666666723,0.16285166666666723
21539,0.5,0.4433917607558344,0.40981003968254015,0.40981003968254015
8421,0.25,0.18489942223155642,0.2291304635642132,0.2291304635642132
21341,0.18,0.2523123161923,0.2791279365079364,0.2791279365079364
16661,0.34,0.36389065638716506,0.3504318452380955,0.3504318452380955
15433,0.44,0.4847902644257491,0.43026916666666687,0.43026916666666687
18146,0.73,0.6199888888126333,0.5946611904761899,0.5946611904761899
22038,0.7,0.6254135843807755,0.6411333333333341,0.6411333333333341
15541,0.45,0.4144890937484355,0.4001476014263514,0.4001476014263514
2245,0.21,0.2742357576399315,0.259825,0.259825
15952,0.42,0.39244146552956616,0.3832733111333112,0.38327331113331115
5353,0.56,0.483325878553993,0.5301771626984128,0.5301771626984126
9443,0.47,0.516324118438201,0.51743503968254,0.51743503968254
8655,0.5,0.4344944737334928,0.419001865079365,0.41900186507936504
15090,0.5,0.44657983152254405,0.41837345238095225,0.41837345238095225
10792,0.26,0.2476570069349595,0.2235299999999996,0.2235299999999996
8281,0.24,0.2684751208766356,0.26831672619047625,0.26831672619047625
19386,0.07,-0.004997304528836788,0.036077797619047544,0.036077797619047544
12352,0.76,0.6406753393305848,0.5744926587301591,0.5744926587301591
1002,0.45,0.4747471548705099,0.4547150595238098,0.45471505952380975
8385,0.56,0.4584601634149365,0.42878922619047666,0.42878922619047666
18107,0.19,0.1726132354993114,0.16655374999999994,0.16655374999999994
1779,0.27,0.18636380810331254,0.17969791666666637,0.17969791666666637
6995,0.66,0.703436800929776,0.7360559523809524,0.7360559523809524
4596,0.28,0.30975229039418717,0.26875833333333377,0.26875833333333377
19091,0.09,0.13994463536314694,0.16403559523809513,0.16403559523809508
6146,0.53,0.5317983759371557,0.5235598809523817,0.5235598809523817
466,0.55,0.5191422053583882,0.5383883333333346,0.5383883333333346
12502,0.74,0.7427884323322667,0.8146885714285697,0.8146885714285697
19367,0.38,0.3402211609991625,0.3226923809523812,0.3226923809523812
15547,0.44,0.44388593137359467,0.4114824639249639,0.4114824639249639
4488,0.17,0.21479043047447588,0.2787997434509934,0.2787997434509934
20057,0.7,0.7643600159149004,0.7338184523809516,0.7338184523809516
9014,0.46,0.36475018681783583,0.33079386904761954,0.3307938690476195
20078,0.57,0.636605369087787,0.6131077380952384,0.6131077380952384
21528,0.71,0.7843653958999579,0.8412507142857143,0.8412507142857142
985,0.41,0.3571598043698733,0.3487552380952379,0.3487552380952379
12180,0.47,0.3911714562254308,0.38544869047619046,0.38544869047619046
12517,0.69,0.7271197982656913,0.7616450000000001,0.7616450000000001
5539,0.12,0.18645212388122018,0.19279000000000013,0.19279000000000013
855,0.45,0.435636696509692,0.4193313690476191,0.41933136904761886
5639,0.43,0.4747066598435678,0.4401652380952381,0.4401652380952381
4059,0.32,0.3407153316169228,0.32479332251082177,0.32479332251082177
3970,0.26,0.28893417645251107,0.3074566071428563,0.3074566071428563
15666,0.03,0.08250466116125971,0.10824999999999972,0.10824999999999972
9165,0.69,0.5402014923417371,0.5084466666666666,0.5084466666666666
19300,0.64,0.6545979194567892,0.6162583333333344,0.6162583333333344
18039,0.49,0.5254193817848618,0.5426966666666664,0.5426966666666664
14204,0.47,0.4423378537575429,0.44142416666666656,0.44142416666666656
9526,0.42,0.32270465526639586,0.34519785714285767,0.34519785714285767
10176,0.13,0.22347983898128398,0.19061249999999996,0.19061249999999996
6169,0.3,0.36524435743559613,0.3045016071428568,0.3045016071428568
625,0.51,0.4888453422756161,0.4857111309523811,0.48571113095238116
20341,0.44,0.44612615593172583,0.43746053571428556,0.4374605357142856
10469,0.25,0.17522629652283978,0.2113180952380952,0.2113180952380952
8685,0.44,0.4733529587951368,0.5109916666666676,0.5109916666666675
18999,0.74,0.7175708593282124,0.7740583333333337,0.7740583333333337
6380,0.42,0.3397269903814023,0.3300410119047617,0.33004101190476187
9693,0.33,0.39697258801566876,0.4168054761904763,0.4168054761904763
12038,0.43,0.4423378537575429,0.44142416666666656,0.44142416666666656
3492,0.45,0.44311009268721957,0.4618474603174603,0.4618474603174603
18201,0.41,0.3498105949635835,0.3637532738095238,0.36375327380952377
2332,0.57,0.5641671820231806,0.5912065927128419,0.5912065927128419
3704,0.47,0.5069290610414008,0.4903291666666659,0.4903291666666659
6974,0.55,0.5259972441469177,0.47697797619047577,0.4769779761904757
2878,0.52,0.5255913893070651,0.5446229166666661,0.5446229166666661
5009,0.66,0.6341058455064584,0.6495700000000005,0.6495700000000005
19710,0.15,0.15522091653778247,0.1657393452380957,0.1657393452380957
14376,0.25,0.2362197013043472,0.24482833333333395,0.24482833333333395
728,0.74,0.6865386525860074,0.6928297619047625,0.6928297619047623
20738,0.14,0.11847486950633351,0.15389985209235205,0.15389985209235205
10331,0.54,0.5486092327799302,0.5718360074647569,0.5718360074647569
10650,0.57,0.6085441065295343,0.5786365476190467,0.5786365476190467
379,0.53,0.4581784953463216,0.5315133333333345,0.5315133333333345
3193,0.78,0.7035240924307702,0.7206649999999989,0.7206649999999989
17490,0.5,0.45265903162469845,0.4536758495670995,0.4536758495670995
7815,0.84,0.7628119382988487,0.7598883333333337,0.7598883333333336
2564,0.22,0.24871839058573766,0.25334166666666674,0.25334166666666674
3658,0.58,0.6155279561229134,0.5741044606782105,0.5741044606782104
19749,0.38,0.4861514421266668,0.4433495833333335,0.4433495833333335
1446,0.4,0.4129410161323837,0.40478321428571395,0.40478321428571395
380,0.4,0.48050779163380586,0.5133877976190473,0.5133877976190474
4180,0.36,0.4226141418411004,0.41278440476190426,0.41278440476190426
370,0.4,0.3632390044720277,0.3831294047619048,0.3831294047619048
11051,0.38,0.2964075726300387,0.29488876984127,0.29488876984126994
17809,0.82,0.7028724405156329,0.6967250000000013,0.6967250000000014
7849,0.42,0.39492286312937014,0.4107607738095237,0.4107607738095237
22213,0.65,0.6135693996333971,0.6310113690476188,0.6310113690476188
4710,0.71,0.6746214254233713,0.6922499999999989,0.6922499999999988
21536,0.38,0.4289058444924002,0.39968315476190486,0.39968315476190486
20117,0.37,0.43625505389869,0.48857702380952284,0.48857702380952284
11490,0.49,0.5489745925928408,0.5443358333333344,0.5443358333333344
21643,0.64,0.6376592760860785,0.5976525,0.5976525
953,0.42,0.42677242786180586,0.36028749999999954,0.36028749999999954
2449,0.28,0.21479043047447588,0.2787997434509934,0.2787997434509934
4277,0.52,0.5359566619578612,0.48423255952381006,0.4842325595238101
10803,0.37,0.39186360316751023,0.3792549999999999,0.3792549999999999
18977,0.3,0.26701073500487954,0.26281045995671,0.26281045995671
6138,0.46,0.4096212819419497,0.3926308333333337,0.3926308333333337
10664,0.87,0.7704797110439969,0.8032,0.8031999999999999
21050,0.47,0.3903992172957541,0.3890226984126982,0.3890226984126982
6081,0.17,0.16991933535036208,0.16317970238095245,0.16317970238095242
8869,0.54,0.5061493454592374,0.5232153571428574,0.5232153571428574
15512,0.57,0.6310859053661638,0.6339280357142862,0.6339280357142862
22719,0.35,0.3341419608970081,0.3195875000000001,0.3195875000000001
15726,0.94,0.9176395064486946,0.9558499999999986,0.9558499999999986
17947,0.36,0.44404341267097175,0.42373511904761946,0.42373511904761946
15368,0.38,0.39889064947824304,0.38716130952380967,0.38716130952380967
12771,0.54,0.6381534467038388,0.6380891666666667,0.6380891666666667
5115,0.49,0.5637135064323625,0.5330187301587294,0.5330187301587294
12570,0.39,0.41815320915138077,0.4125950000000004,0.4125950000000004
13046,0.5,0.45703627257012247,0.4707079761904761,0.47070797619047616
12470,0.24,0.23606222000697014,0.21233672619047606,0.2123367261904761
7518,0.54,0.6090382771472944,0.6052694336219334,0.6052694336219333
6417,0.55,0.5707441524997938,0.565869285714286,0.565869285714286
4516,0.15,0.17853855406078722,0.1652666666666665,0.1652666666666665
15596,0.39,0.40559180672609396,0.3961748809523808,0.39617488095238074
14619,0.66,0.6305917347484036,0.6166375000000011,0.6166375000000011
20085,0.59,0.6281103371485997,0.6478832142857156,0.6478832142857155
2649,0.47,0.40701569757090794,0.3618796282883783,0.3618796282883783
4197,0.31,0.39108776448113514,0.4222420238095236,0.4222420238095236
13907,0.75,0.6896015123045657,0.7284199999999997,0.7284199999999998
1974,0.79,0.7221019818143151,0.7401333333333341,0.740133333333334
10416,0.19,0.17649630582697518,0.17585972222222207,0.17585972222222207
18113,0.74,0.777547252381672,0.7916499999999993,0.7916499999999993
7428,0.72,0.7218203137457002,0.7262166666666664,0.7262166666666664
4350,0.2,0.22263381049852596,0.22124585317460319,0.22124585317460319
4758,0.38,0.44608566090478374,0.4773068650793649,0.4773068650793649
10722,0.13,0.05379637072148158,0.04736805555555553,0.04736805555555553
10390,0.28,0.3341238349154835,0.28430148809523886,0.2843014880952389
15238,0.42,0.41188350937739376,0.33438559523809497,0.33438559523809497
11941,0.53,0.5421195538043113,0.5626224837662341,0.5626224837662341
17796,0.51,0.5640834902788849,0.5618568398268411,0.5618568398268411
16123,0.12,0.1706114822924415,0.17355833333333323,0.17355833333333323
16391,0.64,0.6515854559689814,0.6334457738095236,0.6334457738095236
80,0.38,0.3485405856594481,0.329701349206349,0.32970134920634897
4720,0.24,0.18964304726680448,0.16444297619047624,0.1644429761904762
11392,0.4,0.3801371528157964,0.37094416666666663,0.3709441666666665
8928,0.43,0.41640715521100974,0.35893785714285725,0.35893785714285725
4325,0.4,0.5033312585390503,0.4345585714285718,0.4345585714285718
12607,0.46,0.49806479239351464,0.5043141666666657,0.5043141666666657
21578,0.37,0.3614092587873611,0.33515200396825423,0.33515200396825423
12241,0.53,0.5975723010241548,0.5718130555555554,0.5718130555555554
538,0.2,0.22862931885638468,0.22193569444444455,0.22193569444444455
192,0.34,0.4240380326859144,0.42052708333333333,0.42052708333333333
7768,0.39,0.3997906749358559,0.3901998809523809,0.3901998809523809
6545,0.59,0.5831555502801901,0.6061139743589744,0.6061139743589744
9461,0.51,0.5484148562123096,0.5582992261904772,0.5582992261904772
6749,0.67,0.5993651514385778,0.6071855844155842,0.6071855844155842
20937,0.34,0.3932173042159413,0.3852040476190468,0.3852040476190468
16020,0.31,0.39313001271494713,0.3502130465367968,0.3502130465367968
6686,0.26,0.2340199717731581,0.2649333333333337,0.2649333333333337
4945,0.38,0.4079157230285208,0.42045740079365,0.4204574007936501
5422,0.5,0.5467748630616517,0.5723517261904764,0.5723517261904764
5293,0.41,0.45772481975550344,0.4305849999999991,0.43058499999999905
11573,0.54,0.5613895901299356,0.5001623809523807,0.5001623809523807
16899,0.35,0.3513217773093916,0.3434641666666663,0.3434641666666663
4369,0.69,0.618437211439883,0.6297407142857143,0.6297407142857143
6846,0.0,0.017785667349465573,0.06049416666666671,0.06049416666666671
7054,0.16,0.24545727740377044,0.23392845238095228,0.23392845238095228
19756,0.16,0.21315506135743,0.19817500000000013,0.19817500000000013
1691,0.8,0.7649233520521302,0.8340117857142881,0.8340117857142882
21838,0.34,0.3260169128043432,0.3219366666666667,0.3219366666666668
19929,0.38,0.33364779027924785,0.35699875901875894,0.356998759018759
10924,0.57,0.5573121432346511,0.6026447619047627,0.6026447619047627
469,0.38,0.34009697422792473,0.317035714285714,0.317035714285714
18880,0.47,0.4357608832809297,0.41994940476190457,0.41994940476190457
6248,0.49,0.54917256891716,0.5146130501443004,0.5146130501443004
10157,0.53,0.5339108139673506,0.5954865476190481,0.5954865476190481
13512,0.36,0.3696179986243217,0.40316154761904777,0.4031615476190478
22049,0.4,0.40044232685099324,0.3598002380952383,0.3598002380952383
7256,0.41,0.5250972186893048,0.555245575396825,0.555245575396825
5947,0.3,0.36729408232189475,0.3739372408147408,0.3739372408147408
11349,0.5,0.4960189444030042,0.4829824999999995,0.4829824999999995
20126,0.45,0.4884753584290936,0.46789916666666637,0.46789916666666637
979,0.68,0.6691019617017482,0.6831984307359313,0.6831984307359315
1879,0.33,0.31584961647786636,0.3509504166666666,0.35095041666666665
449,0.38,0.43285162796396026,0.3709050595238093,0.3709050595238093
2084,0.51,0.6011112053789488,0.6461291666666661,0.6461291666666661
15025,0.24,0.30800623645381625,0.3276799512987013,0.3276799512987012
9667,0.58,0.5609135454937,0.5442165476190474,0.5442165476190474
883,0.44,0.43771943977044614,0.370533333333334,0.370533333333334
15211,1.0,0.8153103111411687,0.8388514285714278,0.8388514285714277
7474,0.39,0.43645303022300924,0.45000416666666576,0.45000416666666576
20282,0.73,0.7615419289947134,0.7754975000000003,0.7754975000000003
18512,0.77,0.7032829193890975,0.7308566666666665,0.7308566666666665
20343,0.34,0.4325699598953454,0.3963554761904761,0.3963554761904761
3748,0.39,0.43796061281211884,0.41829166666666695,0.418291666666667
18439,0.52,0.41002816105871576,0.384291666666667,0.384291666666667
11981,0.46,0.46274263620687967,0.377220654761905,0.3772206547619051
4649,0.23,0.1553783978351595,0.14885083333333332,0.14885083333333332
835,0.61,0.6821650113972818,0.6763188924963939,0.6763188924963939
1578,0.47,0.5305283666330204,0.5086705952380948,0.5086705952380949
8832,0.43,0.4352667126631695,0.45484583333333267,0.45484583333333267
18122,0.62,0.5324464280955946,0.5260782142857147,0.5260782142857147
4204,0.34,0.37733719187713394,0.3766091666666668,0.3766091666666669
5772,0.31,0.37088800792845705,0.33371664862914907,0.33371664862914907
684,0.57,0.5554642715684598,0.5154885714285702,0.5154885714285702
16619,0.32,0.3716638466148322,0.35870749999999935,0.35870749999999946
2504,0.75,0.681194796143286,0.7006773773448769,0.7006773773448768
9727,0.43,0.4494053950952178,0.3779783388833389,0.3779783388833388
3402,0.01,-0.04333192420327964,0.012850000000000002,0.012850000000000004
3568,0.08,0.12728846478437944,0.14333996031746005,0.14333996031746005
14206,0.7,0.7541927195884236,0.8011452380952393,0.8011452380952394
13346,0.51,0.5283913502457276,0.5253423214285707,0.5253423214285707
18534,0.69,0.6344056395565979,0.5825470634920644,0.5825470634920644
12023,0.26,0.17020100341897687,0.21239966269841262,0.21239966269841262
11814,0.78,0.6660022067129461,0.6792603571428577,0.6792603571428576
17515,0.61,0.6426845691899414,0.6271875,0.6271875000000001
13485,0.94,0.885548768674586,0.8976108333333316,0.8976108333333318
15668,0.72,0.6199888888126333,0.5946611904761899,0.5946611904761899
10863,0.44,0.3574009774115461,0.31614384920634914,0.31614384920634914
12046,0.41,0.3021214129192825,0.3003977182539686,0.3003977182539686
10258,0.57,0.5051323337311896,0.5293999999999994,0.5293999999999994
15907,0.39,0.42705797282620894,0.42928833333333233,0.42928833333333233
6834,0.4,0.4811261490228039,0.5056376190476191,0.5056376190476191
1591,0.47,0.42000855747005866,0.4268741865079369,0.4268741865079369
2524,0.69,0.6112785017054256,0.641761666666667,0.641761666666667
4067,0.35,0.4224026635688685,0.4361253571428575,0.4361253571428575
1953,0.2,0.2836272152800333,0.2829269841269848,0.2829269841269848
9115,0.5,0.4972520584368959,0.4817241666666671,0.4817241666666671
6472,0.13,0.17175370506864063,0.17304821428571462,0.17304821428571457
9002,0.4,0.39138755853127466,0.37252083333333347,0.3725208333333335
10635,0.44,0.48181469620818485,0.4555662499999989,0.4555662499999989
20932,0.45,0.5017795811663001,0.5119808333333341,0.5119808333333341
1531,0.57,0.5787819090914645,0.63131626984127,0.63131626984127
13183,0.3,0.32009159424286737,0.33344541666666716,0.33344541666666705
17350,0.62,0.5334166433495904,0.5274951190476195,0.5274951190476195
13358,0.37,0.33225359420387474,0.3058486904761908,0.3058486904761908
6251,0.44,0.504879336155102,0.5720833928571438,0.5720833928571437
1168,0.54,0.5785002410228497,0.5949059722222223,0.5949059722222223
6325,0.56,0.6477428806682598,0.5495500000000003,0.5495500000000003
12968,0.56,0.584172562008238,0.5499347817460314,0.5499347817460314
4742,0.79,0.7408048051069216,0.7463187499999995,0.7463187499999994
21334,0.83,0.7339748370542208,0.7598131547619035,0.7598131547619035
12331,0.55,0.6513037879003666,0.640046845238095,0.640046845238095
17706,0.56,0.663802477181757,0.6615243574481071,0.661524357448107
12171,0.14,0.13869275204053627,0.13612750000000007,0.13612750000000007
12313,0.67,0.6434604078763165,0.6492245436507937,0.6492245436507936
16804,0.6,0.6060627089297302,0.6162017460317466,0.6162017460317465
6203,0.45,0.4694032984277885,0.36790541666666793,0.36790541666666793
18873,0.48,0.4930064809151963,0.48200337301587287,0.48200337301587287
6448,0.23,0.29836612911955507,0.2915875000000005,0.2915875000000005
6032,0.14,0.25349503399544115,0.26743363095238043,0.26743363095238043
17440,0.53,0.5768638476288903,0.5750678571428572,0.5750678571428572
6294,0.97,0.8293606777953095,0.9081949999999995,0.9081949999999995
2037,0.33,0.394147024442995,0.43108266955266994,0.43108266955266994
14687,0.34,0.42183830315472526,0.4587822442834942,0.4587822442834941
18137,0.23,0.21013512121713546,0.15090000000000028,0.15090000000000028
12189,0.57,0.5704624844311789,0.542375,0.542375
9726,0.26,0.31942541610290387,0.27863166666666767,0.27863166666666767
6541,0.45,0.4878570010400956,0.5128049999999991,0.5128049999999991
21298,0.85,0.8474415439422194,0.9222400000000022,0.9222400000000022
14383,0.28,0.33740307407897535,0.30508481990231984,0.30508481990231984
8212,0.5,0.5182240539192506,0.5245891666666668,0.5245891666666667
3498,0.32,0.3034751139677136,0.34975771825396834,0.34975771825396834
11182,0.43,0.3989311445051852,0.3952387500000001,0.3952387500000001
5487,0.35,0.41514074566357284,0.33693916666666646,0.33693916666666646
10611,0.53,0.517748009283015,0.51131018304408,0.51131018304408
12723,0.4,0.4074215524107606,0.4426092857142854,0.4426092857142854
19055,0.0,0.010436457943175825,0.052052500000000015,0.0520525
9117,0.48,0.5619674524919915,0.5388908333333327,0.5388908333333327
12443,0.63,0.562659599434071,0.5715175000000002,0.5715175000000002
5415,0.34,0.4004792221212369,0.35277767857143,0.35277767857143
12753,0.49,0.5504389784645969,0.5022224999999989,0.5022224999999989
14045,0.32,0.3792074325887427,0.4002048412698415,0.40020484126984146
13266,0.39,0.4503756103492137,0.449242123015872,0.44924212301587213
7807,0.73,0.7175708593282124,0.7740583333333337,0.7740583333333337
6003,0.4,0.3696179986243217,0.40316154761904777,0.4031615476190478
21821,0.12,0.16554569416163645,0.14785375,0.14785375
18894,0.12,0.1353730178501022,0.13949668831168832,0.13949668831168832
18794,0.71,0.7325509462094069,0.757258333333333,0.757258333333333
11991,0.36,0.3685640916260302,0.3661316666666671,0.3661316666666671
5018,0.59,0.5934803279040441,0.602259898989899,0.6022598989898988
19372,0.12,0.1044281026088913,0.11435000000000001,0.11435
7918,0.71,0.6670966087381798,0.7193666666666658,0.7193666666666658
20012,0.34,0.3500922630321984,0.39694416666666654,0.3969441666666665
10148,0.44,0.4539695359557759,0.44271583333333475,0.44271583333333475
15271,0.58,0.5279153056094918,0.5198216666666665,0.5198216666666664
14050,0.41,0.4021847810346658,0.39837583333333326,0.39837583333333326
14229,0.54,0.5192123951547711,0.5384339285714295,0.5384339285714295
2367,0.72,0.7013243628995811,0.7004833333333326,0.7004833333333326
17303,0.23,0.2572503177951687,0.24283976190476178,0.2428397619047618
18358,0.6,0.5178721960542528,0.4686442261904761,0.468644226190476
8824,0.54,0.5677685842822295,0.5877131547619051,0.5877131547619051
12755,0.36,0.38373855507484533,0.39257857142857155,0.39257857142857155
4763,0.44,0.44891122447745757,0.45815734126984076,0.45815734126984076
4675,0.0,-0.049216747737813316,0.0,0.0
22577,0.42,0.37231189877327103,0.35322083333333354,0.35322083333333354
164,0.36,0.3383914153144959,0.33312208333333354,0.33312208333333354
6966,0.47,0.5415416914422553,0.5945452380952377,0.5945452380952376
21764,0.34,0.4020308994939871,0.39150763888888895,0.39150763888888895
6056,0.33,0.3934999965614696,0.3748682142857139,0.374868214285714
20218,0.8,0.7317751075230317,0.781378571428571,0.781378571428571
15125,0.78,0.6612585816776981,0.6994316666666669,0.699431666666667
5603,0.33,0.371576555113838,0.38384234126984146,0.3838423412698415
21882,0.29,0.3087820751401914,0.3305663888888885,0.3305663888888885
17175,0.18,0.24263919048358326,0.2605301190476187,0.2605301190476187
16247,0.45,0.41668882327962464,0.4446573881673884,0.4446573881673884
1741,0.43,0.43093356650138603,0.42246922619047694,0.4224692261904769
2361,0.65,0.6802064549077654,0.6623930952380962,0.6623930952380962
3235,0.81,0.6918381371059985,0.7310874404761901,0.7310874404761901
7056,0.52,0.6034351216813756,0.6107833333333328,0.6107833333333328
7635,0.03,-0.03818244432817891,0.009150000000000005,0.009150000000000005
17718,0.39,0.47242323856808305,0.5032022619047608,0.5032022619047608
14875,0.6,0.5743419550021442,0.5814599999999993,0.5814599999999993
33,0.31,0.34744618363421453,0.38914702380952365,0.38914702380952365
3267,0.45,0.3792074325887427,0.4002048412698415,0.40020484126984146
5424,0.33,0.39378166463008446,0.39541999999999994,0.39541999999999994
12704,0.23,0.20968144562631733,0.22781666666666667,0.22781666666666667
2209,0.75,0.6139060889537803,0.542573452380952,0.542573452380952
22414,0.15,0.13317328831891312,0.16831146284271284,0.16831146284271284
13793,0.06,0.1330491015476753,0.15457541666666663,0.15457541666666663
9104,0.63,0.6153704748255364,0.5892540476190492,0.5892540476190492
7964,0.12,0.15358167052494837,0.10090000000000013,0.1009000000000001
19597,1.0,0.8627253017693415,0.8974783333333337,0.8974783333333337
1820,0.47,0.5089749090319112,0.4862307792207792,0.4862307792207792
2500,0.17,0.26729342735040784,0.24447499999999997,0.24447499999999997
3841,0.2,0.1330491015476753,0.15457541666666663,0.15457541666666663
1132,0.73,0.6446431256794577,0.6501350000000001,0.6501350000000001
4449,0.3,0.40628035391147493,0.4410349999999997,0.4410349999999996
4026,0.23,0.21324235285842413,0.22018523809523824,0.22018523809523827
9318,0.62,0.6050088019314388,0.5667910714285712,0.5667910714285711
5758,0.15,0.2074412210681861,0.25830654761904714,0.2583065476190471
7633,0.29,0.297747771730557,0.27700555555555506,0.27700555555555506
13714,0.46,0.40713988434214576,0.4114185119047616,0.4114185119047617
6378,0.45,0.4226141418411004,0.41278440476190426,0.41278440476190426
1231,0.62,0.6792767346807117,0.6723673214285718,0.6723673214285719
15006,0.64,0.6019707358096196,0.616115833333333,0.616115833333333
15882,0.32,0.3533715021956903,0.3550326190476189,0.35503261904761885
17403,0.65,0.6339114689388377,0.6302451605339106,0.6302451605339107
20540,0.62,0.6675502843289979,0.7228347619047614,0.7228347619047614
18652,0.44,0.4966004065217586,0.4583520310245306,0.4583520310245306
17397,0.5,0.5540403807236458,0.5172516666666666,0.5172516666666666
13041,0.56,0.6081787467166238,0.5790361309523822,0.5790361309523822
19274,0.3,0.31817353278029314,0.32813583333333346,0.32813583333333346
12840,0.41,0.40806960456919944,0.4081723214285716,0.4081723214285716
19359,0.46,0.5011315290078612,0.4709272222222222,0.4709272222222222
9943,0.28,0.2800332896734711,0.24982999999999983,0.24982999999999983
7161,0.33,0.38586809480965145,0.34304839285714306,0.34304839285714306
15408,0.23,0.2090630882373193,0.22125833333333308,0.22125833333333308
21551,0.38,0.4656518915238491,0.4015804761904766,0.40158047619047665
12961,0.25,0.2684751208766356,0.26831672619047625,0.26831672619047625
21430,0.3,0.2758243302829254,0.2992673809523813,0.2992673809523813
3301,0.45,0.4672035688965994,0.48201714285714287,0.48201714285714287
5350,0.37,0.38043694686593593,0.363071507936508,0.363071507936508
19291,0.24,0.26961734365283474,0.2387875,0.2387875
10102,0.54,0.5859367419301336,0.5750916666666666,0.5750916666666664
5055,0.4,0.3455281221716403,0.38095369047619015,0.38095369047619015
8170,0.8,0.7110676784046807,0.8170150000000015,0.8170150000000015
11869,0.44,0.4508292859400318,0.5080266666666671,0.5080266666666671
9404,0.43,0.5108046547165779,0.4854466666666664,0.4854466666666664
4349,0.41,0.44515594067773007,0.402601428571429,0.40260142857142894
11711,0.25,0.30298094334995335,0.2569363095238089,0.25693630952380897
11001,0.43,0.3713640525646926,0.319702208485958,0.319702208485958
19743,0.45,0.36022654098421986,0.3613890079365082,0.3613890079365082
20459,0.33,0.35945070229784476,0.3631616666666666,0.36316166666666655
7449,0.31,0.29690174324779894,0.3157800000000004,0.3157800000000004
4528,0.07,0.07283153545254306,0.06305000000000001,0.06305000000000001
12251,0.46,0.42636942564082797,0.44226293650793663,0.4422629365079366
7511,0.31,0.299790019964369,0.2653494047619052,0.2653494047619052
13773,0.12,0.22912348947414496,0.16356833333333362,0.16356833333333362
16830,0.83,0.7304395324561253,0.7764883333333329,0.7764883333333329
4483,0.46,0.5011315290078612,0.4709272222222222,0.4709272222222222
20858,0.52,0.5998593220563381,0.5912747619047618,0.5912747619047619
9310,0.53,0.5927044892176689,0.5914512301587304,0.5914512301587304
3883,0.42,0.4593601888725493,0.45374465909091005,0.45374465909091005
13344,0.23,0.2859586082349469,0.2804255952380955,0.2804255952380955
19162,0.56,0.4958245678353834,0.4711209523809523,0.4711209523809523
848,0.25,0.3103301527562431,0.3492575460650463,0.3492575460650463
16809,0.54,0.6086729173343839,0.5591525000000012,0.5591525000000013
10253,0.44,0.4164476502379518,0.34802499999999936,0.3480249999999995
9868,0.61,0.5476390175259344,0.5835623809523794,0.5835623809523794
20564,0.09,0.11259004597179983,0.10405416666666659,0.1040541666666666
20739,0.4,0.49496503740471265,0.5257921428571425,0.5257921428571425
14129,0.42,0.3691238280065614,0.4371649999999995,0.4371649999999995
5732,0.23,0.26283147038377463,0.2604875000000005,0.2604875000000005
4986,0.62,0.4828317079362327,0.40358333333333385,0.40358333333333385
17817,0.2,0.32261348686961344,0.28358404761904754,0.2835840476190476
14430,0.15,0.2306715670901967,0.196884047619048,0.19688404761904799
12862,0.64,0.592015942032288,0.5339154138916641,0.533915413891664
9850,0.49,0.4009733927389972,0.3655864484126984,0.3655864484126984
3862,0.83,0.7111549699056747,0.7092428571428573,0.7092428571428572
8338,0.48,0.3995090068672411,0.33556380952380954,0.33556380952380954
3157,0.3,0.4310218822792936,0.4098398647186151,0.4098398647186152
6771,0.72,0.6923323077237586,0.7365704761904756,0.7365704761904756
11793,0.75,0.7692969932408558,0.8055166666666674,0.8055166666666674
20638,0.31,0.4237968596442417,0.418213787878787,0.418213787878787
11115,0.28,0.2263890942982535,0.21725940476190517,0.21725940476190517
8001,0.58,0.6256952524493904,0.6284249999999993,0.6284249999999993
1125,0.22,0.27154185749098214,0.3016775000000004,0.3016775000000004
20461,0.29,0.2654590576321293,0.25252499999999994,0.25252499999999994
16739,0.53,0.44156201507116777,0.3981684884559884,0.3981684884559883
15309,1.0,0.8803992887994854,0.8473974999999999,0.8473974999999997
22163,0.69,0.6716277312242824,0.6864000000000029,0.6864000000000029
8651,0.62,0.6751811618039025,0.677623571428572,0.6776235714285721
15120,0.24,0.2743599444111693,0.33251333333333405,0.33251333333333405
17938,0.3,0.3703938373106968,0.3629515873015878,0.3629515873015878
7835,0.13,0.17211906488155115,0.2136413888888888,0.2136413888888888
3223,0.29,0.2593798575299749,0.257960670995671,0.25796067099567094
21754,0.11,0.09642724128746416,0.09937500000000009,0.09937500000000009
6678,0.6,0.555269895000839,0.5902603564491063,0.5902603564491063
8004,0.45,0.4598543594903096,0.39661976190476234,0.39661976190476234
18558,0.51,0.5193365819260088,0.49996559523809503,0.49996559523809503
5694,0.65,0.63255029123792,0.586478333333332,0.586478333333332
6083,0.54,0.6189313820576432,0.5966730357142856,0.5966730357142856
673,0.38,0.4189290478377558,0.39235250000000044,0.39235250000000044
19699,0.77,0.706818223987193,0.7439225000000002,0.7439225000000002
9348,0.09,0.009982782352357722,0.04227083333333328,0.04227083333333328
2135,0.0,-0.07085852111683005,0.0003666666666666666,0.0003666666666666666
15732,0.15,0.16412180331682247,0.16057083333333314,0.16057083333333314
15191,0.48,0.47597666914770315,0.5149520039682541,0.5149520039682541
18490,0.84,0.6895142208035716,0.7096770238095241,0.7096770238095241
10967,0.38,0.520112420612384,0.5372859415584417,0.5372859415584417
368,0.68,0.588736702868796,0.5789430952380953,0.5789430952380953
8094,0.31,0.34695201301645423,0.34510644688644737,0.34510644688644737
21498,0.3,0.40848008344266407,0.34763773809523796,0.34763773809523807
19016,0.32,0.301645368283047,0.30948999999999993,0.30948999999999993
6994,0.41,0.355889795065738,0.3824692857142856,0.3824692857142856
19569,0.6,0.6454189643658328,0.6626194642857144,0.6626194642857144
3405,0.18,0.1921649398935506,0.21451166666666655,0.21451166666666657
15221,0.34,0.3452464541030254,0.36320161019536007,0.36320161019536007
18333,0.3,0.31110599144261825,0.2963390097402604,0.2963390097402604
8105,0.13,0.17125953445088038,0.10747041666666672,0.10747041666666673
18933,0.18,0.24496310678601016,0.20784918650793646,0.2078491865079365
6195,0.16,0.20561147538351948,0.22156249999999994,0.22156249999999994
10450,0.32,0.23903778822453436,0.25583452380952393,0.25583452380952393
13203,0.27,0.3403786422965396,0.32848500000000025,0.3284850000000003
5937,0.58,0.5926342994212861,0.6023844642857147,0.6023844642857146
4981,0.33,0.40713988434214576,0.4114185119047616,0.4114185119047617
12650,0.63,0.6356170278522665,0.6335425000000003,0.6335425000000003
18145,0.46,0.41873854816592326,0.4056284523809529,0.40562845238095285
4987,0.38,0.34912204777820255,0.35447916666666635,0.3544791666666663
16498,0.71,0.666196583280567,0.6626875000000004,0.6626875000000004
12006,0.63,0.6431787398077016,0.6178941666666674,0.6178941666666674
20232,0.44,0.4537165383796884,0.44614333333333234,0.44614333333333245
1963,0.35,0.3711696759970719,0.3377425685425687,0.3377425685425687
8958,0.36,0.38431641743690126,0.3710474080086578,0.3710474080086578
14195,0.28,0.2998773114653631,0.28484166666666644,0.2848416666666664
18278,0.22,0.31808984103599747,0.2917086904761903,0.2917086904761903
4276,0.38,0.40701569757090794,0.3618796282883783,0.3618796282883783
1056,0.77,0.7438679419645695,0.78445,0.78445
11479,0.42,0.5502446018969761,0.5228095436507932,0.5228095436507931
4702,0.7,0.7402701394622191,0.7164849999999992,0.716484999999999
6904,0.78,0.6589346653752712,0.6814541666666668,0.6814541666666666
7681,0.65,0.6536277042027935,0.6289145260295268,0.6289145260295268
10251,0.2,0.20539897283437406,0.19289571428571406,0.19289571428571406
10099,0.66,0.6082624384609193,0.6068770238095231,0.6068770238095231
6156,0.0,-0.04909256096657538,0.014063333333333324,0.014063333333333324
9327,0.99,0.8649655263274727,0.9303000000000006,0.9303000000000006
21982,0.46,0.45723064913774325,0.43852749999999935,0.43852749999999935
18212,0.19,0.25880199516791896,0.24775226190476157,0.24775226190476157
8946,0.67,0.5849484006946131,0.5585666666666651,0.5585666666666651
12310,0.67,0.6577888428423737,0.6723750000000003,0.6723750000000003
5578,0.6,0.542401221872926,0.5616417063492063,0.5616417063492064
7738,0.34,0.46670939827883917,0.45768509226884224,0.45768509226884224
12426,0.79,0.7724850640075654,0.822878333333334,0.822878333333334
17118,0.08,0.023216815293181148,0.033559999999999854,0.033559999999999854
3988,0.83,0.7233719911184504,0.7501749999999997,0.7501749999999997
10652,0.61,0.5031737772416732,0.4970749801587302,0.4970749801587302
3339,0.47,0.4276394349449633,0.46517166666666687,0.46517166666666687
2918,0.48,0.5269269643739715,0.5453619047619049,0.5453619047619049
10877,0.79,0.7909387666198726,0.8235250000000005,0.8235250000000004
13430,0.44,0.39386535637438014,0.38575601190476205,0.38575601190476205
4646,0.89,0.8880301662743899,0.9680536904761907,0.9680536904761908
12047,0.62,0.5715568864564126,0.5616333333333325,0.5616333333333325
12278,0.57,0.6284803209951221,0.5487365476190484,0.5487365476190486
22542,0.77,0.8296433701408379,0.809693452380953,0.8096934523809531
96,0.35,0.359944872915605,0.3588125018037521,0.358812501803752
9040,0.39,0.3898358811585244,0.43107572510822445,0.43107572510822445
18578,0.26,0.2497067318212582,0.2532722619047619,0.25327226190476193
4102,0.5,0.4828722029631748,0.48246535714285715,0.48246535714285715
7672,0.14,0.11981506860685187,0.0849625000000001,0.08496250000000007
934,0.37,0.3130240529051925,0.3360854166666671,0.336085416666667
2627,0.31,0.34295555617505397,0.33075833333333376,0.3307583333333337
12853,0.2,0.23810806799748063,0.18288916666666646,0.18288916666666646
1830,0.62,0.655959097157707,0.6655666666666665,0.6655666666666664
5954,0.54,0.6021832383587649,0.5715007088744586,0.5715007088744586
22068,0.44,0.42983916447615245,0.42906166666666723,0.42906166666666723
6315,0.7,0.624425243145255,0.5891958333333311,0.5891958333333311
9897,0.55,0.6530498418407376,0.6640358333333354,0.6640358333333353
17426,0.49,0.5553940817720768,0.5322344011544011,0.5322344011544011
20426,0.16,0.21547897765985688,0.17595869047619034,0.17595869047619034
20007,0.5,0.5489745925928408,0.5443358333333344,0.5443358333333344
5218,0.29,0.2750484915965503,0.22653666666666672,0.22653666666666672
5873,0.5,0.5336983114182052,0.5041833333333328,0.5041833333333327
15688,0.39,0.3713640525646926,0.319702208485958,0.319702208485958
14772,0.24,0.22871301060068036,0.23802857142857117,0.2380285714285712
6045,0.63,0.5861311184977543,0.52935255952381,0.5293525595238101
12196,0.4,0.3725935668418859,0.3526185714285719,0.3526185714285719
15940,0.5,0.4622484655891194,0.463107853535353,0.463107853535353
2146,0.73,0.7071218949331206,0.7241791666666668,0.7241791666666668
15610,0.46,0.4139112313863796,0.4214175000000009,0.42141750000000094
6721,0.48,0.5297525279466453,0.4990941666666663,0.4990941666666664
2941,0.17,0.2610854164434037,0.2670499999999996,0.2670499999999996
6511,0.3,0.33384216684686857,0.36385632936507917,0.3638563293650791
2425,0.25,0.20151590250671025,0.16968333333333294,0.16968333333333294
10550,0.48,0.502679606623913,0.4758774999999995,0.4758774999999995
14842,0.42,0.4819721775055619,0.5279531547619051,0.527953154761905
12928,0.48,0.4975706217757544,0.48249391774891853,0.48249391774891853
6491,0.29,0.294490535444378,0.294787341269841,0.29478734126984096
3579,1.0,0.8754144907225645,0.9224499999999984,0.9224499999999983
14908,0.42,0.4740586076851289,0.3849666017316021,0.3849666017316021
18689,0.26,0.23119440820048429,0.2535575000000001,0.2535575000000001
8952,0.25,0.29836612911955507,0.2915875000000005,0.2915875000000005
5801,0.21,0.3028567565787156,0.2967008333333331,0.2967008333333331
16587,0.24,0.2229154785671408,0.2549716666666668,0.2549716666666669
16216,0.46,0.5089749090319112,0.4862307792207792,0.4862307792207792
21060,0.14,0.16991933535036208,0.16317970238095245,0.16317970238095242
19673,0.61,0.5548162194100209,0.5891983333333333,0.5891983333333332
10111,0.38,0.4224026635688685,0.4361253571428575,0.4361253571428575
22394,0.45,0.3300538646726856,0.3040044047619046,0.3040044047619046
9353,0.41,0.3447522834852652,0.30569394688644624,0.30569394688644624
16944,0.62,0.6785008959943366,0.635097619047619,0.6350976190476191
12422,0.49,0.44559149028702355,0.46665315476190444,0.46665315476190444
16595,0.25,0.21188117515750643,0.20754333333333316,0.20754333333333322
19468,0.36,0.41873854816592326,0.4056284523809529,0.40562845238095285
7106,0.24,0.20731703429694834,0.20064333333333326,0.20064333333333326
11900,0.34,0.39386535637438014,0.38575601190476205,0.38575601190476205
15185,0.33,0.32543905044228727,0.3265358730158727,0.3265358730158727
9862,0.27,0.3258044102551978,0.28118541666666685,0.28118541666666685
4453,0.53,0.5730680688022206,0.6081174999999995,0.6081174999999996
14549,0.31,0.4144890937484355,0.4001476014263514,0.4001476014263514
11380,0.35,0.3513256542051798,0.3554779166666668,0.35547791666666684
5843,0.57,0.5618432657207537,0.5345048015873018,0.5345048015873018
10691,0.33,0.36933993031240525,0.3460541666666666,0.3460541666666666
8306,0.58,0.6384351147724536,0.6211829996392499,0.6211829996392499
20088,0.52,0.5190180185871504,0.5179541666666673,0.5179541666666673
14959,0.79,0.6953990443381053,0.6747263095238085,0.6747263095238085
15895,0.14,0.1325954259568572,0.11887053571428552,0.1188705357142855
13926,0.58,0.5033312585390503,0.4345585714285718,0.4345585714285718
7695,0.9,0.8666008954445186,0.9422499999999985,0.9422499999999985
10912,0.55,0.4672737586929823,0.4704402579365077,0.4704402579365077
13384,0.35,0.3130240529051925,0.3360854166666671,0.336085416666667
18861,0.42,0.3412786677541525,0.36858300824175794,0.3685830082417578
4770,0.21,0.257055941227548,0.25541916666666725,0.25541916666666725
3064,0.71,0.666283874781561,0.7256400000000004,0.7256400000000002
2876,0.39,0.404534299971104,0.38366571428571433,0.38366571428571433
17143,0.38,0.5127632112060942,0.4817811904761907,0.4817811904761906
16934,0.42,0.47511713871703243,0.4940717857142858,0.4940717857142859
3138,0.17,0.20058618227965658,0.1710400000000005,0.1710400000000005
5429,0.32,0.2793852375150322,0.2562789357864358,0.2562789357864357
14950,0.52,0.5350520124666364,0.550836863275613,0.550836863275613
14563,0.5,0.48160219365903945,0.46068309523809453,0.46068309523809453
12685,0.3,0.28134379400454856,0.24666940476190471,0.24666940476190471
16945,0.39,0.3832625104386097,0.3607551623376621,0.360755162337662
2211,0.42,0.4283279821303443,0.46071833333333423,0.4607183333333343
5863,0.63,0.5274211349917317,0.5484383207070709,0.548438320707071
4954,0.47,0.4371883738824422,0.4303320238095244,0.4303320238095244
5298,0.0,-0.058765686675292195,0.0,0.0
302,0.76,0.7483078960538898,0.8155475000000016,0.8155475000000016
5760,0.88,0.8844692590422831,0.9888464880952383,0.9888464880952383
12545,0.68,0.6614529582453188,0.6694666666666668,0.6694666666666668
17449,0.37,0.3944000220190825,0.3920605952380952,0.39206059523809517
8282,0.31,0.32698712805833907,0.320642738095238,0.320642738095238
11557,0.26,0.21479043047447588,0.2787997434509934,0.2787997434509934
9278,0.33,0.4530695104981631,0.4158416666666669,0.4158416666666669
1473,0.35,0.44466177005996976,0.37677976190476187,0.3767797619047619
7364,0.66,0.6692963382693689,0.7423149999999997,0.7423149999999998
4588,0.6,0.5596435361895646,0.6138634523809536,0.6138634523809536
22183,0.45,0.4412803470025529,0.4762458333333338,0.4762458333333338
1847,0.4,0.3609150881696009,0.35217222222222233,0.35217222222222233
21328,0.19,0.18955187887002223,0.17448750000000043,0.17448750000000043
19063,0.26,0.3381789127653505,0.334618502886003,0.33461850288600287
11878,0.38,0.3085004070715765,0.3305149512987011,0.33051495129870095
2527,0.78,0.7270361065213956,0.7372297619047616,0.7372297619047617
18228,0.23,0.16865292580292512,0.16928416666666657,0.16928416666666657
2432,0.72,0.6197072207440183,0.6543958333333333,0.6543958333333333
4960,0.52,0.5811058253938914,0.5239695238095238,0.5239695238095238
12281,0.33,0.38509225612327636,0.37921237727550233,0.37921237727550244
22050,0.43,0.5186480347406279,0.5599899999999994,0.5599899999999994
16264,0.34,0.3792074325887427,0.4002048412698415,0.40020484126984146
217,0.43,0.4488200560806752,0.37539916666666634,0.37539916666666634
14159,0.12,0.09410332498503726,0.12408583333333334,0.12408583333333337
19425,0.57,0.5696866457448038,0.6281912100399584,0.6281912100399584
6895,0.27,0.2436094057375791,0.23310488095238113,0.23310488095238113
5594,0.38,0.47214157049946814,0.4518150595238095,0.45181505952380946
8559,0.03,0.07437961306859475,0.10949692460317455,0.10949692460317452
17840,0.13,0.11218316685503371,0.1380083333333333,0.1380083333333333
21828,0.51,0.5699683138134186,0.5676519029581526,0.5676519029581527
4731,0.81,0.8061313560502124,0.7784750000000008,0.7784750000000008
10911,0.45,0.3703938373106968,0.3629515873015878,0.3629515873015878
18813,0.88,0.8078774099905832,0.7976083333333337,0.7976083333333337
18432,0.28,0.2772482211277394,0.2868324999999997,0.2868324999999997
10037,0.71,0.736215061612352,0.7353583333333324,0.7353583333333324
15679,0.51,0.5737566159876016,0.6050973809523813,0.6050973809523813
11453,0.32,0.36226878921803185,0.38473545815295807,0.38473545815295807
4582,0.87,0.7851781298565766,0.8246375000000009,0.8246375000000009
14434,0.03,0.07763684935477388,0.10137333333333336,0.10137333333333336
12029,0.27,0.30065702704752645,0.30825882936507915,0.30825882936507915
20129,0.52,0.520847764271817,0.4938336904761906,0.4938336904761906
14475,0.31,0.290522749095505,0.2431674999999996,0.24316749999999956
18648,0.32,0.35945070229784476,0.3631616666666666,0.36316166666666655
6881,0.67,0.6809822935941405,0.6172219047619056,0.6172219047619056
19613,0.46,0.392723133598181,0.43109505952380917,0.43109505952380917
10194,0.64,0.6161058184849694,0.5798869895382397,0.5798869895382397
11421,0.5,0.5056551748414772,0.4379495833333336,0.43794958333333367
5054,0.46,0.466622106777845,0.4680613095238098,0.4680613095238098
7432,0.36,0.2735841057247942,0.24027388708513686,0.24027388708513686
14798,0.83,0.8336101322127971,0.8518750000000013,0.8518750000000013
19004,0.62,0.5573121432346511,0.6026447619047627,0.6026447619047627
9382,0.74,0.6894440310071888,0.7165166666666655,0.7165166666666655
10923,0.59,0.6627229675494541,0.6582237499999992,0.6582237499999991
5404,0.45,0.3703938373106968,0.3629515873015878,0.3629515873015878
22448,0.19,0.15733695432467593,0.15734083333333376,0.15734083333333376
6820,0.4,0.43901811956710884,0.43630642857142876,0.4363064285714288
10160,0.54,0.5711510316165598,0.6072262049062046,0.6072262049062046
19196,0.35,0.39263584209718694,0.40144559523809564,0.4014455952380957
2598,0.47,0.41188350937739376,0.33438559523809497,0.33438559523809497
14799,0.24,0.2955480421993679,0.26693797619047593,0.26693797619047593
2963,0.67,0.6536277042027935,0.6289145260295268,0.6289145260295268
468,0.66,0.7189110584287308,0.7316474999999991,0.7316474999999991
9585,0.24,0.24459774697309963,0.18059845238095232,0.18059845238095235
3550,0.58,0.5651373972771765,0.6191447619047616,0.6191447619047616
16389,0.24,0.171665389290733,0.20816083333333343,0.20816083333333346
21691,0.49,0.5236733278444908,0.5410641666666669,0.5410641666666669
15669,0.81,0.8459771580704634,0.8986733333333363,0.8986733333333363
18645,0.4,0.3455281221716403,0.38095369047619015,0.38095369047619015
17413,0.24,0.27455432097879007,0.26276083333333367,0.26276083333333367
671,0.15,0.18616943153569182,0.16203333333333308,0.16203333333333308
16568,0.19,0.25153647750592484,0.2720659340659347,0.2720659340659347
18442,0.62,0.553758712655031,0.5475815753690749,0.5475815753690749
19099,0.58,0.4467742080901647,0.435609166666666,0.435609166666666
3170,0.31,0.3574009774115461,0.31614384920634914,0.31614384920634914
4286,0.11,0.10291692026308319,0.10459999999999994,0.10459999999999996
20344,0.22,0.19690108827631198,0.173369166666667,0.17336916666666696
2363,0.65,0.6145577408689177,0.5255383333333332,0.5255383333333332
10464,0.36,0.39889064947824304,0.38716130952380967,0.38716130952380967
15252,0.32,0.28142748574884424,0.2603077344877346,0.26030773448773464
7464,0.47,0.4410678444534075,0.4502060714285727,0.4502060714285727
16366,0.73,0.7256959074208773,0.7200324999999999,0.7200325000000001
9544,0.08,0.1330491015476753,0.15457541666666663,0.15457541666666663
21077,0.35,0.3571598043698733,0.3487552380952379,0.3487552380952379
3295,0.85,0.8663894171722868,0.8965200000000011,0.8965200000000011
18205,0.45,0.4539290409288338,0.4389827380952379,0.4389827380952379
12911,0.32,0.41498326436619576,0.44664214285714215,0.44664214285714215
9913,0.62,0.619213050126258,0.5991315674603175,0.5991315674603175
5888,0.54,0.5770358551510936,0.6115513537851037,0.6115513537851037
6903,0.86,0.7440584416364022,0.7822316666666663,0.7822316666666663
9788,0.5,0.4764527137839387,0.4724833333333331,0.47248333333333314
14690,0.71,0.5934803279040441,0.602259898989899,0.6022598989898988
6999,0.44,0.36757575039050966,0.32897750000000053,0.32897750000000053
12737,0.59,0.6282678184459767,0.6261436309523821,0.626143630952382
4831,0.77,0.7078065652227135,0.7269216666666659,0.7269216666666658
20442,0.19,0.21324235285842413,0.22018523809523824,0.22018523809523827
18607,0.55,0.576947539373186,0.6210577380952383,0.6210577380952383
19668,0.27,0.25953733882735197,0.23743249999999996,0.2374325
4837,0.56,0.526648896062055,0.5473791666666656,0.5473791666666656
11388,0.63,0.5636730114054204,0.6095473214285715,0.6095473214285715
5069,0.57,0.5737566159876016,0.6050973809523813,0.6050973809523813
10655,0.43,0.37570079848317456,0.4153386904761902,0.4153386904761902
10307,0.5,0.4301577278150109,0.4507648809523811,0.4507648809523811
4761,0.11,0.18588776346707697,0.1607591666666665,0.1607591666666665
17643,0.33,0.299101472778988,0.2964226190476192,0.2964226190476192
6845,0.47,0.5043851655373418,0.4961117857142859,0.4961117857142859
8652,0.39,0.3994253151229454,0.369632380952381,0.369632380952381
13225,0.76,0.5935640196483398,0.6018315313852809,0.6018315313852809
14771,0.42,0.3667087433073522,0.2793173809523804,0.2793173809523804
1461,0.55,0.5499629338283614,0.5474934523809526,0.5474934523809527
21997,0.43,0.49610623590399827,0.45334969696969735,0.45334969696969735
19447,0.45,0.40763405495990596,0.41909236402486477,0.41909236402486477
6135,0.6,0.5758063408739004,0.5757760973748471,0.5757760973748471
14618,0.34,0.3308297033590607,0.2716470833333336,0.2716470833333336
8491,0.21,0.2654590576321293,0.25252499999999994,0.25252499999999994
14885,0.48,0.548044872365787,0.5963034523809535,0.5963034523809535
12508,0.09,0.037633566037145794,0.051199999999999954,0.05119999999999997
19366,0.52,0.5649430207095557,0.4941652326839824,0.4941652326839824
18342,0.62,0.5056551748414772,0.4379495833333336,0.43794958333333367
14166,0.67,0.5172538386652548,0.5512183333333328,0.5512183333333328
399,0.58,0.5619674524919915,0.5388908333333327,0.5388908333333327
13975,0.38,0.32629858087295804,0.2840416666666663,0.2840416666666663
3520,0.59,0.6294505362491178,0.6147100000000006,0.6147100000000006
6954,0.42,0.434901352850259,0.45944323412698373,0.45944323412698373
21025,0.62,0.6389292853902139,0.5880014682539665,0.5880014682539665
7723,0.48,0.5475507017480268,0.5054833333333325,0.5054833333333325
433,0.6,0.5544940563144639,0.6059186847874352,0.605918684787435
20333,0.34,0.3457406247207857,0.3277699999999994,0.3277699999999994
8443,0.27,0.2823977010028401,0.27860749999999945,0.27860749999999945
21855,0.4,0.3941875194699371,0.45150097222222135,0.45150097222222135
19856,0.52,0.5694741431956584,0.5281430555555552,0.5281430555555552
18493,0.64,0.6072085314626279,0.6011448412698422,0.6011448412698422
105,0.48,0.38651614696809034,0.3360254924242423,0.3360254924242423
2977,0.52,0.4835202551216137,0.4697666666666661,0.4697666666666661
7185,0.38,0.3685640916260302,0.3661316666666671,0.3661316666666671
2076,0.76,0.6999631851986634,0.6379044047619058,0.6379044047619058
2949,0.23,0.23075885859119086,0.21830833333333355,0.21830833333333355
6753,0.02,0.014726407387605722,0.05794166666666675,0.05794166666666675
22199,0.66,0.5877664876148002,0.5789916666666671,0.5789916666666671
7657,0.62,0.6522740031543623,0.5929064285714285,0.5929064285714286
790,0.6,0.612793560947022,0.6548983333333334,0.6548983333333334
11706,0.17,0.171665389290733,0.20816083333333343,0.20816083333333346
17835,0.78,0.6647321974088108,0.6508149999999988,0.6508149999999988
8317,0.23,0.23026468797343058,0.24053309523809488,0.24053309523809485
7023,0.63,0.5806116547761311,0.581467896825397,0.581467896825397
7431,0.16,0.24638699763082414,0.24300833333333322,0.24300833333333322
8204,0.32,0.25377670206405606,0.27249339285714264,0.2724933928571427
20361,0.68,0.6085441065295343,0.5786365476190467,0.5786365476190467
13329,0.56,0.6755916406773672,0.6699238690476191,0.6699238690476191
1053,0.47,0.5560826289574579,0.5587235714285712,0.5587235714285712
20445,0.95,0.8018819016327245,0.7337167460317455,0.7337167460317455
4873,0.71,0.6953990443381053,0.6747263095238085,0.6747263095238085
7977,0.49,0.4074215524107606,0.4426092857142854,0.4426092857142854
5390,0.57,0.504879336155102,0.5720833928571438,0.5720833928571437
6564,0.5,0.5030900854973775,0.4949273809523806,0.4949273809523806
21136,0.46,0.49475253485556725,0.4654065277777783,0.4654065277777783
20628,0.52,0.4861514421266668,0.4433495833333335,0.4433495833333335
17715,0.45,0.4294691806296299,0.3901740043290047,0.3901740043290047
3289,0.51,0.5943398583347148,0.566479027777778,0.5664790277777779
3109,0.0,-0.07232290698858607,0.0003666666666666666,0.0003666666666666666
13985,0.49,0.5693166618982813,0.535459999999999,0.535459999999999
20211,0.46,0.503525635106671,0.5051584523809525,0.5051584523809525
6617,0.54,0.5889492054179415,0.5672278571428557,0.5672278571428557
16212,0.09,0.031748742502612226,0.06972083333333334,0.06972083333333336
725,0.62,0.6354595465548893,0.6796160714285701,0.6796160714285701
16611,0.2,0.13819858142277602,0.18113708333333295,0.181137083333333
15840,0.36,0.41216517744600867,0.4169661284548788,0.41696612845487885
345,0.53,0.5710222208117102,0.6110896031746045,0.6110896031746045
17951,0.12,0.2096409505993752,0.21924583333333342,0.21924583333333342
20523,0.32,0.3997069831915603,0.40145571428571514,0.4014557142857151
1223,0.43,0.4509534727112696,0.4518697619047621,0.4518697619047621
19187,0.49,0.41477076181705036,0.42977638167388194,0.42977638167388194
1804,0.81,0.7598363700812845,0.7704044047619041,0.7704044047619043
11630,0.49,0.47328276899875377,0.4343364880952385,0.43433648809523845
8942,0.39,0.3749249597967994,0.4064019841269841,0.4064019841269842
1251,0.7,0.7119272088353514,0.7419966666666666,0.7419966666666666
1267,0.18,0.22360402575252178,0.2084463492063492,0.2084463492063492
15747,0.38,0.327722471717772,0.31196714285714194,0.31196714285714194
17131,0.55,0.5108046547165779,0.4854466666666664,0.4854466666666664
9575,0.24,0.28313304466227307,0.31171849927849915,0.31171849927849915
6444,0.55,0.556858467643833,0.5527328968253972,0.5527328968253972
18896,0.49,0.4950523289057068,0.4906252380952376,0.49062523809523767
13321,0.81,0.7772105630612888,0.8477341666666675,0.8477341666666676
967,0.41,0.3725935668418859,0.3526185714285719,0.3526185714285719
18740,0.55,0.49145092664665785,0.49148250000000027,0.4914825000000003
22107,0.69,0.6741272548056111,0.6427303334165835,0.6427303334165835
20936,0.18,0.18539359284931672,0.1813339285714285,0.1813339285714285
19700,0.52,0.5452267854455999,0.5568391666666662,0.5568391666666662
4663,0.49,0.5621249337893686,0.5656576154401152,0.5656576154401152
12244,0.39,0.43796061281211884,0.41829166666666695,0.418291666666667
523,0.41,0.38509225612327636,0.37921237727550233,0.37921237727550244
19329,0.86,0.818326374385675,0.8539000000000015,0.8539000000000015
571,0.59,0.6045146313136784,0.5119992857142859,0.5119992857142859
8363,0.51,0.473158582227516,0.5360607142857144,0.5360607142857144
21387,0.68,0.6883315030004303,0.6954017857142848,0.6954017857142848
17923,0.43,0.4057861832937147,0.40711166666666654,0.4071116666666665
7856,0.35,0.3780247147856014,0.33988333333333287,0.3398833333333328
20336,0.51,0.5236733278444908,0.5410641666666669,0.5410641666666669
14485,0.41,0.3997069831915603,0.40145571428571514,0.4014557142857151
6863,0.5,0.49378231960157143,0.4188183333333337,0.4188183333333337
18871,0.36,0.3571598043698733,0.3487552380952379,0.3487552380952379
19433,0.41,0.37688351628631583,0.3615613095238093,0.3615613095238093
2127,0.73,0.7955029074804306,0.7630324999999997,0.7630324999999997
17658,0.37,0.4027662431534202,0.3985708333333317,0.3985708333333317
9175,0.42,0.48104245727850814,0.3998530357142861,0.39985303571428593
6397,0.89,0.8078774099905832,0.7976083333333337,0.7976083333333337
9022,0.38,0.35210149289155496,0.32136428571428466,0.32136428571428477
8502,0.28,0.29101691971326527,0.3112400000000003,0.3112400000000003
12010,0.39,0.4681332891236531,0.5052814285714287,0.5052814285714287
22617,0.44,0.559058197175022,0.5326824999999994,0.5326824999999994
18413,0.37,0.4517995011940276,0.43590999999999913,0.43590999999999913
20270,0.06,0.08850016951911849,0.142325,0.142325
12571,0.32,0.2817091538174591,0.2581246428571429,0.2581246428571429
21444,0.43,0.43192190773690653,0.39870797619047627,0.39870797619047627
372,0.64,0.7191927264973457,0.7050927380952378,0.7050927380952378
15817,0.47,0.508480738414151,0.4931813564213563,0.4931813564213563
391,0.39,0.3696179986243217,0.40316154761904777,0.4031615476190478
7914,0.52,0.6380697549595431,0.6193351785714287,0.6193351785714287
5673,0.56,0.5907459327281527,0.5965347619047621,0.5965347619047621
6128,0.66,0.6004190584368694,0.5920071428571426,0.5920071428571426
5021,0.53,0.45675460450150757,0.48985442640692684,0.48985442640692684
12713,0.46,0.403736458407416,0.4247520833333329,0.4247520833333329
8915,0.26,0.2881988327930781,0.2825384523809528,0.2825384523809528
22710,0.45,0.4598543594903096,0.39661976190476234,0.39661976190476234
4707,0.55,0.5073320632623787,0.5238975000000012,0.5238975000000013
4888,0.54,0.5184365564683959,0.506438333333333,0.506438333333333
22255,0.52,0.5983076446835878,0.5701346158008662,0.5701346158008662
16947,0.61,0.6225071816826808,0.6306983333333327,0.6306983333333327
14962,0.32,0.36410315893631046,0.34690000000000043,0.34690000000000043
15186,0.15,0.10377645069375396,0.10616527777777789,0.1061652777777779
9148,0.56,0.6284803209951221,0.5487365476190484,0.5487365476190486
293,0.6,0.6844889276997087,0.6391522619047619,0.6391522619047618
19702,0.53,0.4780263940340019,0.5191720238095247,0.5191720238095247
11457,0.55,0.5974470899760036,0.567709166666666,0.567709166666666
14678,0.39,0.4219957844521024,0.40786999999999973,0.4078699999999996
3486,0.59,0.5783714302179999,0.6056324999999996,0.6056324999999996
17001,0.37,0.4817778009379412,0.484066488095238,0.4840664880952381
7932,0.33,0.36072071160198016,0.3432366666666667,0.3432366666666667
21221,0.25,0.3116001620603785,0.27351892857142834,0.27351892857142834
18158,0.69,0.6876798510852931,0.7625075000000008,0.7625075000000008
19279,0.41,0.48410171724036805,0.514218214285715,0.514218214285715
12619,0.27,0.2676992821902605,0.296965,0.296965
19088,0.63,0.6780067253765765,0.6988083333333331,0.6988083333333333
10593,0.41,0.34602229278940055,0.35876416666666633,0.3587641666666663
16914,0.43,0.5268432726296758,0.516200059523809,0.516200059523809
132,0.45,0.4764527137839387,0.4724833333333331,0.47248333333333314
11313,0.33,0.26623489631850444,0.30109042388167373,0.3010904238816738
19066,0.58,0.5604193748759397,0.5437383333333337,0.5437383333333337
18147,0.55,0.6344056395565979,0.5825470634920644,0.5825470634920644
10087,0.28,0.3046865022633822,0.2697558333333336,0.2697558333333336
19249,0.7,0.7527688287436096,0.7515970238095235,0.7515970238095236
5394,0.4,0.4620540890214987,0.37944583333333326,0.37944583333333326
12599,0.32,0.33491779958338325,0.30033333333333284,0.3003333333333328
5217,0.67,0.58421305703518,0.6005708333333327,0.6005708333333327
11131,0.28,0.31117618123900115,0.28156250000000066,0.28156250000000066
6854,0.76,0.7126157560207325,0.7371619047619039,0.7371619047619039
8161,0.73,0.6522740031543623,0.5929064285714285,0.5929064285714286
15682,0.38,0.5039496159280483,0.5174636507936499,0.5174636507936499
2405,0.58,0.6462784947965037,0.675198211094461,0.675198211094461
6787,0.48,0.5585640265572618,0.5013758333333327,0.5013758333333326
20033,0.79,0.7185041793119645,0.747949523809524,0.7479495238095238
5722,0.33,0.3992965043180957,0.406047023809524,0.40604702380952395
21356,0.57,0.6374181030444057,0.669467499999999,0.669467499999999
16836,0.44,0.4554845951973722,0.450645182178932,0.450645182178932
14177,0.55,0.5114563066317152,0.564022499999999,0.564022499999999
4345,0.11,0.19091305657093988,0.1820158333333333,0.1820158333333333
8580,0.5,0.5934803279040441,0.602259898989899,0.6022598989898988
19445,0.68,0.6031534536127607,0.5258647619047632,0.5258647619047632
4571,0.0,0.0011691870743117394,0.04359166666666664,0.04359166666666664
3300,0.48,0.5196182499946237,0.5180920833333335,0.5180920833333335
5976,0.53,0.592015942032288,0.5339154138916641,0.533915413891664
7412,0.35,0.3223318188009986,0.29359999999999975,0.2935999999999998
6419,0.61,0.5495092582375432,0.5658425000000014,0.5658425000000012
10676,0.29,0.34091330794124197,0.3333458333333328,0.33334583333333273
17996,0.48,0.5325706148668323,0.4954025198412703,0.49540251984127026
14601,0.58,0.5635893196611247,0.5819194047619053,0.5819194047619053
21013,0.49,0.5252214054605425,0.4969815674603171,0.4969815674603171
11472,0.54,0.6586529973066564,0.6556984686147185,0.6556984686147185
10951,0.54,0.5611079220613208,0.560250898962148,0.560250898962148
16039,0.48,0.5327280961642094,0.5142285515873013,0.5142285515873013
18777,0.54,0.5918584607349109,0.5869974999999998,0.5869974999999998
9655,0.31,0.290522749095505,0.2431674999999996,0.24316749999999956
20978,0.65,0.5113690151307211,0.5342866666666657,0.5342866666666657
20456,0.73,0.638351423028158,0.6670402976190475,0.6670402976190474
16225,0.42,0.4410678444534075,0.4502060714285727,0.4502060714285727
11902,0.39,0.3609150881696009,0.35217222222222233,0.35217222222222233
3015,0.17,0.11360705769984769,0.13593684523809504,0.13593684523809504
19976,0.94,0.8805234755707231,0.9339183333333325,0.9339183333333325
4491,0.1,0.11104196835574809,0.12573499999999999,0.12573499999999999
1532,0.23,0.21981572357833878,0.23104482142857097,0.23104482142857097
3231,0.41,0.4503756103492137,0.449242123015872,0.44924212301587213
1076,0.43,0.39688141961888646,0.3755494047619044,0.3755494047619043
888,0.38,0.4226141418411004,0.41278440476190426,0.41278440476190426
20097,0.6,0.5942561665904192,0.5946650000000012,0.5946650000000012
3712,0.87,0.8841875909736684,0.9649500000000001,0.9649500000000001
6464,0.24,0.2523123161923,0.2791279365079364,0.2791279365079364
9079,0.43,0.3933711857566199,0.396085833333333,0.396085833333333
13968,0.43,0.4484170538596973,0.44835130952381,0.44835130952381
17516,0.38,0.44515594067773007,0.402601428571429,0.40260142857142894
17270,0.71,0.6870328232037677,0.715414285714286,0.715414285714286
1608,0.27,0.2347958104595332,0.23177398809523808,0.23177398809523808
9363,0.4,0.3492759293188812,0.3661203571428573,0.3661203571428573
6700,0.09,0.04892855891499576,0.08053250000000008,0.08053250000000009
15568,0.66,0.541625383186551,0.5898126190476181,0.5898126190476181
9257,0.53,0.49977035130694347,0.5434310714285718,0.5434310714285718
4408,0.91,0.7539515465467508,0.7547005952380949,0.7547005952380946
12920,0.63,0.4952062104463854,0.6155992857142845,0.6155992857142845
2370,0.38,0.4636096432900371,0.4266268975468974,0.4266268975468974
2679,0.31,0.3685640916260302,0.3661316666666671,0.3661316666666671
14591,0.4,0.36218509747373623,0.3798225000000002,0.37982250000000006
17159,0.27,0.38683831006364733,0.431905,0.431905
6577,0.15,0.07940490617245766,0.1330467261904759,0.1330467261904759
7563,0.49,0.5294708598780304,0.47321285714285666,0.47321285714285666
17343,0.69,0.6941290350339698,0.6960500000000012,0.6960500000000011
18380,0.18,0.25774448841292896,0.23727083333333307,0.23727083333333307
21047,0.68,0.7233719911184504,0.7501749999999997,0.7501749999999997
16016,0.5,0.510522986647963,0.5470118242868232,0.5470118242868232
19259,0.29,0.2958297102679827,0.26652821428571366,0.26652821428571366
8501,0.2,0.2231098551347615,0.22221328463203446,0.22221328463203446
13742,0.81,0.7463898345913157,0.7359499999999994,0.7359499999999994
17127,0.4,0.38524973742065344,0.35088591269841296,0.35088591269841296
13659,0.16,0.20123783419479385,0.16017624999999996,0.16017624999999996
12127,0.54,0.5568179726168908,0.5225321230158732,0.5225321230158732
16974,0.09,0.08201049054349946,0.10808666666666672,0.10808666666666672
1839,0.52,0.5613895901299356,0.5001623809523807,0.5001623809523807
12288,0.37,0.49574087609108775,0.45502500000000057,0.45502500000000057
8289,0.98,0.8516909983597072,0.8536190476190479,0.8536190476190478
11023,0.1,0.08781162233373746,0.11345,0.11344999999999997
13530,0.71,0.6087971041056217,0.5869833333333317,0.5869833333333317
11036,0.5,0.4356771915366341,0.41804083333333386,0.41804083333333386
11628,0.45,0.4233026890264814,0.4100398809523799,0.4100398809523799
1322,0.55,0.5160424503695862,0.5526383928571427,0.5526383928571427
14668,0.29,0.22871301060068036,0.23802857142857117,0.2380285714285712
8405,0.59,0.6067143608448676,0.5888519047619047,0.5888519047619046
14109,0.44,0.40423062902517626,0.40633750000000063,0.4063375000000007
13658,0.54,0.4729174091858433,0.4360121428571421,0.4360121428571421
6922,0.48,0.5332591620522134,0.5187917857142856,0.5187917857142857
22097,0.41,0.5200719255854419,0.510788749999999,0.510788749999999
14027,0.67,0.6240183640284889,0.6108866071428577,0.6108866071428577
9113,0.4,0.3782372173347468,0.33880909090909095,0.33880909090909095
7716,0.27,0.30298094334995335,0.2569363095238089,0.25693630952380897
494,0.13,0.0706945190652502,0.04575833333333329,0.04575833333333329
18340,0.53,0.4740586076851289,0.3849666017316021,0.3849666017316021
19428,0.38,0.38651614696809034,0.3360254924242423,0.3360254924242423
2241,0.29,0.26701073500487954,0.26281045995671,0.26281045995671
21645,0.12,0.20201007312447056,0.19166107142857133,0.19166107142857133
13023,0.17,0.10377645069375396,0.10616527777777789,0.1061652777777779
2093,0.51,0.5320764442490721,0.5609105357142862,0.5609105357142862
17098,0.46,0.5765821795602755,0.5700062500000016,0.5700062500000015
14169,0.39,0.44612615593172583,0.43746053571428556,0.4374605357142856
1156,0.33,0.37871326197098243,0.3650816666666668,0.3650816666666668
20034,0.63,0.5252214054605425,0.4969815674603171,0.4969815674603171
16160,0.21,0.16955397553745155,0.18556029761904774,0.18556029761904783
5777,0.4,0.4653556972304081,0.4743552380952379,0.4743552380952379
19466,0.39,0.31817353278029314,0.32813583333333346,0.32813583333333346
18884,0.66,0.6121455087885832,0.6072363492063498,0.6072363492063498
21467,0.51,0.5958042442064709,0.6220633333333342,0.6220633333333342
19221,0.35,0.47597666914770315,0.5149520039682541,0.5149520039682541
2368,0.45,0.502679606623913,0.4758774999999995,0.4758774999999995
19449,0.28,0.3169035234761578,0.2834733333333328,0.2834733333333328
17253,0.26,0.28974691040912987,0.24780666666666618,0.24780666666666618
7157,0.43,0.3249043847975849,0.270816428571429,0.270816428571429
14101,0.38,0.36072071160198016,0.3432366666666667,0.3432366666666667
2839,0.65,0.6367295558590248,0.639855476190476,0.639855476190476
7339,0.4,0.5259972441469177,0.47697797619047577,0.4769779761904757
17854,0.72,0.6944693241110516,0.7168691666666659,0.716869166666666
7861,0.21,0.24186335179720816,0.22801799603174608,0.22801799603174608
17035,0.02,0.0242753463250846,0.04808333333333329,0.04808333333333329
18575,0.0,0.0016633576920720428,0.005808333333333336,0.005808333333333336
9704,0.37,0.32539855541534524,0.3619686904761905,0.3619686904761905
3980,0.51,0.5428081009896922,0.5256049999999994,0.5256049999999994
3774,0.17,0.24263919048358326,0.2605301190476187,0.2605301190476187
17896,0.24,0.28289187162060037,0.26702259920634935,0.26702259920634935
10197,0.58,0.5869069571841294,0.6198108333333349,0.6198108333333349
3460,0.04,0.0011691870743117394,0.04359166666666664,0.04359166666666664
3987,0.28,0.2676587871633184,0.24732619047619026,0.24732619047619026
22614,0.51,0.6256952524493904,0.6284249999999993,0.6284249999999993
17190,0.49,0.40713988434214576,0.4114185119047616,0.4114185119047617
22495,0.47,0.4554845951973722,0.450645182178932,0.450645182178932
15538,0.59,0.5832428417811842,0.6006577777777775,0.6006577777777776
2442,0.3,0.3979609292511893,0.40101249999999866,0.40101249999999866
17464,0.51,0.6009537240815717,0.5418458333333339,0.541845833333334
1984,0.21,0.20793539168594638,0.20198166666666634,0.20198166666666634
6592,0.66,0.5575938113032659,0.5501315277777775,0.5501315277777774
5579,0.75,0.7395347958027862,0.751370595238095,0.751370595238095
1523,0.54,0.5922976101009029,0.6265074999999992,0.6265074999999992
5583,0.22,0.16651590941563232,0.2250833333333332,0.22508333333333322
10945,0.38,0.4777227230880742,0.5171101190476195,0.5171101190476194
8457,0.28,0.30472699729032426,0.27770356643356703,0.27770356643356703
3660,0.07,0.0007633322344591242,0.018883333333333314,0.018883333333333314
11796,0.95,0.8006523873555313,0.8326500000000011,0.8326500000000011
16217,0.52,0.5912401033459129,0.5952913769563765,0.5952913769563765
6990,0.2,0.15011193168962395,0.16566000000000028,0.16566000000000025
21057,0.46,0.4809136464736585,0.4845224999999989,0.484522499999999
15868,0.67,0.6201427703533118,0.6215829166666665,0.6215829166666665
358,0.58,0.6028717855441459,0.6272019047619053,0.6272019047619052
8427,0.39,0.3776188599457488,0.30740833333333234,0.30740833333333234
19489,0.39,0.4282874871034022,0.4011539880952379,0.4011539880952379
3377,0.72,0.6894440310071888,0.7165166666666655,0.7165166666666655
20077,0.67,0.6187188795084978,0.6252801785714283,0.6252801785714284
4330,0.48,0.46670939827883917,0.45768509226884224,0.45768509226884224
22272,0.39,0.3014328657339016,0.30119394841269864,0.3011939484126986
20263,0.46,0.4661279361600848,0.48461249999999967,0.48461249999999967
7936,0.77,0.7189947501730263,0.72363,0.72363
4785,0.03,0.0426588591410087,0.05217500000000004,0.05217500000000004
700,0.35,0.3480645410232126,0.33241833333333237,0.33241833333333237
22583,0.32,0.37088800792845705,0.33371664862914907,0.33371664862914907
1586,0.27,0.286734446921322,0.31898333333333334,0.31898333333333334
21347,0.36,0.42121994576572724,0.43591166666666753,0.43591166666666753
6743,0.09,0.067030403662305,0.06802184523809524,0.06802184523809524
9798,0.65,0.6816006509831386,0.7120545238095234,0.7120545238095234
18580,0.74,0.7290783547552077,0.7680699999999997,0.7680699999999997
4347,0.49,0.4243601957814714,0.45565373015873023,0.45565373015873023
5802,0.39,0.2970961198154196,0.3001595238095245,0.3001595238095245
10933,0.25,0.26015569621635,0.26013333333333394,0.26013333333333394
5411,0.08,0.03791523410576075,0.08001666666666661,0.08001666666666661
18083,0.24,0.30093869511614135,0.2579350198412698,0.2579350198412698
1010,0.5,0.5486092327799302,0.5718360074647569,0.5718360074647569
2656,0.3,0.33384216684686857,0.36385632936507917,0.3638563293650791
20435,0.23,0.17125953445088038,0.10747041666666672,0.10747041666666673
8337,0.69,0.6442362465626916,0.6136944733044732,0.6136944733044732
17151,0.83,0.8818636746712415,0.8544975000000011,0.8544975000000011
18308,0.34,0.2882825245373738,0.27325093073593065,0.27325093073593065
11602,0.81,0.8037191239698778,0.838125000000001,0.838125000000001
17659,0.36,0.4491928925460724,0.481301666666667,0.481301666666667
15697,0.51,0.4779352256372196,0.4607212500000007,0.4607212500000007
115,0.39,0.47597666914770315,0.5149520039682541,0.5149520039682541
1445,0.31,0.2698990117214496,0.3082846428571438,0.3082846428571438
7473,0.59,0.5114932019019588,0.5131587590187587,0.5131587590187587
8868,0.54,0.6220311370464452,0.5749076190476198,0.5749076190476198
6827,0.0,-0.06023007254704821,0.0,0.0
7469,0.47,0.39244146552956616,0.3832733111333112,0.38327331113331115
19718,0.38,0.36214460244679414,0.3084872619047616,0.3084872619047616
9532,0.36,0.36496268936698123,0.3647420238095232,0.3647420238095232
22412,0.36,0.3211491009978574,0.31074499999999927,0.31074499999999927
11461,0.37,0.3189493714666683,0.2690900000000003,0.2690900000000002
21277,0.34,0.3667087433073522,0.2793173809523804,0.2793173809523804
9279,0.59,0.5056551748414772,0.4379495833333336,0.43794958333333367
18765,0.38,0.37774304671698655,0.37140899069884376,0.37140899069884376
11312,0.6,0.6287619890637369,0.6070970995670992,0.6070970995670992
15153,0.34,0.42233247377248556,0.42592293650793683,0.42592293650793694
14603,0.23,0.3258044102551978,0.28118541666666685,0.28118541666666685
19593,0.46,0.4747066598435678,0.4401652380952381,0.4401652380952381
20364,0.48,0.5119873725197192,0.49293083333333315,0.49293083333333315
12250,0.25,0.2385841126337162,0.24614666666666665,0.24614666666666665
13667,0.57,0.5498792420840656,0.5484874999999996,0.5484874999999996
21348,0.45,0.46155991840373845,0.44252607142857137,0.4425260714285713
3843,0.62,0.5113690151307211,0.5342866666666657,0.5342866666666657
16074,0.65,0.6392109534588287,0.6013005573593077,0.6013005573593078
6865,0.39,0.43625505389869,0.48857702380952284,0.48857702380952284
21512,0.34,0.3307424118580666,0.2979624999999995,0.2979624999999995
3474,0.23,0.3139942681591883,0.33104845238095265,0.33104845238095265
16141,0.34,0.35569541849811726,0.33404240620490633,0.33404240620490633
5074,0.56,0.5530701654696499,0.5903933730158736,0.5903933730158736
20952,0.79,0.7638658452971403,0.7456519047619046,0.7456519047619047
10632,0.24,0.3331536196614876,0.30382733225108194,0.30382733225108194
7559,0.65,0.5710627158386522,0.5824537301587298,0.5824537301587298
8222,0.53,0.497658937553662,0.5048758333333332,0.5048758333333332
11831,0.5,0.4320757892775852,0.3833183333333331,0.3833183333333331
4939,0.39,0.3748337914000171,0.37476482142857037,0.37476482142857037
8727,0.51,0.5971654219073887,0.602088333333333,0.602088333333333
18599,0.28,0.2881988327930781,0.2825384523809528,0.2825384523809528
17560,0.45,0.49095675602889755,0.4787275000000005,0.47872750000000047
2869,0.47,0.5181538641228676,0.4512952380952374,0.4512952380952374
5522,0.54,0.47552299355688504,0.47326815476190426,0.47326815476190426
12504,0.36,0.37405795271364195,0.34327886904761884,0.34327886904761884
1080,0.36,0.3946816900876974,0.4045366666666677,0.4045366666666677
5374,0.65,0.7031541085842477,0.7331948809523814,0.7331948809523814
2702,0.42,0.3687584681936509,0.4080239285714286,0.4080239285714286
14723,0.36,0.34699250804339643,0.35592535714285745,0.3559253571428574
8437,0.45,0.5343166688072033,0.4807604166666657,0.48076041666666575
15169,0.41,0.39158193509889533,0.42668946428571525,0.42668946428571525
3585,0.32,0.3356063467687642,0.32439374999999915,0.32439374999999904
21044,0.4,0.48259053489455994,0.5061075198412697,0.5061075198412697
1690,0.39,0.47242323856808305,0.5032022619047608,0.5032022619047608
14876,0.46,0.48324218680969727,0.4548641071428569,0.4548641071428569
19215,0.69,0.7285841841374474,0.7569816666666669,0.7569816666666669
7244,0.54,0.5539998856967037,0.555908273809524,0.555908273809524
14773,0.68,0.7037184689983909,0.7723848412698412,0.7723848412698412
588,0.65,0.6799247868391506,0.6875283333333327,0.6875283333333327
21455,0.55,0.4883511716578559,0.5449813528138528,0.5449813528138528
15690,0.41,0.37356378209588176,0.41174714285714376,0.41174714285714376
6,0.62,0.6531335335850332,0.6188036904761901,0.6188036904761901
5302,0.39,0.4163234634667141,0.38168523809523797,0.38168523809523797
7751,0.68,0.694904873720345,0.7004089285714299,0.7004089285714298
5013,0.39,0.4373827504500629,0.44852499999999973,0.44852499999999973
11606,0.45,0.4352667126631695,0.45484583333333267,0.45484583333333267
4464,0.1,0.16334596463044732,0.16961000000000012,0.16961000000000012
17897,0.46,0.4754824985299429,0.43266563492063526,0.43266563492063526
740,0.5,0.4460019691604881,0.4210429761904765,0.4210429761904765
13350,0.45,0.3419267199125913,0.34195369047619173,0.34195369047619173
13798,0.68,0.6515854559689814,0.6334457738095236,0.6334457738095236
17540,0.04,0.04518075176775482,0.05451749999999993,0.05451749999999993
19277,0.5,0.512269040588334,0.5019083333333342,0.5019083333333342
3069,0.57,0.5640834902788849,0.5618568398268411,0.5618568398268411
1342,0.71,0.7042963313604469,0.7260687499999997,0.7260687499999997
9128,0.13,0.20654119561057319,0.2170621428571426,0.2170621428571426
5793,0.57,0.5699683138134186,0.5676519029581526,0.5676519029581527
10745,0.52,0.4600487360579303,0.500957400793651,0.500957400793651
5993,0.3,0.3447522834852652,0.30569394688644624,0.30569394688644624
18915,0.3,0.32552274218658295,0.2990719047619045,0.29907190476190443
6905,0.15,0.12350016261019642,0.1645998809523813,0.1645998809523813
8634,0.44,0.47858973017123163,0.43955496031746044,0.43955496031746044
10340,0.5,0.41843487721999556,0.4617074999999993,0.4617074999999993
15370,0.15,0.13317328831891312,0.16831146284271284,0.16831146284271284
16236,0.24,0.23500831300867864,0.15321250000000003,0.1532125
16845,0.59,0.5943398583347148,0.566479027777778,0.5664790277777779
17483,0.47,0.5112988253343381,0.47138333333333227,0.47138333333333227
21199,0.3,0.37696720803061146,0.3862079705710957,0.3862079705710957
19847,0.25,0.15696697047815344,0.20412749999999977,0.20412749999999982
1196,0.28,0.3087820751401914,0.3305663888888885,0.3305663888888885
12359,0.72,0.6969471219541571,0.7021316666666667,0.7021316666666667
2119,0.5,0.5180665726218735,0.49423333333333264,0.49423333333333264
18243,0.25,0.2352899810772935,0.23147500000000015,0.23147500000000015
19338,0.84,0.8011060629463493,0.7623178571428574,0.7623178571428574
22006,0.37,0.3950516739342198,0.3410266666666667,0.3410266666666667
16546,0.59,0.6147521174365383,0.5750167857142864,0.5750167857142864
1622,0.36,0.40677452452923524,0.39560214285714257,0.39560214285714257
6699,0.57,0.5808241573252766,0.6209590277777767,0.6209590277777767
11037,0.48,0.47242323856808305,0.5032022619047608,0.5032022619047608
19084,0.59,0.5770358551510936,0.6115513537851037,0.6115513537851037
10707,0.52,0.5233916597758759,0.5756750000000015,0.5756750000000015
3147,0.36,0.41902021623453817,0.473201666666667,0.473201666666667
20769,0.38,0.4685437679971177,0.4205028571428576,0.42050285714285757
10463,0.77,0.8216056135491671,0.7358449999999992,0.7358449999999992
15606,0.28,0.31613128454648115,0.29707666666666666,0.29707666666666666
15054,0.71,0.703648279202008,0.7067766666666655,0.7067766666666657
2341,0.56,0.5103987998767252,0.5331684848484849,0.5331684848484849
7778,0.59,0.529379691481248,0.5266474999999996,0.5266474999999997
14597,0.47,0.5089749090319112,0.4862307792207792,0.4862307792207792
11660,0.66,0.6282678184459767,0.6261436309523821,0.626143630952382
11045,0.55,0.5259972441469177,0.47697797619047577,0.4769779761904757
16349,0.15,0.20939977755770248,0.2038133333333333,0.2038133333333333
17847,0.77,0.8042132945876381,0.8259850000000013,0.8259850000000013
6122,0.19,0.14660529758405577,0.12977583333333306,0.12977583333333306
7774,0.53,0.48565727150890653,0.46968646825396804,0.46968646825396804
10830,0.63,0.5839313889665652,0.5572364285714301,0.5572364285714301
17348,0.06,0.11112566010004371,0.12590970238095237,0.12590970238095234
20759,0.34,0.3085004070715765,0.3305149512987011,0.33051495129870095
8936,0.17,0.1640345118158284,0.21763949675324676,0.21763949675324679
9521,0.61,0.5993651514385778,0.6071855844155842,0.6071855844155842
5686,0.43,0.5327280961642094,0.5142285515873013,0.5142285515873013
18799,0.56,0.4894455736830895,0.470964801587301,0.47096480158730086
21862,0.57,0.5927044892176689,0.5914512301587304,0.5914512301587304
21349,0.38,0.3234804939527709,0.2873335119047628,0.2873335119047628
14513,0.27,0.3271446093557161,0.2970271428571432,0.2970271428571432
3205,0.35,0.39313001271494713,0.3502130465367968,0.3502130465367968
13354,0.53,0.46642773021022427,0.4904756547619051,0.4904756547619051
13952,0.28,0.3103301527562431,0.3492575460650463,0.3492575460650463
16009,0.6,0.629537827750112,0.6061289285714304,0.6061289285714303
14061,0.34,0.2470755448162051,0.27301726190476133,0.27301726190476133
6172,0.46,0.4409766760566252,0.41823077380952384,0.4182307738095239
3659,0.53,0.5669927455958544,0.5703430952380955,0.5703430952380955
4650,0.86,0.7220108134175327,0.7585816666666676,0.7585816666666675
18858,0.22,0.24785138350258024,0.23112916666666652,0.23112916666666655
17609,1.0,0.8248997451055897,0.8463500000000002,0.8463500000000002
7119,0.36,0.3790130560211219,0.3621471428571428,0.3621471428571428
9638,0.52,0.5859331421734352,0.6088303571428573,0.6088303571428573
8145,0.69,0.6574234830294631,0.6318100000000008,0.6318100000000009
11334,0.53,0.48104245727850814,0.3998530357142861,0.39985303571428593
6415,0.6,0.6281103371485997,0.6478832142857156,0.6478832142857155
19555,0.59,0.5302466985644054,0.5491033333333337,0.5491033333333337
2488,0.66,0.7030299218130098,0.6818366666666674,0.6818366666666675
16316,0.65,0.5979412605937638,0.5750305952380941,0.5750305952380941
8635,0.56,0.587679196113806,0.5802861904761913,0.5802861904761913
22388,0.54,0.5544940563144639,0.6059186847874352,0.605918684787435
7519,0.29,0.3116001620603785,0.27351892857142834,0.27351892857142834
14060,0.45,0.4887570264977085,0.4477168253968253,0.4477168253968253
11424,0.44,0.4809136464736585,0.4845224999999989,0.484522499999999
4567,0.75,0.6497926055545584,0.6796875000000003,0.6796875000000003
9545,0.69,0.630226374935493,0.6052797619047618,0.6052797619047618
14644,0.4,0.3992965043180957,0.406047023809524,0.40604702380952395
5363,0.49,0.5266452963053565,0.5188033333333345,0.5188033333333344
4224,0.67,0.58727231699704,0.6552966666666659,0.6552966666666659
16630,0.59,0.6821650113972818,0.6763188924963939,0.6763188924963939
19739,0.31,0.4290633257897773,0.4294766666666675,0.4294766666666675
9052,0.82,0.8047074652053984,0.824789285714285,0.8247892857142851
493,0.04,0.07466128113720966,0.06153571428571427,0.06153571428571427
5068,0.34,0.4326572513963396,0.3871124999999985,0.3871124999999985
16862,0.52,0.5740602869335293,0.5551333928571436,0.5551333928571435
1034,0.42,0.44755004677653987,0.43063351190476135,0.43063351190476135
3687,0.31,0.44205618568892807,0.4162893253968263,0.4162893253968263
15490,0.33,0.31817353278029314,0.32813583333333346,0.32813583333333346
20151,0.11,0.061427248196386175,0.07919166666666669,0.07919166666666669
6943,0.71,0.6377880868909283,0.6239433333333326,0.6239433333333326
4897,0.62,0.5428953924906864,0.5027696681096675,0.5027696681096675
20348,0.21,0.27407827634255444,0.2934161507936506,0.2934161507936506
22329,0.52,0.6090382771472944,0.6052694336219334,0.6052694336219333
6553,0.78,0.702748253744395,0.7574532936507933,0.7574532936507933
3961,0.27,0.3963872490011262,0.4013462499999996,0.4013462499999996
11434,0.67,0.6228771655292032,0.5525512500000005,0.5525512500000006
6442,0.48,0.5173780254364926,0.4698669047619036,0.4698669047619035
6844,0.24,0.31151287055938437,0.3295973809523809,0.3295973809523809
13402,0.52,0.5577881878708867,0.5968265476190469,0.5968265476190469
18138,0.48,0.5255030735291575,0.4502183333333344,0.4502183333333344
6013,0.31,0.2836272152800333,0.2829269841269848,0.2829269841269848
4484,0.46,0.553758712655031,0.5475815753690749,0.5475815753690749
11568,0.44,0.4055045152250998,0.40239250000000043,0.40239250000000043
6498,0.39,0.4257840866262853,0.3940075,0.3940075
16683,0.12,0.22205594813647003,0.19542250000000005,0.19542250000000005
10572,0.29,0.31486127524234575,0.2902333333333328,0.2902333333333328
4619,0.38,0.4656518915238491,0.4015804761904766,0.40158047619047665
12306,0.31,0.24536998590277628,0.20807952380952366,0.2080795238095236
14320,0.43,0.4240785277128565,0.4230706060606061,0.4230706060606061
12999,0.79,0.6581588266888961,0.6504589285714286,0.6504589285714287
4539,0.58,0.5236733278444908,0.5410641666666669,0.5410641666666669
6870,0.72,0.7546868902061838,0.7772080952380946,0.7772080952380946
16907,0.09,0.061145580127771326,0.042426388888888805,0.042426388888888805
16527,0.14,0.12855847408851478,0.12943333333333323,0.12943333333333323
7146,0.14,0.12263315552703896,0.1177958333333333,0.1177958333333333
4319,0.26,0.20511730476575923,0.19951416666666674,0.19951416666666674
19138,0.36,0.4353955234680192,0.4290077380952387,0.4290077380952388
22457,0.3,0.3543417174496862,0.3381270833333339,0.33812708333333386
16191,0.47,0.5261916207145384,0.5329234523809526,0.5329234523809526
716,0.59,0.6031534536127607,0.5258647619047632,0.5258647619047632
20015,0.43,0.40677452452923524,0.39560214285714257,0.39560214285714257
11974,0.7,0.6807006255255257,0.6318353210678213,0.6318353210678213
19173,0.22,0.21438457563462326,0.20552499999999996,0.20552499999999996
5106,0.69,0.5706568609987996,0.5741663492063475,0.5741663492063475
21028,0.61,0.5339108139673506,0.5954865476190481,0.5954865476190481
7824,0.5,0.4695976749954092,0.5438649458874453,0.5438649458874452
10389,0.5,0.4225268503401063,0.42848949855699836,0.42848949855699836
8436,0.63,0.6480245487368747,0.6369516666666669,0.6369516666666669
19896,0.54,0.5263672279934402,0.5311375000000005,0.5311375000000005
1950,0.21,0.18449356739170386,0.20995666666666632,0.20995666666666638
16788,0.82,0.850226612487951,0.8499583333333348,0.8499583333333348
12448,0.87,0.8234353592338337,0.8205000000000012,0.8205000000000012
22123,0.4,0.4628338046036621,0.4689089880952379,0.4689089880952379
412,0.37,0.3982425973198042,0.401990714285714,0.401990714285714
4137,0.38,0.4306114034058291,0.38516916666666673,0.38516916666666673
8734,0.21,0.25373620703711397,0.28799666666666596,0.28799666666666596
15886,0.37,0.4291875125610151,0.4304311605061604,0.4304311605061604
12347,0.62,0.6297322043177328,0.6448700000000016,0.6448700000000016
7059,0.48,0.4750288229391248,0.4601360948773449,0.46013609487734497
11485,0.48,0.40656202198008984,0.4087786904761903,0.4087786904761903
20416,0.83,0.7587568604489816,0.7650295238095239,0.7650295238095239
939,0.47,0.3997906749358559,0.3901998809523809,0.3901998809523809
19732,0.58,0.5770763501780357,0.5863320833333323,0.5863320833333323
16666,0.48,0.48736283042233536,0.5019250000000004,0.5019250000000004
13910,0.14,0.1334549563875279,0.19906666666666706,0.19906666666666706
2164,0.83,0.7835895572135827,0.8009333333333337,0.8009333333333337
21222,0.27,0.2679404552319332,0.24515583333333338,0.24515583333333338
21173,0.55,0.6287619890637369,0.6070970995670992,0.6070970995670992
3814,0.45,0.5406956629594972,0.5405523809523821,0.5405523809523821
4628,0.33,0.4079157230285208,0.42045740079365,0.4204574007936501
17682,0.6,0.5397956375018843,0.5779133333333332,0.5779133333333332
19804,0.57,0.5631132750248891,0.579996190476189,0.579996190476189
22437,0.28,0.24496310678601016,0.20784918650793646,0.2078491865079365
11558,0.63,0.6284803209951221,0.5487365476190484,0.5487365476190486
19508,0.68,0.6307205455532533,0.5936558333333316,0.5936558333333316
21740,0.47,0.49574087609108775,0.45502500000000057,0.45502500000000057
6228,0.42,0.4447319598563527,0.43969583333333284,0.43969583333333273
14890,0.71,0.62231280511506,0.5999578571428568,0.599957857142857
5849,0.41,0.44457447855897564,0.47074666666666665,0.47074666666666665
16161,0.27,0.28390888334864817,0.24911064393939406,0.24911064393939406
19051,0.63,0.6824466794658967,0.6496824999999994,0.6496824999999994
15641,0.42,0.4306114034058291,0.38516916666666673,0.38516916666666673
5829,0.66,0.6426845691899414,0.6271875,0.6271875000000001
22639,0.52,0.5417541939914008,0.5598682142857153,0.5598682142857154
2299,0.18,0.143044390351949,0.16799333333333316,0.1679933333333332
3648,0.67,0.6949453687472871,0.6558216666666665,0.6558216666666665
21029,0.57,0.6380697549595431,0.6193351785714287,0.6193351785714287
13197,0.1,0.024681201164937272,0.05108083333333324,0.051080833333333235
2419,0.39,0.465933559592464,0.4553185112110114,0.45531851121101136
17126,0.0,-0.05055694683833162,0.01720000000000001,0.01720000000000001
4671,0.7,0.6392109534588287,0.6013005573593077,0.6013005573593078
6657,0.55,0.5499629338283614,0.5474934523809526,0.5474934523809527
17681,0.27,0.24410357635533936,0.16321845238095228,0.16321845238095228
3552,0.55,0.47949077990575795,0.4708049999999988,0.4708049999999988
273,0.44,0.4878974960670377,0.4995270833333329,0.4995270833333329
12784,0.46,0.4709588526963269,0.46942410714285715,0.4694241071428572
15481,0.25,0.34891056950597066,0.31969500000000056,0.3196950000000005
10370,0.36,0.41371325506206036,0.45159954365079374,0.45159954365079374
14224,0.53,0.48912701034423095,0.5150075396825398,0.5150075396825399
10471,0.55,0.5200719255854419,0.510788749999999,0.510788749999999
653,0.58,0.6146819276401554,0.6482035714285713,0.6482035714285713
6532,0.63,0.6666907538983271,0.7487750000000005,0.7487750000000005
4933,0.45,0.4636096432900371,0.4266268975468974,0.4266268975468974
5667,0.77,0.6897958888721865,0.7624958333333341,0.7624958333333341
3761,0.63,0.5155482797518259,0.4829272817460318,0.4829272817460318
22093,0.28,0.26186125512977887,0.271323888888889,0.271323888888889
11059,0.37,0.4002848455536162,0.4069374999999985,0.4069374999999985
13490,0.44,0.42735776687634847,0.4144804166666677,0.4144804166666677
17421,0.51,0.5687387995362254,0.5289420634920633,0.5289420634920633
13976,0.54,0.6498798970555526,0.6048166666666673,0.6048166666666673
20867,0.59,0.6171633252399593,0.6466836309523791,0.6466836309523791
8690,0.58,0.5614732818742313,0.5986882142857154,0.5986882142857154
19471,0.57,0.6589346653752712,0.6814541666666668,0.6814541666666666
3098,0.54,0.489815557529612,0.5426157575757588,0.5426157575757589
10127,0.1,0.07739567631310118,0.08714999999999991,0.08714999999999992
14296,0.62,0.6045146313136784,0.5119992857142859,0.5119992857142859
17752,0.5,0.4892511971154687,0.44689750000000017,0.44689750000000017
3452,0.21,0.2580261564815438,0.27284166666666715,0.27284166666666715
16390,0.47,0.5068378926446184,0.5559450000000017,0.5559450000000017
18496,0.13,0.1334549563875279,0.19906666666666706,0.19906666666666706
20331,0.84,0.7613007559530406,0.7920255952380958,0.7920255952380958
7240,0.72,0.5943398583347148,0.566479027777778,0.5664790277777779
2747,0.36,0.32041375733842437,0.3422689880952378,0.34226898809523776
10686,0.26,0.2588856869122146,0.2563530123531438,0.2563530123531438
15179,0.13,0.19408300135612483,0.1578999999999998,0.1578999999999998
5755,0.29,0.2081297682535671,0.18206583333333343,0.18206583333333343
4819,0.56,0.522312150143573,0.5140725000000003,0.5140725000000004
13410,0.52,0.5943398583347148,0.566479027777778,0.5664790277777779
12596,0.34,0.36977547992169874,0.3469025595238099,0.34690255952380994
5600,0.45,0.5056551748414772,0.4379495833333336,0.43794958333333367
21746,0.76,0.7233719911184504,0.7501749999999997,0.7501749999999997
3666,0.44,0.3890380395948364,0.38539749999999984,0.3853974999999999
5395,0.59,0.5796414395221353,0.527205238095238,0.527205238095238
21401,0.26,0.2074412210681861,0.25830654761904714,0.2583065476190471
5505,0.35,0.42735776687634847,0.4144804166666677,0.4144804166666677
3133,0.53,0.5277028030603466,0.5475323611111107,0.5475323611111108
11922,0.33,0.3997906749358559,0.3901998809523809,0.3901998809523809
11497,0.98,0.8403740026045445,0.8830500000000018,0.8830500000000018
18375,0.5,0.4339311375962631,0.3997635317460325,0.3997635317460325
14474,0.41,0.3888475399230039,0.36218833333333306,0.36218833333333306
11502,0.35,0.3951353656785155,0.37402708333333345,0.37402708333333345
20598,0.62,0.5698108325160416,0.5478374999999999,0.5478375
9891,0.47,0.4932881489838111,0.45969632936507965,0.45969632936507965
8632,0.32,0.3725935668418859,0.3526185714285719,0.3526185714285719
207,0.46,0.41498326436619576,0.44664214285714215,0.44664214285714215
6986,0.48,0.5181538641228676,0.4512952380952374,0.4512952380952374
8496,0.71,0.6581588266888961,0.6504589285714286,0.6504589285714287
16024,0.95,0.8603102170701323,0.9314716666666655,0.9314716666666656
2108,0.53,0.547426514976789,0.5739259523809522,0.5739259523809522
903,0.42,0.43828277590767584,0.43887494047618936,0.43887494047618936
14808,0.38,0.41660513153532897,0.3960791666666673,0.3960791666666673
14107,0.98,0.9199634227511213,0.963743749999999,0.963743749999999
22153,0.39,0.3911714562254308,0.38544869047619046,0.38544869047619046
6204,0.92,0.8223814522355422,0.79909,0.79909
4838,0.28,0.2523825059886829,0.24212095238095233,0.24212095238095233
4203,0.37,0.3830500078894643,0.39019083333333227,0.39019083333333227
4799,0.66,0.5768233526019482,0.5434458333333333,0.5434458333333334
13432,0.54,0.5127227161791521,0.5846310714285717,0.5846310714285717
2007,0.34,0.4060859773438542,0.39601249999999877,0.39601249999999877
20074,0.17,0.19640691765855173,0.21916666666666657,0.21916666666666657
10510,0.4,0.4240785277128565,0.4230706060606061,0.4230706060606061
12731,0.33,0.35916903422922986,0.318136785714285,0.31813678571428505
12846,0.47,0.5139745995017628,0.49470771825396803,0.49470771825396803
7881,0.43,0.37688351628631583,0.3615613095238093,0.3615613095238093
9430,0.22,0.1764090143259811,0.19865374999999996,0.19865374999999996
4221,0.21,0.2278534801700096,0.2183026190476194,0.21830261904761936
3928,0.66,0.6151174772494489,0.6280366666666655,0.6280366666666655
22740,0.55,0.6105026630190505,0.527154604978355,0.527154604978355
17848,0.33,0.4395122901848691,0.39155642857142875,0.39155642857142875
4723,0.74,0.6515854559689814,0.6334457738095236,0.6334457738095236
8395,0.47,0.5238677044121116,0.47989999999999994,0.47989999999999994
10857,0.39,0.3764730374128512,0.418191547619047,0.418191547619047
12997,0.27,0.22136380119439059,0.22468416666666638,0.22468416666666635
17961,0.49,0.48438726220477113,0.49100499999999964,0.49100499999999964
8022,0.51,0.5127227161791521,0.5846310714285717,0.5846310714285717
20854,0.49,0.584790919397236,0.5474979166666661,0.5474979166666661
10940,0.53,0.5233916597758759,0.5756750000000015,0.5756750000000015
5635,0.43,0.5421600488312533,0.4966883333333346,0.4966883333333346
12529,0.45,0.3360418963780577,0.3287283333333339,0.3287283333333339
3515,0.74,0.7035240924307702,0.7206649999999989,0.7206649999999989
1753,0.0,-0.05570642671343223,0.0,0.0
12294,0.49,0.42783381151258404,0.4698891666666658,0.4698891666666658
17992,0.42,0.38199250113447436,0.3895781547619043,0.3895781547619043
21242,0.45,0.40056651362223106,0.4034999801587303,0.4034999801587302
18272,0.26,0.2271649329846286,0.2084061507936508,0.20840615079365077
18985,0.32,0.23017739647243646,0.21231110209235207,0.21231110209235207
17433,0.74,0.7057607172322029,0.7389666666666668,0.7389666666666668
3092,0.0,-0.011611170275693583,0.006000000000000003,0.006000000000000003
13207,0.0,-0.058765686675292195,0.0,0.0
19552,0.66,0.5489745925928408,0.5443358333333344,0.5443358333333344
8070,0.4,0.46580937282122625,0.45200728174603183,0.45200728174603183
15307,0.41,0.40149623384928473,0.40162000000000014,0.4016200000000002
14900,0.23,0.2017975705753251,0.25187023809523834,0.25187023809523834
17851,0.58,0.5030495904704354,0.5203645833333345,0.5203645833333345
12078,0.68,0.6194074266938787,0.6599325000000015,0.6599325000000015
6595,0.6,0.6736330841878507,0.6668204761904768,0.6668204761904767
3763,0.35,0.39154144007195324,0.3592860714285711,0.3592860714285711
21205,0.7,0.7128318583265764,0.720048333333333,0.720048333333333
16342,0.52,0.5417541939914008,0.5598682142857153,0.5598682142857154
14498,0.08,0.029424826200185328,0.060898333333333235,0.060898333333333235
6737,0.4,0.438001107839061,0.4371702380952373,0.4371702380952373
13616,0.16,0.11026612966937299,0.07957500000000016,0.07957500000000016
7081,0.42,0.3234804939527709,0.2873335119047628,0.2873335119047628
7902,0.47,0.5150541091340657,0.53250505952381,0.53250505952381
5149,0.41,0.47145302331408717,0.4018295238095238,0.4018295238095238
19745,0.57,0.6197072207440183,0.6543958333333333,0.6543958333333333
11338,0.66,0.593604514675282,0.5489298015873019,0.5489298015873019
2889,0.52,0.443480076533742,0.4253083333333324,0.4253083333333324
14984,0.32,0.3552895636582646,0.34437083333333257,0.34437083333333257
11810,0.36,0.42029022553867357,0.3561521861471864,0.3561521861471864
11246,0.67,0.7107860103360659,0.7597618650793656,0.7597618650793655
7541,0.44,0.3796611081795608,0.3688355158730159,0.36883551587301583
17922,0.35,0.3467108399747815,0.38923732142857176,0.3892373214285718
21817,0.34,0.3796611081795608,0.3688355158730159,0.36883551587301583
1218,0.23,0.29117080125394385,0.27326130952380967,0.27326130952380967
22066,0.16,0.2271649329846286,0.2084061507936508,0.20840615079365077
3852,0.4,0.4008492059677594,0.4351999999999995,0.4351999999999995
7391,0.44,0.4531532022424587,0.4152316666666668,0.41523166666666683
6789,0.31,0.3325065917799622,0.353173095238095,0.353173095238095
16774,0.44,0.3780247147856014,0.33988333333333287,0.3398833333333328
13047,0.0,-0.058765686675292195,0.0,0.0
15473,0.51,0.5410656468060198,0.5484466666666674,0.5484466666666674
11174,0.17,0.23606222000697014,0.21233672619047606,0.2123367261904761
17066,0.41,0.40423062902517626,0.40633750000000063,0.4063375000000007
18600,0.37,0.443802239629299,0.4485392460317456,0.4485392460317456
11366,0.27,0.3211895960247995,0.2999741666666663,0.2999741666666663
9193,0.57,0.5464967947497353,0.5241150000000012,0.5241150000000012
16520,0.63,0.6350941867419788,0.6761950000000003,0.6761950000000002
8843,0.38,0.4453503172453508,0.42740442030192044,0.42740442030192044
9266,0.35,0.333366122210633,0.32931666666666765,0.32931666666666765
3577,0.31,0.3841922306656635,0.3552916666666661,0.3552916666666661
724,0.64,0.6640841452503718,0.6332761706349195,0.6332761706349195
4052,0.65,0.6148394089375324,0.6470307142857149,0.6470307142857149
12676,0.02,-0.020878441144557558,0.00822166666666667,0.00822166666666667
10265,0.37,0.36475018681783583,0.33079386904761954,0.3307938690476195
15938,0.76,0.6802064549077654,0.6623930952380962,0.6623930952380962
9713,0.38,0.3761949691009348,0.35699273809523746,0.3569927380952375
6939,0.37,0.4168831998472453,0.4291360119047615,0.4291360119047616
14273,0.29,0.20694705045042583,0.2153394841269841,0.2153394841269841
5870,0.19,0.13394912700528822,0.15512666666666716,0.1551266666666672
7978,0.63,0.603647624230521,0.5366668452380949,0.536666845238095
6692,0.19,0.213890405016863,0.26894773809523775,0.26894773809523775
17468,0.4,0.3350716811240618,0.30668988095238037,0.30668988095238037
7267,0.54,0.6493857264377922,0.7008538293650795,0.7008538293650792
14982,0.33,0.3785188854033617,0.3646533333333329,0.3646533333333329
15281,0.56,0.5165184950058217,0.5014528174603176,0.5014528174603176
7935,0.19,0.12378183067881132,0.1456777777777777,0.1456777777777777
13611,0.71,0.7121397113844968,0.7006525000000002,0.7006525
18047,0.3,0.33588801483737907,0.3366216666666666,0.3366216666666665
12666,0.0,-0.05424204084167622,0.0,0.0
6141,0.3,0.40056651362223106,0.4034999801587303,0.4034999801587302
6580,0.67,0.619213050126258,0.5991315674603175,0.5991315674603175
6479,0.67,0.6073327182338656,0.5986871031746032,0.5986871031746032
5119,0.34,0.2970961198154196,0.3001595238095245,0.3001595238095245
13918,0.49,0.513004384247767,0.43351756493506505,0.43351756493506516
3280,0.27,0.31110599144261825,0.2963390097402604,0.2963390097402604
4222,0.63,0.6660427017398882,0.6927208333333332,0.6927208333333332
11391,0.64,0.5950284055200958,0.6093533333333334,0.6093533333333333
3650,0.56,0.6153335795552928,0.5891638095238094,0.5891638095238094
20597,0.63,0.5386534147256853,0.605719999999999,0.6057199999999991
3321,0.43,0.5228974891581157,0.552611024114774,0.5526110241147741
5027,0.24,0.2735841057247942,0.24027388708513686,0.24027388708513686
9221,0.07,0.09862697081865324,0.11087999999999987,0.11087999999999987
15136,0.07,0.12688158566761326,0.16336666666666702,0.16336666666666702
6707,0.69,0.5777233780595611,0.5785983333333324,0.5785983333333324
18918,0.54,0.5435839396760673,0.6019950000000006,0.6019950000000006
17037,0.55,0.5674869162136147,0.5506445634920627,0.5506445634920627
22079,0.29,0.37684302125937363,0.3734009569597071,0.3734009569597071
17072,0.52,0.4980242973665725,0.5398345238095241,0.5398345238095241
7409,0.67,0.5900105890687196,0.6449741666666662,0.6449741666666662
10238,0.31,0.3483462090918274,0.3380120830558331,0.33801208305583313
9150,0.27,0.2808496233867883,0.2713819047619051,0.2713819047619051
8556,0.51,0.5633076515925098,0.5723662500000009,0.5723662500000009
5324,0.13,0.1353730178501022,0.13949668831168832,0.13949668831168832
7806,0.5,0.4286933419432548,0.4140699999999999,0.41406999999999994
21093,0.79,0.7711313629591343,0.8533515476190501,0.8533515476190501
5356,0.34,0.4043217974219586,0.42094951298701416,0.42094951298701416
9705,0.25,0.2757838352559833,0.279520833333334,0.279520833333334
22331,0.46,0.516324118438201,0.51743503968254,0.51743503968254
2979,0.48,0.4139112313863796,0.4214175000000009,0.42141750000000094
22427,0.47,0.4585843501861742,0.4105269444444443,0.41052694444444426
4697,0.51,0.5011315290078612,0.4709272222222222,0.4709272222222222
1285,0.84,0.7881536980741408,0.7881165476190479,0.7881165476190479
6401,0.67,0.7133915947071074,0.7070274999999991,0.7070274999999991
4432,0.51,0.511946877492777,0.4920120238095238,0.4920120238095238
11099,0.42,0.5406956629594972,0.5405523809523821,0.5405523809523821
5248,0.71,0.747619348868509,0.7152654761904755,0.7152654761904755
11963,0.42,0.38472689631036583,0.36695928571428593,0.36695928571428593
1078,0.0,-0.05424204084167622,0.0,0.0
21811,0.2,0.1430038953250068,0.1837852380952382,0.18378523809523822
12637,0.29,0.3385857918821166,0.31461666666666643,0.31461666666666654
3022,0.44,0.41595347962019164,0.3444352976190478,0.3444352976190477
1915,0.45,0.4744285915316514,0.4242095833333328,0.42420958333333275
21376,0.57,0.5349683207223407,0.5534658333333327,0.5534658333333327
17261,0.52,0.46785162105503825,0.44787039682539664,0.4478703968253967
10252,0.53,0.591280598372855,0.5493477380952385,0.5493477380952385
9799,0.98,0.9264531017267403,0.9686504166666665,0.9686504166666665
21787,0.39,0.4349886443512531,0.42914710317460314,0.42914710317460303
16785,0.67,0.6186277111117154,0.6713666666666656,0.6713666666666656
15967,0.32,0.3238873730695371,0.299934166666667,0.299934166666667
6688,0.1,0.11875653757494842,0.17023746753246777,0.1702374675324678
16442,0.47,0.4848814328225314,0.44751833333333324,0.44751833333333324
9716,0.51,0.6288024840906791,0.6613000000000001,0.6613000000000002
16981,0.29,0.31110599144261825,0.2963390097402604,0.2963390097402604
10634,0.39,0.3424613855572938,0.3537750000000002,0.3537750000000001
17963,0.29,0.3281985163540076,0.28644958333333365,0.28644958333333365
7453,0.12,0.15795531171367394,0.17456916666666655,0.17456916666666655
3643,0.15,0.10455228938012906,0.11882666666666677,0.11882666666666677
13150,0.64,0.5593398652436369,0.5772224999999993,0.5772224999999994
10656,0.15,0.1632217778592096,0.12307738095238074,0.12307738095238074
7566,0.09,0.14632362951544092,0.1238575,0.12385749999999998
14122,0.48,0.35442540919398186,0.4128817261904764,0.4128817261904765
865,0.04,0.10957758248399196,0.13196333333333327,0.13196333333333327
8378,0.7,0.7041424498197681,0.7557182142857145,0.7557182142857147
19548,0.35,0.30927624575795165,0.2985370238095243,0.2985370238095243
21186,0.62,0.6228771655292032,0.5525512500000005,0.5525512500000006
13064,0.34,0.3993848200960033,0.40106666666666674,0.40106666666666674
21224,0.48,0.5003556903214861,0.44536787698412694,0.44536787698412694
1632,0.44,0.49095675602889755,0.4787275000000005,0.47872750000000047
10078,0.57,0.5393014668841241,0.5411110119047613,0.5411110119047612
14711,0.52,0.5484148562123096,0.5582992261904772,0.5582992261904772
8562,0.25,0.30192703635166185,0.30095714285714203,0.30095714285714203
18206,0.27,0.36226878921803185,0.38473545815295807,0.38473545815295807
309,0.53,0.517748009283015,0.51131018304408,0.51131018304408
3596,0.54,0.47597666914770315,0.5149520039682541,0.5149520039682541
405,0.37,0.4043217974219586,0.42094951298701416,0.42094951298701416
19933,0.57,0.5664985749780942,0.6409691666666685,0.6409691666666685
17226,0.57,0.6645783158681322,0.7107083333333335,0.7107083333333335
3642,0.43,0.34699250804339643,0.35592535714285745,0.3559253571428574
21289,0.33,0.29787195850179476,0.33642952380952396,0.336429523809524
11446,0.16,0.23364713530776093,0.18187523809523803,0.1818752380952381
14040,0.33,0.4088454432555746,0.3749933333333332,0.3749933333333332
13526,0.46,0.4040401293533437,0.37007025793650805,0.3700702579365081
4457,0.51,0.5638018222102701,0.5600970238095241,0.5600970238095241
3322,0.58,0.5568179726168908,0.5225321230158732,0.5225321230158732
22416,0.41,0.40628035391147493,0.4410349999999997,0.4410349999999996
1382,0.15,0.11896904012409376,0.10012642857142855,0.10012642857142856
10882,0.49,0.4628338046036621,0.4689089880952379,0.4689089880952379
239,0.92,0.8593218758346118,0.8922783333333342,0.8922783333333342
16463,0.36,0.36679991170413456,0.3677316666666667,0.3677316666666667
14315,0.38,0.44612615593172583,0.43746053571428556,0.4374605357142856
11863,0.08,0.010718126011790619,0.0359291666666666,0.0359291666666666
15111,0.63,0.6252922502284125,0.6619575000000012,0.6619575000000012
9397,0.6,0.5246435430984866,0.48980142857142817,0.48980142857142817
16015,0.28,0.31151287055938437,0.3295973809523809,0.3295973809523809
8822,0.29,0.2676992821902605,0.296965,0.296965
1636,0.94,0.8753739956956225,0.8736875000000006,0.8736875000000007
1417,0.24,0.26030957775702857,0.23065750000000004,0.23065750000000002
8190,0.48,0.5238677044121116,0.47989999999999994,0.47989999999999994
3536,0.85,0.8284606523376965,0.8452833333333354,0.8452833333333354
4278,0.74,0.690784230107707,0.7181499999999993,0.7181499999999993
17883,0.59,0.6513037879003666,0.640046845238095,0.640046845238095
9139,0.54,0.5717980594980853,0.5682133333333332,0.5682133333333333
648,0.43,0.42183830315472526,0.4587822442834942,0.4587822442834941
2280,0.08,0.040114963636949774,0.06408999999999988,0.06408999999999986
6756,0.99,0.8386279486641736,0.8349583333333341,0.8349583333333341
7215,0.71,0.8010223712020537,0.7686650000000002,0.7686650000000002
7987,0.52,0.5773175232197084,0.5972443477355975,0.5972443477355975
1639,0.13,0.09459749560279751,0.09516261904761894,0.09516261904761894
7859,0.26,0.2820791376639815,0.24789428571428612,0.24789428571428612
19012,0.31,0.4347069762826382,0.3989050000000002,0.3989050000000002
8691,0.16,0.16991933535036208,0.16317970238095245,0.16317970238095242
7446,0.74,0.6780067253765765,0.6988083333333331,0.6988083333333333
16886,0.96,0.824705368537969,0.8024166666666672,0.8024166666666673
9176,0.33,0.44466177005996976,0.37677976190476187,0.3767797619047619
5820,0.0,-0.07232290698858607,0.0003666666666666666,0.0003666666666666666
6359,0.38,0.4011308740363742,0.4152536742424243,0.4152536742424244
17272,0.13,0.13463767419066924,0.15879083333333308,0.15879083333333308
8903,0.24,0.2644051506338378,0.2583751461038963,0.2583751461038963
9258,0.73,0.7534573759289906,0.7559999999999996,0.7559999999999996
22400,0.39,0.34388527640210775,0.3886646428571432,0.3886646428571432
20877,0.83,0.7696669770873782,0.772493313492064,0.772493313492064
3728,0.52,0.5765416845333333,0.5547438492063494,0.5547438492063494
7055,0.58,0.511580493402953,0.5493883333333334,0.5493883333333334
6170,0.58,0.6434604078763165,0.6492245436507937,0.6492245436507936
21721,0.66,0.5626191044071288,0.5725318488455988,0.5725318488455988
20985,0.42,0.39852066563172056,0.4458699603174606,0.4458699603174606
13185,0.29,0.32955969405492536,0.3407783333333335,0.3407783333333335
21175,0.59,0.6110880020335931,0.6103250000000008,0.6103250000000008
9028,0.52,0.5476390175259344,0.5835623809523794,0.5835623809523794
1266,0.46,0.5196182499946237,0.5180920833333335,0.5180920833333335
15483,0.36,0.41672931830656673,0.41627343073593087,0.4162734307359308
19637,0.26,0.2395319588422946,0.18447499999999978,0.18447499999999978
512,0.67,0.6692963382693689,0.7423149999999997,0.7423149999999998
11428,0.78,0.6976392688962365,0.7227955952380947,0.7227955952380947
1857,0.26,0.23683805869334526,0.21982119047619073,0.21982119047619073
4448,0.8,0.7641475133657551,0.771629166666667,0.771629166666667
18077,0.47,0.4584601634149365,0.42878922619047666,0.42878922619047666
4385,0.61,0.6356575228792085,0.6019241666666667,0.6019241666666666
7201,0.33,0.30298094334995335,0.2569363095238089,0.25693630952380897
10478,0.54,0.5341924820359655,0.48260749999999875,0.4826074999999987
1763,0.1,0.1566853024095386,0.18377321428571436,0.1837732142857144
17600,0.58,0.5484148562123096,0.5582992261904772,0.5582992261904772
5991,0.37,0.3260169128043432,0.3219366666666667,0.3219366666666668
9969,0.37,0.3498105949635835,0.3637532738095238,0.36375327380952377
16560,0.2,0.20205056815141265,0.19200000000000014,0.19200000000000017
12669,0.76,0.6814764642119009,0.6883450793650797,0.6883450793650797
651,0.29,0.3170610047735348,0.2831226190476196,0.2831226190476196
10773,0.82,0.800893560397204,0.8305333333333325,0.8305333333333322
2392,0.47,0.5096634562172923,0.5332147619047618,0.5332147619047618
22402,0.16,0.17118934465449742,0.12985000000000002,0.12985000000000002
10448,0.25,0.25349503399544115,0.26743363095238043,0.26743363095238043
5443,0.49,0.5095346454124425,0.4973883333333325,0.4973883333333325
4745,0.34,0.3296810282072884,0.3074742857142859,0.30747428571428587
6053,0.29,0.24468143871739528,0.26241628066378136,0.2624162806637813
1145,0.55,0.51068046794534,0.4594133008658009,0.45941330086580096
11399,0.43,0.5071195607132333,0.5562284523809522,0.5562284523809522
3703,0.41,0.4593601888725493,0.45374465909091005,0.45374465909091005
11199,0.65,0.6452901535609831,0.6549524999999986,0.6549524999999986
5122,0.79,0.7785642641097197,0.8115166666666669,0.8115166666666669
3576,0.36,0.2588856869122146,0.2563530123531438,0.2563530123531438
16175,0.53,0.5016256996256214,0.45607047619047597,0.45607047619047597
9361,0.49,0.5175355067338696,0.4984699999999988,0.4984699999999988
452,0.63,0.6016890677410047,0.5347509325396832,0.5347509325396831
19106,0.38,0.4509534727112696,0.4518697619047621,0.4518697619047621
17898,0.2,0.22871301060068036,0.23802857142857117,0.2380285714285712
8276,0.22,0.24496310678601016,0.20784918650793646,0.2078491865079365
13994,0.7,0.6245125346462492,0.590375000000002,0.590375000000002
145,0.1,0.067030403662305,0.06802184523809524,0.06802184523809524
19799,0.54,0.4581784953463216,0.5315133333333345,0.5315133333333345
5320,0.51,0.4983059654351874,0.4247814285714291,0.4247814285714291
4818,0.66,0.6780067253765765,0.6988083333333331,0.6988083333333333
2923,0.87,0.818326374385675,0.8539000000000015,0.8539000000000015
16826,0.49,0.4811261490228039,0.5056376190476191,0.5056376190476191
2799,0.47,0.5269674594009135,0.5133318452380953,0.5133318452380954
18389,0.41,0.4509534727112696,0.4518697619047621,0.4518697619047621
19406,0.26,0.28546443761718665,0.26679333333333355,0.26679333333333355
10387,0.29,0.3059565115675176,0.29690440476190477,0.29690440476190477
12505,0.68,0.6454189643658328,0.6626194642857144,0.6626194642857144
15914,0.62,0.5155482797518259,0.4829272817460318,0.4829272817460318
11833,0.24,0.25153647750592484,0.2720659340659347,0.2720659340659347
21324,0.17,0.14998774491838612,0.16072166666666704,0.16072166666666704
7760,0.6,0.5788656008357602,0.6315165079365077,0.6315165079365076
5826,0.5,0.41595347962019164,0.3444352976190478,0.3444352976190477
17251,0.4,0.355889795065738,0.3824692857142856,0.3824692857142856
9886,0.7,0.7717092253211901,0.7622761111111113,0.7622761111111113
18845,0.5,0.4291038208167194,0.44905119047619024,0.44905119047619024
18323,0.44,0.39166562684319106,0.39782155665413044,0.39782155665413044
18906,0.33,0.4457203010918732,0.41374214285714284,0.41374214285714284
6332,0.41,0.4598543594903096,0.39661976190476234,0.39661976190476234
987,0.38,0.40345479033880116,0.38756976190476217,0.3875697619047622
11263,0.71,0.7120560196402013,0.7667333333333327,0.7667333333333327
926,0.39,0.481690509436947,0.48451714285714276,0.4845171428571428
2261,0.61,0.6906554193028572,0.6856641666666675,0.6856641666666674
21280,0.42,0.4210624644683502,0.42762583333333304,0.42762583333333304
14303,0.21,0.1477475203602549,0.1626866666666664,0.1626866666666664
6001,0.36,0.4620540890214987,0.37944583333333326,0.37944583333333326
17366,0.7,0.7116455407667366,0.7028291666666658,0.702829166666666
17508,0.7,0.7115618490224409,0.7580988095238084,0.7580988095238084
9096,0.4,0.43942499868387497,0.42455999999999966,0.42455999999999966
9374,0.47,0.5033312585390503,0.4345585714285718,0.4345585714285718
5546,0.77,0.7182225112433498,0.6911420598845598,0.6911420598845598
13493,0.73,0.658001345391519,0.7169503571428578,0.7169503571428579
21405,0.25,0.3543417174496862,0.3381270833333339,0.33812708333333386
11317,0.5,0.5548999111543166,0.5128721428571418,0.5128721428571418
19514,0.38,0.4195143868522984,0.39178962301587283,0.39178962301587283
16241,0.44,0.3941875194699371,0.45150097222222135,0.45150097222222135
21824,0.5,0.39852066563172056,0.4458699603174606,0.4458699603174606
18376,0.57,0.5484148562123096,0.5582992261904772,0.5582992261904772
3398,0.61,0.4893213869118517,0.5189623809523808,0.5189623809523808
19894,0.55,0.5994893382098155,0.6105012193362208,0.6105012193362208
18074,0.4,0.31767936216253295,0.3132020039682538,0.3132020039682538
17326,0.72,0.7103791312192997,0.7148328571428577,0.7148328571428577
16523,0.48,0.5596435361895646,0.6138634523809536,0.6138634523809536
12736,0.73,0.7688911384010031,0.761829166666666,0.761829166666666
13210,0.1,0.09642724128746416,0.09937500000000009,0.09937500000000009
7410,0.84,0.714661604011243,0.660975,0.660975
20890,0.12,0.15696697047815344,0.20412749999999977,0.20412749999999982
9618,0.63,0.6214127796574471,0.5818094642857139,0.581809464285714
11137,0.21,0.21218484610343416,0.22841583333333332,0.22841583333333332
22743,0.48,0.4298760597463961,0.444351249999999,0.4443512499999989
2330,0.72,0.6330444618556802,0.6068485119047624,0.6068485119047624
7292,0.62,0.5122285455613919,0.5605498051948065,0.5605498051948065
19307,0.39,0.4836075466226078,0.404894880952381,0.404894880952381
19185,0.64,0.584172562008238,0.5499347817460314,0.5499347817460314
16993,0.41,0.38509225612327636,0.37921237727550233,0.37921237727550244
4660,0.42,0.46785162105503825,0.44787039682539664,0.4478703968253967
9236,0.51,0.5336291458987359,0.5316383333333338,0.5316383333333338
21926,0.18,0.20589314345213436,0.21488166666666633,0.21488166666666633
19667,0.76,0.7109974886082977,0.7059083333333337,0.7059083333333337
7773,0.13,0.18356384716465013,0.16046805555555527,0.1604680555555553
4413,0.56,0.5329405987133549,0.5681178571428567,0.5681178571428567
19692,0.39,0.29929584934660874,0.24562833333333262,0.24562833333333262
12943,0.42,0.33237778097511245,0.33908476190476167,0.3390847619047617
9343,0.7,0.6587771840778942,0.6225483333333346,0.6225483333333346
20005,0.18,0.22433936941195476,0.26199725468975477,0.2619972546897547
2596,0.54,0.4641038139077974,0.45221226190476166,0.45221226190476166
12612,0.63,0.704494307684766,0.6370857142857144,0.6370857142857144
18428,0.57,0.619213050126258,0.5991315674603175,0.5991315674603175
6932,0.41,0.36729408232189475,0.3739372408147408,0.3739372408147408
22018,0.5,0.5560826289574579,0.5587235714285712,0.5587235714285712
15996,0.61,0.5714326996851747,0.5414915259740257,0.5414915259740257
21315,0.72,0.6380697549595431,0.6193351785714287,0.6193351785714287
15485,0.1,0.09054241775293048,0.12583833333333308,0.12583833333333308
22458,0.1,0.12879964713018754,0.13058666666666663,0.13058666666666663
17780,0.7,0.6652263680265711,0.6487867261904764,0.6487867261904764
5058,0.49,0.555269895000839,0.5902603564491063,0.5902603564491063
13822,0.58,0.6821650113972818,0.6763188924963939,0.6763188924963939
4236,0.25,0.28313304466227307,0.31171849927849915,0.31171849927849915
2327,0.0,-0.06023007254704821,0.0,0.0
7812,0.45,0.47601716417464524,0.4225013888888889,0.4225013888888889
1166,0.57,0.502679606623913,0.4758774999999995,0.4758774999999995
16571,0.61,0.5485390429835473,0.5585991666666659,0.5585991666666659
16668,0.38,0.4321630807785793,0.4188399999999999,0.4188399999999999
12789,0.33,0.3250285715688227,0.3095328571428574,0.30953285714285733
6090,0.53,0.5250972186893048,0.555245575396825,0.555245575396825
14517,0.37,0.4072973656395228,0.4038474999999999,0.4038474999999999
18656,0.19,0.2074412210681861,0.25830654761904714,0.2583065476190471
2340,0.32,0.43138724209220414,0.3613744047619062,0.3613744047619062
19828,0.33,0.4195143868522984,0.39178962301587283,0.39178962301587283
21131,1.0,0.8194058840179779,0.7876783333333338,0.787678333333334
15354,0.44,0.45201097946625957,0.42484607683982695,0.42484607683982695
6536,0.45,0.4288221527481046,0.4119475000000003,0.4119475000000003
21592,0.52,0.5339108139673506,0.5954865476190481,0.5954865476190481
21525,0.18,0.12610574698123816,0.17086595238095248,0.17086595238095245
18502,0.28,0.29563173394366354,0.3335270115995118,0.3335270115995118
22734,0.62,0.5866252891155146,0.5664602579365082,0.5664602579365082
3479,0.69,0.6531335335850332,0.6188036904761901,0.6188036904761901
1600,0.18,0.2179603752596608,0.2115224999999997,0.2115224999999997
21602,0.58,0.5114563066317152,0.564022499999999,0.564022499999999
6982,0.48,0.519423873427003,0.532061488095239,0.532061488095239
10921,0.2,0.2263890942982535,0.21725940476190517,0.21725940476190517
16742,0.62,0.6245125346462492,0.590375000000002,0.590375000000002
4766,0.47,0.4436042633049798,0.3840429166666663,0.3840429166666663
13001,0.58,0.544945117376985,0.5817335119047611,0.5817335119047611
9530,0.32,0.3796611081795608,0.3688355158730159,0.36883551587301583
2730,0.7,0.665548531122128,0.6601872023809527,0.6601872023809525
83,0.22,0.22340964918490105,0.19989166666666713,0.19989166666666713
11506,0.56,0.513780222934142,0.5268510714285717,0.5268510714285717
21524,0.26,0.31882518469543053,0.30288249999999994,0.30288249999999994
5231,0.21,0.206665382381811,0.20825928571428542,0.20825928571428542
6893,0.56,0.5803299867075163,0.5670511904761918,0.5670511904761918
3061,0.99,0.8588458311983762,0.8548033333333329,0.8548033333333329
14137,0.54,0.5537182176280888,0.5471804761904757,0.5471804761904757
18142,0.32,0.3416855468709186,0.28903988095238126,0.2890398809523812
9956,0.46,0.4276394349449633,0.46517166666666687,0.46517166666666687
11541,0.15,0.2345141423909184,0.23895895923520924,0.23895895923520924
7043,0.38,0.41216517744600867,0.4169661284548788,0.41696612845487885
611,0.57,0.668326123015373,0.6380533333333334,0.6380533333333334
76,0.66,0.6513037879003666,0.640046845238095,0.640046845238095
21513,0.49,0.40153672887622693,0.46098128968253893,0.46098128968253893
18824,0.34,0.3044453292217094,0.35399154761904794,0.3539915476190479
12827,0.56,0.526648896062055,0.5473791666666656,0.5473791666666656
6184,0.41,0.4643854819764122,0.43344432539682537,0.43344432539682537
10128,0.51,0.5002645219247037,0.48368416666666647,0.4836841666666665
21485,0.49,0.517748009283015,0.51131018304408,0.51131018304408
20780,0.0,-0.058765686675292195,0.0,0.0
16416,0.17,0.11615095320390662,0.16285166666666723,0.16285166666666723
3277,0.23,0.2853732692204043,0.23472553571428537,0.23472553571428537
7308,0.18,0.1999678248906585,0.19629499999999964,0.19629499999999964
1560,0.27,0.32270465526639586,0.34519785714285767,0.34519785714285767
20777,0.44,0.4407861763847926,0.47056833333333303,0.47056833333333303
6567,0.27,0.26660488016502687,0.23301416666666697,0.23301416666666697
9759,0.62,0.6290436571323518,0.6041507738095224,0.6041507738095224
8662,0.79,0.6895142208035716,0.7096770238095241,0.7096770238095241
5290,1.0,0.8950977076120649,0.9061916666666684,0.9061916666666684
10565,0.69,0.6515854559689814,0.6334457738095236,0.6334457738095236
19899,0.35,0.3500517680052563,0.31842503968253977,0.31842503968253977
4311,0.04,0.0706945190652502,0.04575833333333329,0.04575833333333329
7135,0.63,0.6265622595325478,0.5608439285714286,0.5608439285714285
2293,0.2,0.29125809275493797,0.23774886904761902,0.237748869047619
8426,0.41,0.4004792221212369,0.35277767857143,0.35277767857143
20998,0.44,0.3794486056304154,0.3859000595238095,0.3859000595238095
3145,0.21,0.2669234435038854,0.2474557142857143,0.2474557142857143
1499,0.83,0.7543169063596613,0.7659377380952374,0.7659377380952374
19314,0.49,0.4306518984327712,0.3817509199134201,0.3817509199134201
21547,0.37,0.31110599144261825,0.2963390097402604,0.2963390097402604
16882,0.67,0.6819525088481364,0.6548553571428571,0.6548553571428571
11785,0.28,0.22948884928705549,0.24098083333333295,0.24098083333333295
21570,0.6,0.5269269643739715,0.5453619047619049,0.5453619047619049
11124,0.67,0.5945342349023356,0.6120591666666665,0.6120591666666665
9841,0.54,0.5368200692843201,0.4849966666666659,0.4849966666666659
8872,0.47,0.443802239629299,0.4485392460317456,0.4485392460317456
3236,0.36,0.36397434813146073,0.38502482142857175,0.38502482142857175
13768,0.24,0.2814976755452272,0.25305499999999986,0.2530549999999998
10763,0.65,0.49753012674881225,0.5031595833333333,0.5031595833333333
22165,0.4,0.4836075466226078,0.404894880952381,0.404894880952381
21335,0.7,0.7407643100799794,0.7686841666666676,0.7686841666666676
7374,0.95,0.8652471943960877,0.9383499999999997,0.9383499999999997
17153,0.37,0.42714526432720307,0.4640989285714294,0.4640989285714294
22155,0.48,0.438001107839061,0.4371702380952373,0.4371702380952373
21559,0.41,0.5034554453102881,0.49331786179506765,0.49331786179506765
20116,0.57,0.6303505617067309,0.6057919047619045,0.6057919047619045
3895,0.38,0.45772481975550344,0.4305849999999991,0.43058499999999905
16609,0.5,0.49443037176001026,0.5017275000000003,0.5017275000000003
18613,0.46,0.42183830315472526,0.4587822442834942,0.4587822442834941
6594,0.4,0.364468518749221,0.3373530158730151,0.3373530158730151
2676,0.27,0.2975497954062378,0.28599222222222204,0.28599222222222204
1567,0.32,0.29612590456142385,0.29358923215673205,0.29358923215673205
22714,0.15,0.2007805588472773,0.22001285714285718,0.22001285714285715
22207,0.42,0.4722288620004623,0.4766246428571428,0.47662464285714284
19577,0.45,0.4806319784050436,0.4470326984126997,0.44703269841269966
15026,0.5,0.4240380326859144,0.42052708333333333,0.42052708333333333
3195,0.31,0.32319882588415605,0.34361496031746036,0.34361496031746036
22060,0.37,0.34602229278940055,0.35876416666666633,0.3587641666666663
6705,0.22,0.2890583632237489,0.2606778571428571,0.2606778571428571
17653,0.47,0.4518867926950218,0.42878714285714215,0.42878714285714215
5431,0.27,0.3405028290677774,0.33498071428571463,0.33498071428571463
14193,0.36,0.4059986858428601,0.4062909523809521,0.4062909523809522
15546,0.7,0.7995579853302976,0.7164416666666666,0.7164416666666665
6509,0.29,0.2951375633259033,0.26789333333333326,0.26789333333333326
542,0.73,0.6132877315647822,0.6511689285714282,0.6511689285714283
3451,0.36,0.36431463720854235,0.34872500000000023,0.34872500000000023
7053,0.7,0.7565166358908504,0.7642899404761905,0.7642899404761905
5643,0.75,0.7321450913695542,0.775692301587302,0.775692301587302
10123,0.37,0.40149623384928473,0.40162000000000014,0.4016200000000002
11226,0.3,0.3698996666929365,0.3736460119047617,0.3736460119047617
3270,0.21,0.3189493714666683,0.2690900000000003,0.2690900000000002
6940,0.41,0.4225268503401063,0.42848949855699836,0.42848949855699836
15405,0.21,0.30425095265408875,0.32295666666666767,0.32295666666666767
10312,0.29,0.26623489631850444,0.30109042388167373,0.3010904238816738
1607,0.75,0.7598363700812845,0.7704044047619041,0.7704044047619043
20163,0.04,0.07940490617245766,0.1330467261904759,0.1330467261904759
18393,0.73,0.7191927264973457,0.7050927380952378,0.7050927380952378
19571,0.27,0.19274280225560653,0.17724551587301576,0.17724551587301576
10308,0.41,0.4930064809151963,0.48200337301587287,0.48200337301587287
12673,0.64,0.5916459581857655,0.5897016666666662,0.5897016666666662
822,0.47,0.4557662632659871,0.46683809523809444,0.46683809523809444
20140,0.41,0.3984369738874249,0.4255939285714289,0.4255939285714289
8517,0.37,0.3860219763503301,0.38216249999999996,0.38216249999999996
12871,0.41,0.5011315290078612,0.4709272222222222,0.4709272222222222
21869,0.34,0.38248667175223466,0.3925064448051947,0.3925064448051947
259,0.1,0.14554779082906577,0.1384970238095237,0.1384970238095237
16614,0.47,0.5378775760393101,0.5573666666666673,0.5573666666666673
21623,0.42,0.519494063223386,0.5026929166666673,0.5026929166666673
53,0.38,0.4040401293533437,0.37007025793650805,0.3700702579365081
13997,0.89,0.745137951268705,0.807927142857142,0.8079271428571418
6253,0.51,0.5832428417811842,0.6006577777777775,0.6006577777777776
13323,0.35,0.3785188854033617,0.3646533333333329,0.3646533333333329
1617,0.4,0.4002848455536162,0.4069374999999985,0.4069374999999985
14557,0.67,0.5786244277940875,0.5845590476190459,0.5845590476190459
19410,0.06,0.01546175104703873,0.0661375,0.0661375
11204,0.2,0.2345141423909184,0.23895895923520924,0.23895895923520924
1891,0.27,0.26084424340173096,0.24103742063492006,0.24103742063492004
5104,0.7,0.6520796265867417,0.6173550000000001,0.6173550000000001
8262,0.53,0.5255913893070651,0.5446229166666661,0.5446229166666661
9218,0.49,0.5015384081246274,0.42967999999999856,0.42967999999999856
16915,0.37,0.37774304671698655,0.37140899069884376,0.37140899069884376
960,0.73,0.76505216285698,0.7564062500000003,0.7564062500000003
2678,0.91,0.9179211745173094,0.9950159126984137,0.9950159126984137
16281,0.31,0.2808091283598462,0.24090999999999949,0.24090999999999949
18143,0.33,0.28791716472446327,0.2981800000000007,0.29818000000000067
11074,0.5,0.5619674524919915,0.5388908333333327,0.5388908333333327
9600,0.61,0.6310022136218681,0.6070166666666666,0.6070166666666666
8565,0.33,0.38431641743690126,0.3710474080086578,0.3710474080086578
11717,0.5,0.4896867467247622,0.46614916666666745,0.46614916666666745
15429,0.62,0.584172562008238,0.5499347817460314,0.5499347817460314
21983,0.52,0.49067508796028275,0.49110400793650805,0.4911040079365081
8781,0.47,0.44563198531396564,0.43380958333333297,0.43380958333333297
14613,0.49,0.42211997122334016,0.44575014665889673,0.44575014665889673
21730,0.47,0.5063437220268582,0.5235541666666667,0.5235541666666668
16714,0.13,0.19196696356923137,0.19512575396825388,0.19512575396825388
8656,0.57,0.473158582227516,0.5360607142857144,0.5360607142857144
3423,0.62,0.6008295373103338,0.5867382521645006,0.5867382521645006
2901,0.24,0.21343672942604483,0.2133084722222221,0.2133084722222221
7027,0.23,0.34099699968553765,0.3356609523809525,0.33566095238095256
8012,0.18,0.2387561201559195,0.21117166666666687,0.21117166666666684
3291,0.39,0.4011308740363742,0.4152536742424243,0.4152536742424244
14560,0.28,0.20914677998161496,0.20698999999999995,0.20698999999999995
12312,0.47,0.45123514077988447,0.42596535714285766,0.42596535714285755
22027,0.36,0.45964288121807767,0.525766904761905,0.5257669047619049
6716,0.57,0.4878974960670377,0.4995270833333329,0.4995270833333329
12626,0.39,0.38296271638847024,0.35980249999999925,0.35980249999999925
13972,0.81,0.7256959074208773,0.7200324999999999,0.7200325000000001
5193,0.72,0.7403943262334569,0.8115353571428572,0.8115353571428572
246,0.21,0.27987940813279244,0.23433249999999992,0.23433249999999992
11161,0.43,0.4407861763847926,0.47056833333333303,0.47056833333333303
12334,0.44,0.44608566090478374,0.4773068650793649,0.4773068650793649
10499,0.86,0.8598160464523721,0.9371199999999993,0.9371199999999993
2759,0.46,0.39011754922713926,0.37656051587301564,0.37656051587301564
14231,0.32,0.4055045152250998,0.40239250000000043,0.40239250000000043
2943,0.44,0.46763911850589285,0.44402166666666715,0.44402166666666715
18268,0.59,0.6009537240815717,0.5418458333333339,0.541845833333334
748,0.51,0.5327280961642094,0.5142285515873013,0.5142285515873013
18504,0.49,0.44891122447745757,0.45815734126984076,0.45815734126984076
9745,0.18,0.3202895705671866,0.29630583333333343,0.29630583333333343
13290,0.24,0.21324235285842413,0.22018523809523824,0.22018523809523827
17222,0.16,0.2164959893879047,0.21676055555555565,0.21676055555555565
7729,0.71,0.6895142208035716,0.7096770238095241,0.7096770238095241
13624,0.37,0.3711696759970719,0.3377425685425687,0.3377425685425687
6593,0.33,0.38431641743690126,0.3710474080086578,0.3710474080086578
10727,0.59,0.5127227161791521,0.5846310714285717,0.5846310714285717
15825,0.55,0.5008498609392463,0.4525394047619046,0.4525394047619046
19533,0.47,0.4057861832937147,0.40711166666666654,0.4071116666666665
13760,0.49,0.5394256536553619,0.5604518452380955,0.5604518452380955
19809,0.57,0.587679196113806,0.5802861904761913,0.5802861904761913
2294,0.59,0.5025554198526752,0.5995033333333329,0.5995033333333329
22043,0.52,0.4672035688965994,0.48201714285714287,0.48201714285714287
20073,0.2,0.30742089743927364,0.3340150000000002,0.3340150000000002
17533,0.31,0.30270287503803694,0.2937199999999996,0.2937199999999996
14022,0.7,0.7196868971151058,0.6907624603174608,0.6907624603174609
13475,0.41,0.38729198565446543,0.3387676497113995,0.3387676497113995
21917,0.77,0.7409586866476001,0.6837024999999989,0.6837024999999987
5551,0.43,0.5063437220268582,0.5235541666666667,0.5235541666666668
2315,0.65,0.6081787467166238,0.5790361309523822,0.5790361309523822
845,0.46,0.36729408232189475,0.3739372408147408,0.3739372408147408
20888,0.57,0.549468763210601,0.5704442735042733,0.5704442735042733
9973,0.56,0.5557640656185993,0.5429992857142864,0.5429992857142864
18972,0.3,0.34242089053035163,0.372104383116883,0.3721043831168831
8840,0.37,0.4503756103492137,0.449242123015872,0.44924212301587213
1179,0.23,0.19826226597722962,0.20268749999999972,0.2026874999999997
2096,0.12,0.10377645069375396,0.10616527777777789,0.1061652777777779
16294,0.8,0.709449410992246,0.7647762500000006,0.7647762500000007
15319,0.24,0.2719487366077483,0.2482857142857138,0.2482857142857138
9379,0.37,0.368845759694645,0.347288531746032,0.347288531746032
11581,0.0,-0.049216747737813316,0.0,0.0
15870,0.86,0.7255717206496395,0.7283936904761898,0.7283936904761898
3383,0.24,0.2933078176412367,0.3040603571428572,0.3040603571428572
1749,0.58,0.5510204405833513,0.576933333333335,0.5769333333333351
11494,0.41,0.3754191304145597,0.40028162698412717,0.40028162698412717
5828,0.45,0.5260674339433006,0.5166081746031732,0.5166081746031733
2651,0.33,0.29836612911955507,0.2915875000000005,0.2915875000000005
6991,0.65,0.6054443515407322,0.6180418452380949,0.6180418452380949
2098,0.4,0.318455200848908,0.2641355032467532,0.2641355032467532
12201,0.34,0.36797875261148755,0.33985000000000104,0.33985000000000104
20001,0.63,0.652357694898658,0.6686608333333323,0.6686608333333323
16295,0.44,0.41265934806376886,0.4219517857142867,0.4219517857142867
15049,0.41,0.3486278771604423,0.3862470833333336,0.3862470833333336
15922,0.58,0.5780060704050893,0.6269856746031729,0.6269856746031729
12623,0.27,0.34099699968553765,0.3356609523809525,0.33566095238095256
16606,0.32,0.30298094334995335,0.2569363095238089,0.25693630952380897
9041,0.56,0.5491034033976905,0.5530408333333343,0.5530408333333342
17909,0.79,0.724425898116742,0.760353571428571,0.760353571428571
13752,0.29,0.39746675863342906,0.3701722742535243,0.3701722742535243
16994,0.54,0.6126396794063433,0.6428682142857126,0.6428682142857126
15621,0.37,0.4412803470025529,0.4762458333333338,0.4762458333333338
2561,0.06,0.09720307997383926,0.12457166666666676,0.12457166666666676
3072,0.39,0.3845980855055161,0.4123752615440111,0.4123752615440111
18908,0.5,0.5375959079706953,0.6476949999999978,0.6476949999999978
1046,0.4,0.4058698750380103,0.42853722222222346,0.42853722222222346
21071,0.29,0.2641926480846924,0.2884699999999999,0.2884699999999999
983,0.37,0.41285372463138964,0.4321198809523814,0.4321198809523814
4974,0.44,0.5008498609392463,0.4525394047619046,0.4525394047619046
10893,0.59,0.6145982358958597,0.6011350000000001,0.6011350000000002
11919,0.43,0.4224026635688685,0.4361253571428575,0.4361253571428575
2297,0.56,0.5430897690583071,0.5584341666666653,0.5584341666666653
19738,0.9,0.851284119242941,0.8520225000000013,0.8520225000000013
6148,0.55,0.6432192348346438,0.6548594047619047,0.6548594047619047
10295,0.52,0.5575938113032659,0.5501315277777775,0.5501315277777774
17925,0.72,0.6956807124067201,0.7210550000000007,0.7210550000000004
19675,0.66,0.5758063408739004,0.5757760973748471,0.5757760973748471
10666,0.22,0.15317866830397042,0.1377966666666668,0.13779666666666682
9420,0.73,0.6604827429913229,0.6072308333333332,0.607230833333333
19874,0.43,0.3402211609991625,0.3226923809523812,0.3226923809523812
11104,0.47,0.4043217974219586,0.42094951298701416,0.42094951298701416
7101,0.56,0.6434604078763165,0.6492245436507937,0.6492245436507936
3964,0.3,0.33364779027924785,0.35699875901875894,0.356998759018759
21668,0.65,0.7247958819632645,0.7394515476190479,0.7394515476190479
14219,0.52,0.5757658458469582,0.573457638888888,0.573457638888888
15241,0.0,-0.03643639038780788,0.0333099999999999,0.0333099999999999
6829,0.66,0.6530498418407376,0.6640358333333354,0.6640358333333353
4527,0.61,0.6334172983210773,0.6446386904761909,0.6446386904761909
2875,0.43,0.46621522766107887,0.4484014880952383,0.44840148809523833
16784,0.15,0.16934147298830615,0.20798583333333323,0.2079858333333332
20395,0.63,0.5519906558373471,0.5712158333333331,0.5712158333333331
8725,0.31,0.4158292928489538,0.42019750000000067,0.4201975000000006
21823,0.37,0.36226878921803185,0.38473545815295807,0.38473545815295807
14104,0.61,0.6508096172826063,0.6901036525974021,0.6901036525974021
7957,0.23,0.3353533491926767,0.30915041666666665,0.3091504166666666
20916,0.54,0.5955225761378561,0.5882878571428578,0.5882878571428578
325,0.47,0.4893213869118517,0.5189623809523808,0.5189623809523808
13100,0.74,0.6961748830244804,0.760333333333334,0.7603333333333339
18561,0.17,0.14787170713149267,0.11925029761904735,0.11925029761904735
16198,0.58,0.5714326996851747,0.5414915259740257,0.5414915259740257
2414,0.39,0.4113893387596335,0.39905761904761894,0.3990576190476189
22471,0.36,0.37132355753775054,0.38143142857142875,0.38143142857142875
13622,0.16,0.1256998921413855,0.15282833333333337,0.15282833333333337
7419,0.58,0.4952467054733275,0.48952678571428493,0.48952678571428493
16085,0.56,0.5714326996851747,0.5414915259740257,0.5414915259740257
1069,0.47,0.5362347302697775,0.598642023809525,0.598642023809525
6093,0.84,0.8173561591316791,0.808280952380952,0.8082809523809519
10332,0.62,0.6872739962454404,0.6649857142857144,0.6649857142857144
19810,0.23,0.2681529577810786,0.251355,0.251355
9906,0.36,0.4802666185921331,0.4325933333333329,0.4325933333333329
13318,0.16,0.08421022007468854,0.09909333333333321,0.09909333333333324
16586,0.46,0.3941875194699371,0.45150097222222135,0.45150097222222135
2016,0.3,0.2489308931348831,0.22488746031746032,0.2248874603174603
6319,0.55,0.6064326927762527,0.6345457142857135,0.6345457142857134
17318,0.36,0.3885619949586008,0.360738333333333,0.360738333333333
12550,0.67,0.5968837538387738,0.5807987500000005,0.5807987500000005
3219,0.29,0.3345775105063016,0.3215108333333341,0.3215108333333341
19903,0.4,0.38218300080630685,0.37986994047618977,0.37986994047618977
13031,0.5,0.4735644370673687,0.4274344444444443,0.4274344444444443
2038,0.63,0.6763638796070437,0.6981916666666654,0.6981916666666657
13688,0.34,0.4663035434389865,0.49733376984126965,0.49733376984126965
21427,0.43,0.3780247147856014,0.33988333333333287,0.3398833333333328
3090,0.53,0.5796414395221353,0.527205238095238,0.527205238095238
17985,0.26,0.18461775416294157,0.20378706890331844,0.2037870689033185
807,0.37,0.36757575039050966,0.32897750000000053,0.32897750000000053
1139,0.59,0.5192123951547711,0.5384339285714295,0.5384339285714295
19081,0.45,0.389623378609379,0.4598135515873008,0.4598135515873008
3884,0.32,0.3034751139677136,0.34975771825396834,0.34975771825396834
3662,0.44,0.44515594067773007,0.402601428571429,0.40260142857142894
19148,0.34,0.31448843877694854,0.3434458333333336,0.3434458333333336
20493,0.7,0.6749399887622298,0.6174650000000009,0.6174650000000009
1423,0.58,0.6098141158336696,0.6124251984126985,0.6124251984126985
17470,0.56,0.5853552798113792,0.6180404761904759,0.618040476190476
3104,0.53,0.6163874865535843,0.5772158333333325,0.5772158333333326
4132,0.34,0.33985580118625197,0.338497619047619,0.33849761904761905
1894,0.6,0.6069960289134824,0.6345583333333336,0.6345583333333336
2682,0.6,0.6743216313732318,0.6850333333333343,0.6850333333333343
20210,0.28,0.19591274704079142,0.2219374999999996,0.2219374999999996
1561,0.36,0.4189290478377558,0.39235250000000044,0.39235250000000044
6818,0.4,0.4643854819764122,0.43344432539682537,0.43344432539682537
7352,0.62,0.5981356371613845,0.6547741666666692,0.6547741666666692
14313,1.0,0.9033469424759676,0.9567037499999992,0.9567037499999992
1086,0.5,0.4727885983809936,0.43883750000000077,0.43883750000000077
21516,0.34,0.36255045728664675,0.34676494047618983,0.34676494047618983
3999,0.55,0.5563238019991306,0.5399369642857154,0.5399369642857154
19722,0.53,0.6156521428941513,0.6194573809523801,0.6194573809523801
18211,0.32,0.3413669835320601,0.3093870833333327,0.3093870833333327
19119,0.23,0.21082366840251646,0.19920833333333327,0.19920833333333327
12678,0.69,0.6054443515407322,0.6180418452380949,0.6180418452380949
10772,0.79,0.7967729167845661,0.814566071428572,0.8145660714285718
6840,0.17,0.22340964918490105,0.19989166666666713,0.19989166666666713
14854,0.55,0.5076137313309935,0.532489880952381,0.5324898809523811
18466,0.7,0.6695961323195084,0.6955499999999987,0.6955499999999987
9621,0.68,0.5738477843843839,0.6144013095238098,0.6144013095238098
5589,0.8,0.6986931758945281,0.74660380952381,0.74660380952381
17412,0.56,0.674815801990992,0.7017069047619046,0.7017069047619047
7166,0.35,0.39746675863342906,0.3701722742535243,0.3701722742535243
13762,0.74,0.7556571054601797,0.7924041666666676,0.7924041666666676
22235,0.25,0.17714435798541406,0.2173485714285711,0.2173485714285711
6762,0.7,0.6887383821171964,0.6830357142857137,0.6830357142857137
12611,0.09,0.03677403560647513,0.05426999999999986,0.054269999999999874
120,0.6,0.6245125346462492,0.590375000000002,0.590375000000002
17305,0.43,0.4298760597463961,0.444351249999999,0.4443512499999989
1858,0.24,0.257055941227548,0.25541916666666725,0.25541916666666725
14530,0.42,0.48757533297148076,0.4403491666666668,0.4403491666666668
18352,0.13,0.13423079507390306,0.13296666666666648,0.13296666666666648
14377,0.65,0.6063443769983451,0.6095719047619038,0.6095719047619038
16233,0.71,0.6163874865535843,0.5772158333333325,0.5772158333333326
9893,0.44,0.3447522834852652,0.30569394688644624,0.30569394688644624
12774,0.02,-0.04096751287391054,0.0,0.0
4225,0.36,0.3485405856594481,0.329701349206349,0.32970134920634897
13236,0.25,0.21479043047447588,0.2787997434509934,0.2787997434509934
13587,0.28,0.2948558952572885,0.2738508333333334,0.2738508333333334
3179,0.42,0.37688351628631583,0.3615613095238093,0.3615613095238093
3263,0.58,0.5089749090319112,0.4862307792207792,0.4862307792207792
9151,0.58,0.5557640656185993,0.5429992857142864,0.5429992857142864
1099,0.46,0.5378775760393101,0.5573666666666673,0.5573666666666673
8149,0.57,0.6097268243326754,0.5884245238095238,0.5884245238095238
15330,0.15,0.11104196835574809,0.12573499999999999,0.12573499999999999
10083,0.55,0.5413842101448783,0.5221560714285709,0.5221560714285709
6411,0.61,0.5598340358613971,0.5751833333333346,0.5751833333333346
13629,0.72,0.7249200687345021,0.7557166666666673,0.7557166666666673
5284,0.3,0.3059565115675176,0.29690440476190477,0.29690440476190477
21184,0.58,0.5103987998767252,0.5331684848484849,0.5331684848484849
3598,0.6,0.6589346653752712,0.6814541666666668,0.6814541666666666
14924,0.33,0.3239746645705312,0.31782000000000016,0.31782000000000016
20784,0.48,0.4557662632659871,0.46683809523809444,0.46683809523809444
9760,0.7,0.7812986592856113,0.796667500000001,0.7966675000000011
2935,0.39,0.39089338791351436,0.40485154761904824,0.40485154761904824
5552,0.12,0.13317328831891312,0.16831146284271284,0.16831146284271284
4694,0.04,0.08923551317855144,0.11030249999999998,0.11030250000000001
8050,0.13,0.17600213520921493,0.18920416666666648,0.18920416666666648
21083,0.16,0.29011689425565235,0.231145,0.231145
6713,0.42,0.33740307407897535,0.30508481990231984,0.30508481990231984
4665,0.42,0.4835202551216137,0.4697666666666661,0.4697666666666661
4846,0.44,0.3890380395948364,0.38539749999999984,0.3853974999999999
8064,0.3,0.3703938373106968,0.3629515873015878,0.3629515873015878
2420,0.78,0.7388462486174051,0.8074266666666662,0.8074266666666662
633,0.3,0.3120943326781388,0.30482083333333404,0.30482083333333404
14309,0.76,0.7572087828329299,0.754095833333333,0.754095833333333
14834,0.36,0.42975187297515827,0.4079313095238095,0.4079313095238094
959,0.45,0.5700925005846564,0.5250244047619036,0.5250244047619035
14939,0.72,0.6520796265867417,0.6173550000000001,0.6173550000000001
15623,0.47,0.4740586076851289,0.3849666017316021,0.3849666017316021
1917,0.2,0.17860874385717018,0.21233142857142848,0.2123314285714285
7979,0.41,0.46642773021022427,0.4904756547619051,0.4904756547619051
66,0.8,0.8242111979202087,0.8358499999999985,0.8358499999999984
6525,0.27,0.28877669515513404,0.31133649059273993,0.31133649059273993
112,0.18,0.12728846478437944,0.14333996031746005,0.14333996031746005
5791,0.31,0.41489957262190014,0.3841833333333342,0.3841833333333342
4404,0.37,0.48761582799842285,0.4799664880952381,0.47996648809523806
22634,0.52,0.5522031583864925,0.5474082647907649,0.547408264790765
17377,0.24,0.25328253144629576,0.25806833333333357,0.2580683333333336
124,0.29,0.32539855541534524,0.3619686904761905,0.3619686904761905
14999,0.25,0.3418430281682957,0.33241583333333347,0.3324158333333335
13161,0.44,0.4437617446023569,0.44260773809523785,0.44260773809523785
16533,0.44,0.4299633512473902,0.4632426785714287,0.4632426785714287
17058,0.15,0.20229174119308543,0.20899000000000004,0.20899
5783,0.46,0.39215979746095125,0.40536045634920626,0.4053604563492063
6272,0.43,0.35259566350931526,0.39437978479853475,0.39437978479853475
7465,0.29,0.364468518749221,0.3373530158730151,0.3373530158730151
12373,0.33,0.34177283837191275,0.35292749999999934,0.35292749999999934
14253,0.89,0.8609572449516576,0.8742999999999996,0.8742999999999996
6574,0.47,0.45172931139764466,0.4278562914862911,0.4278562914862911
2529,0.74,0.7587568604489816,0.7650295238095239,0.7650295238095239
5185,0.6,0.6073327182338656,0.5986871031746032,0.5986871031746032
4691,0.54,0.5800519183955999,0.5824354166666658,0.5824354166666658
19895,1.0,0.8364282191329844,0.8808483333333339,0.8808483333333339
7939,0.57,0.5613490951029935,0.5934361309523808,0.5934361309523809
11681,0.53,0.491857805763424,0.4890391666666675,0.4890391666666675
3412,0.64,0.5740382840562165,0.6089141666666658,0.6089141666666658
1422,0.19,0.29011689425565235,0.231145,0.231145
16357,0.28,0.34029135079554546,0.2904375000000002,0.2904375000000002
17575,0.53,0.5699683138134186,0.5676519029581526,0.5676519029581527
7156,0.78,0.7945326922264346,0.7440533333333335,0.7440533333333335
2097,0.4,0.44311009268721957,0.4618474603174603,0.4618474603174603
19774,0.52,0.4817778009379412,0.484066488095238,0.4840664880952381
11050,0.33,0.3214307690664723,0.3156760606060609,0.3156760606060609
6326,0.17,0.11896904012409376,0.10012642857142855,0.10012642857142856
18282,0.4,0.45151680884849926,0.43620571428571375,0.43620571428571375
19295,0.29,0.288158337766136,0.28409309523809506,0.2840930952380951
15315,0.74,0.7110676784046807,0.8170150000000015,0.8170150000000015
14337,0.36,0.4296816831787753,0.4496995238095237,0.4496995238095237
3333,0.59,0.5580879819210263,0.5630992460317454,0.5630992460317454
15505,0.22,0.31110599144261825,0.2963390097402604,0.2963390097402604
21677,0.63,0.6844889276997087,0.6391522619047619,0.6391522619047618
16968,0.8,0.7410828734188379,0.7803583333333338,0.7803583333333338
11299,0.04,0.0023519048774530704,0.02834464285714283,0.028344642857142836
7272,0.62,0.5734749479189868,0.5956652777777771,0.5956652777777771
9703,0.49,0.53003419601526,0.5040077380952382,0.5040077380952381
22343,0.52,0.5108929704944855,0.5277034325396829,0.5277034325396829
10024,0.32,0.44425591522011715,0.4332699999999993,0.4332699999999993
14200,0.34,0.3186677033980534,0.30735833333333373,0.30735833333333373
16208,0.28,0.38565661653741956,0.3734574999999994,0.37345749999999944
10263,0.28,0.2380207764964865,0.19354315476190503,0.193543154761905
18800,0.28,0.24716283631719924,0.25227436507936507,0.25227436507936507
21979,0.35,0.3992128125738,0.42857833333333284,0.42857833333333284
21540,0.6,0.5654776863542581,0.5688750000000004,0.5688750000000004
22125,0.23,0.26806926603678294,0.2506608333333337,0.2506608333333337
17798,0.47,0.4423378537575429,0.44142416666666656,0.44142416666666656
14176,0.43,0.4593601888725493,0.45374465909091005,0.45374465909091005
7830,0.34,0.41815320915138077,0.4125950000000004,0.4125950000000004
15466,0.24,0.2969719330441819,0.26779702380952336,0.2677970238095234
8296,0.2,0.19931617297552118,0.18735750000000068,0.18735750000000068
8447,0.59,0.6368870371564018,0.6975994209956708,0.6975994209956708
19296,0.4,0.45257533988040277,0.47807421536796535,0.47807421536796535
3442,0.65,0.6354595465548893,0.6796160714285701,0.6796160714285701
7521,0.08,0.0008875190056969462,0.016750357142857122,0.016750357142857122
22285,0.48,0.4589543340326967,0.37085428571428536,0.37085428571428536
11657,0.41,0.40656202198008984,0.4087786904761903,0.4087786904761903
22014,0.52,0.5704624844311789,0.542375,0.542375
1797,0.63,0.7053538381154368,0.7240809523809532,0.724080952380953
21081,0.49,0.45877872675379494,0.46888809523809477,0.46888809523809477
19741,0.48,0.48259053489455994,0.5061075198412697,0.5061075198412697
14105,0.66,0.7250775500318793,0.7088948611111132,0.7088948611111131
18981,0.77,0.7047068102339114,0.7298238095238097,0.7298238095238097
9199,0.78,0.7701611477051385,0.710446944444444,0.7104469444444441
14490,0.18,0.18170849884597212,0.20821,0.20821
17803,0.68,0.7265419359036354,0.7036387500000008,0.7036387500000008
6680,0.0,0.010436457943175825,0.052052500000000015,0.0520525
17117,0.41,0.4299633512473902,0.4632426785714287,0.4632426785714287
2559,0.34,0.368845759694645,0.347288531746032,0.347288531746032
22529,0.56,0.5291671889321026,0.5339482539682533,0.5339482539682533
15712,0.65,0.6442362465626916,0.6136944733044732,0.6136944733044732
5206,0.17,0.19196696356923137,0.19512575396825388,0.19512575396825388
11701,0.38,0.3984369738874249,0.4255939285714289,0.4255939285714289
9822,0.15,0.12213898490927871,0.10732499999999985,0.10732499999999985
7741,0.46,0.4953303972176231,0.4469022366522364,0.4469022366522365
19956,0.31,0.3485405856594481,0.329701349206349,0.32970134920634897
16012,0.04,0.030936008545993376,0.02578333333333329,0.025783333333333297
21331,0.56,0.6792767346807117,0.6723673214285718,0.6723673214285719
17382,0.58,0.45123514077988447,0.42596535714285766,0.42596535714285755
7214,0.59,0.5408531442568744,0.5462582142857143,0.5462582142857143
9711,0.39,0.3710823844960778,0.3486116396103887,0.3486116396103886
18325,0.81,0.759536576031145,0.8356116666666665,0.8356116666666664
10533,0.3,0.31237600074675365,0.30044583333333275,0.30044583333333275
4288,0.63,0.674815801990992,0.7017069047619046,0.7017069047619047
5240,0.17,0.21556626916085103,0.22199761904761897,0.22199761904761897
6385,0.57,0.592015942032288,0.5339154138916641,0.533915413891664
8353,0.75,0.6838003805143277,0.7577669642857151,0.7577669642857151
2510,0.15,0.2028264068377878,0.16716666666666705,0.16716666666666705
9746,0.45,0.44388593137359467,0.4114824639249639,0.4114824639249639
13791,0.09,0.08018074485883286,0.10157999999999999,0.10157999999999999
9901,0.38,0.369534306880026,0.3057166666666673,0.3057166666666673
18118,0.52,0.5281969736781068,0.504629761904761,0.504629761904761
22338,0.55,0.5420358620600155,0.5741865476190467,0.5741865476190469
15280,0.1,0.15522091653778247,0.1657393452380957,0.1657393452380957
9118,0.43,0.46890912781002825,0.5078992045454547,0.5078992045454547
11695,0.59,0.5618432657207537,0.5345048015873018,0.5345048015873018
895,0.57,0.6911495899206175,0.6849929761904764,0.6849929761904764
12488,0.36,0.3583893186470666,0.31499999999999934,0.31499999999999934
12447,0.62,0.6094487560207591,0.626895833333335,0.626895833333335
9977,0.48,0.5365163983383925,0.5585784523809513,0.5585784523809514
3906,0.24,0.2691231730350745,0.23324499999999954,0.23324499999999954
19281,0.73,0.6982171312582924,0.711431428571428,0.7114314285714282
3222,0.5,0.5039496159280483,0.5174636507936499,0.5174636507936499
16049,0.36,0.3558528997954943,0.3530166666666664,0.3530166666666664
15144,0.38,0.3691238280065614,0.4371649999999995,0.4371649999999995
3051,0.59,0.5659132359635516,0.5741253174603176,0.5741253174603177
15390,0.54,0.4828317079362327,0.40358333333333385,0.40358333333333385
375,0.52,0.599083483369963,0.6510573484848505,0.6510573484848504
10713,0.01,0.030284356630856102,0.06695000000000001,0.06695000000000001
18731,0.47,0.5108046547165779,0.4854466666666664,0.4854466666666664
21115,0.06,0.02513487675575543,0.04397749999999998,0.04397749999999998
17647,0.6,0.6279861503773618,0.6089116071428571,0.6089116071428571
17177,0.37,0.4210624644683502,0.42762583333333304,0.42762583333333304
2375,0.28,0.3550770611091192,0.34996089285714277,0.3499608928571427
17895,0.38,0.32629858087295804,0.2840416666666663,0.2840416666666663
1809,0.34,0.3383914153144959,0.33312208333333354,0.33312208333333354
4983,0.46,0.5406956629594972,0.5405523809523821,0.5405523809523821
10799,0.52,0.5263672279934402,0.5311375000000005,0.5311375000000005
14759,0.64,0.6085441065295343,0.5786365476190467,0.5786365476190467
17875,0.12,0.08368737896440098,0.07032869047619046,0.07032869047619046
1193,0.57,0.586255305268992,0.5356300000000002,0.5356300000000002
19385,0.34,0.41526493243481066,0.4079297226384729,0.4079297226384728
10919,0.31,0.40860427021390183,0.36358011904761917,0.3635801190476192
18641,0.34,0.3407153316169228,0.32479332251082177,0.32479332251082177
15267,0.78,0.7577866451949857,0.7687029761904762,0.7687029761904762
21885,0.45,0.4578085114997992,0.42934051587301597,0.42934051587301597
15416,0.08,0.08086929204421378,0.13007416666666652,0.13007416666666652
6189,0.06,0.008236728411986693,0.0421425,0.0421425
3419,0.25,0.27154185749098214,0.3016775000000004,0.3016775000000004
11308,0.49,0.5393419619110662,0.5592873809523811,0.5592873809523811
3583,0.52,0.5691924751270435,0.5660512950937953,0.5660512950937953
859,0.79,0.6982171312582924,0.711431428571428,0.7114314285714282
18332,0.0,-0.06525536565091111,0.0,0.0
14764,0.87,0.7314097477101211,0.70254,0.7025399999999999
18094,0.23,0.277833560142282,0.28369833333333366,0.28369833333333366
16777,0.55,0.5243618750298717,0.5244513884726383,0.5244513884726384
17482,0.31,0.3189493714666683,0.2690900000000003,0.2690900000000002
21411,0.56,0.5390602938424514,0.6091505411255419,0.6091505411255419
15970,0.39,0.43771943977044614,0.370533333333334,0.370533333333334
19456,0.44,0.3780247147856014,0.33988333333333287,0.3398833333333328
16559,0.74,0.6294505362491178,0.6147100000000006,0.6147100000000006
4602,0.53,0.5595523677927823,0.5419217460317465,0.5419217460317465
9415,0.16,0.12350016261019642,0.1645998809523813,0.1645998809523813
22631,0.32,0.30425095265408875,0.32295666666666767,0.32295666666666767
19044,0.45,0.40664571372438546,0.48168827380952367,0.48168827380952367
22035,0.45,0.44612615593172583,0.43746053571428556,0.4374605357142856
11697,0.28,0.31767936216253295,0.3132020039682538,0.3132020039682538
18807,0.41,0.4020308994939871,0.39150763888888895,0.39150763888888895
14568,0.29,0.34707619978769205,0.33228829365079277,0.33228829365079277
12703,0.23,0.2654590576321293,0.25252499999999994,0.25252499999999994
14545,0.41,0.42791750325687977,0.45830821428571383,0.45830821428571383
12207,0.54,0.5205660962032022,0.518006250000001,0.518006250000001
5697,0.4,0.4032604137711804,0.36505428571428555,0.36505428571428555
9145,0.51,0.6292561596814972,0.569309583333332,0.569309583333332
10317,0.42,0.3393616305684918,0.3427813528138529,0.3427813528138529
17339,0.33,0.30996479294333257,0.3306365584415576,0.33063655844155754
14581,0.14,0.21625481634623198,0.2350732142857144,0.2350732142857144
10474,0.38,0.39737559023664676,0.372058988095238,0.37205898809523796
20354,0.06,0.07515545175496996,0.11560249999999987,0.11560249999999986
16007,0.59,0.5155482797518259,0.4829272817460318,0.4829272817460318
14655,1.0,0.9214278086228775,0.9910499999999998,0.9910499999999998
8769,0.43,0.39244146552956616,0.3832733111333112,0.38327331113331115
11816,0.41,0.4695976749954092,0.5438649458874453,0.5438649458874452
4087,0.67,0.6554649265399468,0.6507083333333351,0.6507083333333351
11140,0.47,0.5406956629594972,0.5405523809523821,0.5405523809523821
5423,0.6,0.6040204606959183,0.6134131475468974,0.6134131475468974
21678,0.61,0.5723327251427875,0.5799475000000003,0.5799475000000003
13097,0.49,0.4386527597541983,0.43125809523809516,0.43125809523809516
17858,0.71,0.7716255335768947,0.7187416666666658,0.7187416666666658
13463,0.49,0.48912701034423095,0.5150075396825398,0.5150075396825399
6437,0.53,0.5659132359635516,0.5741253174603176,0.5741253174603177
10214,0.35,0.4144890937484355,0.4001476014263514,0.4001476014263514
17717,0.48,0.4321630807785793,0.4188399999999999,0.4188399999999999
10040,0.27,0.28366771030697546,0.2758244642857148,0.2758244642857148
12804,0.58,0.5743419550021442,0.5814599999999993,0.5814599999999993
20830,0.69,0.6582830134601338,0.7277078571428595,0.7277078571428595
4581,0.23,0.23442297399413603,0.20023333333333299,0.20023333333333299
1030,0.69,0.5706568609987996,0.5741663492063475,0.5741663492063475
10429,0.61,0.666283874781561,0.7256400000000004,0.7256400000000002
10088,0.29,0.3415613600996808,0.30631392857142825,0.30631392857142825
3352,0.41,0.37231189877327103,0.35322083333333354,0.35322083333333354
14816,0.36,0.34602229278940055,0.35876416666666633,0.3587641666666663
19365,0.11,0.1713837212221182,0.20515208333333337,0.20515208333333337
3196,0.17,0.25153647750592484,0.2720659340659347,0.2720659340659347
18591,0.39,0.3474866786611567,0.37561666666666665,0.37561666666666665
22653,0.35,0.2661107095472666,0.24508083333333322,0.24508083333333322
7447,0.42,0.4901809173425225,0.45886773268398223,0.45886773268398223
18520,0.53,0.5874011278018897,0.583918333333332,0.583918333333332
13317,0.75,0.6960174017271034,0.7612858333333314,0.7612858333333314
15613,0.55,0.47377693961651407,0.4419752813852816,0.4419752813852816
975,0.38,0.3694938118530839,0.3796699999999999,0.3796699999999999
15692,0.43,0.33740307407897535,0.30508481990231984,0.30508481990231984
5962,0.54,0.5332222667819697,0.5652174693362192,0.5652174693362192
16717,0.56,0.5699683138134186,0.5676519029581526,0.5676519029581527
5078,0.08,0.1265999175989984,0.14838000000000023,0.14838000000000023
14880,0.48,0.4686274597414134,0.4920947817460318,0.4920947817460317
12472,0.33,0.3543012224227441,0.39149954212454174,0.39149954212454174
10978,0.68,0.6092326537149152,0.6199016666666679,0.6199016666666679
9692,0.7,0.6944693241110516,0.7168691666666659,0.716869166666666
15579,0.51,0.47287691415890115,0.5082669444444452,0.5082669444444452
15171,0.4,0.4356771915366341,0.41804083333333386,0.41804083333333386
18369,0.05,0.12647573082776065,0.14198785714285725,0.14198785714285725
22436,0.3,0.42029022553867357,0.3561521861471864,0.3561521861471864
15774,0.51,0.4974464350045166,0.5185698214285724,0.5185698214285726
1233,0.41,0.38509225612327636,0.37921237727550233,0.37921237727550244
22162,0.2,0.17041350596812227,0.18200404761904776,0.18200404761904776
1720,0.63,0.6171633252399593,0.6466836309523791,0.6466836309523791
13813,0.46,0.4195143868522984,0.39178962301587283,0.39178962301587283
15076,0.71,0.7243017113455041,0.7126999999999991,0.7126999999999991
19980,0.58,0.5611079220613208,0.560250898962148,0.560250898962148
7457,0.55,0.6026592829950005,0.5845883333333338,0.5845883333333338
6407,0.42,0.45923600210131155,0.39594101190476216,0.39594101190476216
5948,0.4,0.34757037040545236,0.32529529761904835,0.32529529761904835
21319,0.26,0.20539897283437406,0.19289571428571406,0.19289571428571406
14347,0.45,0.4600487360579303,0.500957400793651,0.500957400793651
8659,0.47,0.4952062104463854,0.6155992857142845,0.6155992857142845
7444,0.54,0.519494063223386,0.5026929166666673,0.5026929166666673
14995,0.62,0.5618432657207537,0.5345048015873018,0.5345048015873018
10823,0.64,0.6934809828755311,0.6825225000000016,0.6825225000000017
13125,0.67,0.6313675734347787,0.5962564285714297,0.5962564285714297
3221,0.12,0.21470673873018023,0.2004666666666667,0.20046666666666674
2216,0.22,0.3037567820363285,0.28559640512265516,0.28559640512265516
4358,0.61,0.6221013268428282,0.5738651190476182,0.5738651190476182
20694,0.57,0.6145577408689177,0.5255383333333332,0.5255383333333332
16069,0.76,0.6440787652653146,0.5957766666666648,0.5957766666666647
19936,0.78,0.7260658912673998,0.753481666666667,0.753481666666667
17225,0.69,0.7696669770873782,0.772493313492064,0.772493313492064
7117,0.37,0.3746432917281846,0.38087238095238085,0.38087238095238085
11939,0.4,0.47625833721631805,0.47849565476190503,0.478495654761905
12204,0.53,0.5041070972254255,0.5500467857142859,0.5500467857142859
10121,0.48,0.41167100682824836,0.46361038961038953,0.46361038961038953
21727,0.25,0.22908299444720281,0.1956116666666667,0.1956116666666667
12232,0.04,-0.019695723341416338,0.024458214285714264,0.024458214285714264
10936,0.6,0.6437420759449314,0.6429107738095241,0.6429107738095241
8219,0.21,0.24332773766896426,0.2336880555555556,0.2336880555555556
10038,0.7,0.6645783158681322,0.7107083333333335,0.7107083333333335
19387,0.28,0.2955480421993679,0.26693797619047593,0.26693797619047593
4294,0.63,0.541625383186551,0.5898126190476181,0.5898126190476181
14743,0.35,0.3191068527640453,0.3145990476190477,0.31459904761904767
14605,0.7,0.7278083454510724,0.7281058333333326,0.7281058333333326
5514,0.5,0.46817378415059524,0.40388471500721507,0.40388471500721507
584,0.32,0.3057153385258448,0.28183565476190453,0.28183565476190453
18225,0.34,0.38227416920308926,0.40822329004328983,0.40822329004328983
7749,0.73,0.7623177676810884,0.7686028571428579,0.7686028571428579
73,0.72,0.704494307684766,0.6370857142857144,0.6370857142857144
1339,0.25,0.3221193162518532,0.2733291666666667,0.2733291666666667
3392,0.67,0.6241471748333387,0.6084633333333334,0.6084633333333334
12452,0.44,0.40199040446704504,0.33742292735042734,0.33742292735042734
2675,0.84,0.8196875520865927,0.8739999999999977,0.8739999999999977
13897,0.43,0.4722288620004623,0.4766246428571428,0.47662464285714284
5463,0.42,0.5046381631134293,0.5328527380952383,0.5328527380952384
22430,0.66,0.7005485242132059,0.7363393253968253,0.7363393253968253
20701,0.4,0.4195143868522984,0.39178962301587283,0.39178962301587283
3334,0.59,0.5030495904704354,0.5203645833333345,0.5203645833333345
9652,0.32,0.25287667660644314,0.2585924999999998,0.2585924999999998
1730,0.6,0.5573121432346511,0.6026447619047627,0.6026447619047627
7371,0.55,0.6067143608448676,0.5888519047619047,0.5888519047619046
21561,0.77,0.665548531122128,0.6601872023809527,0.6601872023809525
4679,0.5,0.38199250113447436,0.3895781547619043,0.3895781547619043
7151,0.7,0.7100974631506848,0.738126825396825,0.738126825396825
19224,0.54,0.5341924820359655,0.48260749999999875,0.4826074999999987
17198,0.27,0.2950538715816076,0.25438583333333326,0.25438583333333326
10105,0.47,0.46658521150760135,0.4517135714285715,0.4517135714285715
4215,0.66,0.7000543535954457,0.7317791666666683,0.7317791666666683
6236,0.76,0.6519923350857475,0.6377183333333326,0.6377183333333327
19358,0.43,0.4694032984277885,0.36790541666666793,0.36790541666666793
8066,0.74,0.6934809828755311,0.6825225000000016,0.6825225000000017
19564,0.46,0.470677184627712,0.4624386111111114,0.4624386111111114
3416,0.39,0.443802239629299,0.4485392460317456,0.4485392460317456
7834,0.23,0.22744660105324346,0.23482063852813834,0.23482063852813834
1189,0.48,0.4894455736830895,0.470964801587301,0.47096480158730086
14886,0.29,0.23931945629314919,0.24549833333333335,0.24549833333333332
10268,0.44,0.4585843501861742,0.4105269444444443,0.41052694444444426
4869,0.73,0.6888256736181906,0.7404858333333337,0.7404858333333337
14222,0.23,0.1658273622302513,0.18939523809523842,0.18939523809523845
21064,0.54,0.4562604338837474,0.48321190476190473,0.4832119047619048
5926,0.56,0.6009537240815717,0.5418458333333339,0.541845833333334
11416,0.64,0.6450084854923682,0.6305433333333321,0.6305433333333321
3475,0.05,-0.005121491300074554,0.016239999999999973,0.016239999999999973
20959,0.48,0.4775283465204534,0.35384083333333266,0.3538408333333327
2014,0.46,0.4174646619659997,0.3776666666666675,0.3776666666666675
14604,0.81,0.7859134735160096,0.8157000000000003,0.8157000000000003
19101,0.44,0.38934171054076416,0.43810835317460317,0.43810835317460317
7258,0.26,0.21438457563462326,0.20552499999999996,0.20552499999999996
9741,0.69,0.6971450982784761,0.7029740476190479,0.7029740476190479
10826,0.37,0.41399492313067526,0.44146666666666595,0.44146666666666595
11011,0.51,0.5537182176280888,0.5471804761904757,0.5471804761904757
4141,0.46,0.4595545654401701,0.4543883333333336,0.4543883333333336
2492,0.16,0.2489308931348831,0.22488746031746032,0.2248874603174603
12721,1.0,0.8505082805565659,0.8509858333333341,0.8509858333333341
3632,0.45,0.4612782503351236,0.5188858134920642,0.5188858134920642
17616,0.42,0.473001100930139,0.4713051692751701,0.47130516927517
20837,0.7,0.6171633252399593,0.6466836309523791,0.6466836309523791
6630,0.46,0.4349886443512531,0.42914710317460314,0.42914710317460303
16878,0.26,0.2352899810772935,0.23147500000000015,0.23147500000000015
0,0.16,0.2692104645360686,0.24730916666666672,0.2473091666666667
13456,0.76,0.7771403732649058,0.7893272619047618,0.7893272619047619
14702,0.21,0.18763381740744794,0.1849783333333333,0.18497833333333324
16853,0.58,0.5993651514385778,0.6071855844155842,0.6071855844155842
16920,0.5,0.5046381631134293,0.5328527380952383,0.5328527380952384
5636,0.69,0.6442731418329353,0.6716341666666673,0.6716341666666673
1042,0.08,0.030160169859618335,0.03840000000000002,0.03840000000000002
5418,0.3,0.36214460244679414,0.3084872619047616,0.3084872619047616
6198,0.33,0.43548281496901337,0.38184416666666726,0.38184416666666726
19794,0.82,0.8133085579342989,0.8512999999999994,0.8512999999999995
4606,0.0,0.0023519048774530704,0.02834464285714283,0.028344642857142836
12344,0.23,0.18121432822821187,0.23391916666666662,0.23391916666666662
17398,0.06,0.11259004597179983,0.10405416666666659,0.1040541666666666
5071,0.63,0.6534152016536481,0.6211369047619049,0.6211369047619048
5943,0.38,0.3867141232924095,0.4158000000000008,0.4158000000000008
9951,0.45,0.38022444431679053,0.3597219841269841,0.3597219841269841
974,0.32,0.3186677033980534,0.30735833333333373,0.30735833333333373
10189,0.66,0.6074901995312427,0.5789158333333313,0.5789158333333313
492,0.76,0.7129155500708719,0.7662808333333317,0.7662808333333317
16330,0.47,0.46739794546422014,0.4710125793650796,0.4710125793650796
18388,0.05,0.09630305451622634,0.08892000000000007,0.08892000000000008
14149,0.41,0.42302102095786653,0.3758002976190477,0.3758002976190477
12409,0.43,0.46082457474430544,0.43053517857142865,0.43053517857142865
15884,0.61,0.5464967947497353,0.5241150000000012,0.5241150000000012
2552,0.23,0.16983564360606634,0.1758515476190475,0.17585154761904753
11623,0.57,0.5071195607132333,0.5562284523809522,0.5562284523809522
5809,0.46,0.4953303972176231,0.4469022366522364,0.4469022366522365
17673,0.37,0.3792074325887427,0.4002048412698415,0.40020484126984146
4705,0.29,0.2497067318212582,0.2532722619047619,0.25327226190476193
12562,0.39,0.34099699968553765,0.3356609523809525,0.33566095238095256
20713,0.69,0.7200522569280163,0.7837673809523806,0.7837673809523806
7099,0.0,-0.003980292800788987,0.011172023809523807,0.011172023809523807
18239,0.44,0.4863458186942875,0.45726750000000005,0.45726749999999994
16407,0.86,0.7914734322645749,0.7858200000000001,0.7858200000000001
9719,0.48,0.5399198242731221,0.5036948809523811,0.5036948809523811
8390,0.74,0.7081794016881107,0.6995967857142861,0.6995967857142861
21672,0.36,0.3547953930405043,0.3656035714285714,0.3656035714285714
7820,0.56,0.5375959079706953,0.6476949999999978,0.6476949999999978
5540,0.43,0.33237778097511245,0.33908476190476167,0.3390847619047617
16745,0.63,0.5150541091340657,0.53250505952381,0.53250505952381
18694,0.67,0.6427250642168835,0.6137772619047616,0.6137772619047616
6711,0.15,0.17342956921262864,0.17852833333333357,0.17852833333333357
14270,0.12,0.2374897106084826,0.23132452380952379,0.23132452380952379
11152,0.54,0.4753988067856472,0.47039583333333224,0.47039583333333224
7288,0.31,0.3085004070715765,0.3305149512987011,0.33051495129870095
7662,0.43,0.5266857913322986,0.584262281746032,0.584262281746032
16787,0.68,0.6142579468187781,0.6471350000000001,0.6471350000000001
18090,0.19,0.23045906454105128,0.2462790674603174,0.24627906746031744
238,0.23,0.3165381636632473,0.3095633333333333,0.3095633333333333
1298,0.72,0.7498595734266401,0.7783625000000002,0.7783625000000002
12877,0.48,0.44612615593172583,0.43746053571428556,0.4374605357142856
15367,0.49,0.45220535603388035,0.4069394047619046,0.40693940476190454
22254,0.75,0.626280591463933,0.7056344047619055,0.7056344047619055
5227,0.85,0.8734559342330481,0.9517658333333326,0.9517658333333326
10640,0.31,0.39011754922713926,0.37656051587301564,0.37656051587301564
11171,0.07,0.07437961306859475,0.10949692460317455,0.10949692460317452
19172,0.15,0.11026612966937299,0.07957500000000016,0.07957500000000016
3897,0.37,0.41526493243481066,0.4079297226384729,0.4079297226384728
2289,0.38,0.41216517744600867,0.4169661284548788,0.41696612845487885
10952,0.48,0.43641253519606704,0.36920222222222226,0.36920222222222226
4926,0.45,0.502679606623913,0.4758774999999995,0.4758774999999995
4982,0.05,0.0023519048774530704,0.02834464285714283,0.028344642857142836
17503,0.49,0.5101862973275798,0.5002917857142852,0.5002917857142852
11707,0.39,0.41321908444430017,0.4502696626984132,0.4502696626984132
4793,0.69,0.7098849606015394,0.7398191666666676,0.7398191666666676
274,0.7,0.7446437806509447,0.7679433333333335,0.7679433333333335
10082,0.7,0.6934809828755311,0.6825225000000016,0.6825225000000017
15558,0.29,0.2593798575299749,0.257960670995671,0.25796067099567094
12080,0.45,0.4901809173425225,0.45886773268398223,0.45886773268398223
6879,0.72,0.7035240924307702,0.7206649999999989,0.7206649999999989
7200,0.4,0.49067508796028275,0.49110400793650805,0.4911040079365081
20039,0.44,0.47425298425274964,0.4476500000000012,0.4476500000000012
14758,0.52,0.5577881878708867,0.5968265476190469,0.5968265476190469
22625,0.26,0.21597314827761713,0.1852191666666666,0.1852191666666666
20438,0.68,0.6137819021825426,0.5989310939060938,0.5989310939060938
9179,0.72,0.8033462875044808,0.7589699999999998,0.7589699999999998
19824,0.71,0.6691019617017482,0.6831984307359313,0.6831984307359315
8057,0.0,-0.06525536565091111,0.0,0.0
3190,0.43,0.4299633512473902,0.4632426785714287,0.4632426785714287
14590,0.28,0.3103301527562431,0.3492575460650463,0.3492575460650463
20807,0.48,0.4154188139754892,0.425965654761905,0.4259656547619051
20563,0.64,0.6608932218647876,0.6152583333333335,0.6152583333333335
11303,0.26,0.2698990117214496,0.3082846428571438,0.3082846428571438
22122,0.58,0.5869906489284251,0.5770614682539681,0.5770614682539681
12776,0.63,0.6692963382693689,0.7423149999999997,0.7423149999999998
4992,0.36,0.31082432337400345,0.3525804166666663,0.35258041666666623
5727,0.62,0.6204830594303934,0.6327025000000002,0.6327025000000002
16011,0.78,0.7577029534506902,0.7495187500000001,0.7495187500000003
157,0.77,0.6973576008276217,0.7387738095238094,0.7387738095238094
17838,0.35,0.3700284774977863,0.37030333333333365,0.37030333333333365
22340,0.52,0.47238274354114096,0.43631226190476136,0.43631226190476136
20213,0.35,0.3865566419950324,0.38029272727272734,0.38029272727272734
4700,0.49,0.45086978096697394,0.34073815476190505,0.3407381547619051
2095,0.64,0.5324464280955946,0.5260782142857147,0.5260782142857147
19550,0.71,0.7220108134175327,0.7585816666666676,0.7585816666666675
7923,0.55,0.5777233780595611,0.5785983333333324,0.5785983333333324
641,0.15,0.17069517403673712,0.20172119047619044,0.20172119047619044
13278,0.52,0.5864964783106649,0.5922416666666679,0.5922416666666679
4402,0.29,0.28778835391961355,0.25858166666666643,0.2585816666666664
17408,0.72,0.7078065652227135,0.7269216666666659,0.7269216666666658
12939,0.12,0.11112566010004371,0.12590970238095237,0.12590970238095234
6538,0.23,0.27386577379340904,0.2571607738095242,0.2571607738095242
16286,1.0,0.8844692590422831,0.9888464880952383,0.9888464880952383
8164,0.43,0.438001107839061,0.4371702380952373,0.4371702380952373
14747,1.0,0.8438476183356571,0.9166733333333363,0.9166733333333361
508,0.14,0.17211906488155115,0.2136413888888888,0.2136413888888888
21631,0.45,0.40628035391147493,0.4410349999999997,0.4410349999999996
18297,0.55,0.5406119712152015,0.5640624999999996,0.5640624999999995
1319,0.4,0.4797724479743728,0.5318241666666649,0.5318241666666649
20409,0.7,0.7182594065135934,0.7271108333333328,0.7271108333333328
10606,0.69,0.592015942032288,0.5339154138916641,0.533915413891664
8047,0.45,0.5030495904704354,0.5203645833333345,0.5203645833333345
20424,0.26,0.24871839058573766,0.25334166666666674,0.25334166666666674
10817,0.53,0.6023776149263856,0.6531449801587307,0.6531449801587307
3103,0.66,0.5854425713123733,0.6223746031746036,0.6223746031746036
14321,0.49,0.487703119499417,0.47246869047619044,0.47246869047619044
18781,0.41,0.363044627904407,0.38131807123432127,0.38131807123432127
247,0.23,0.2271649329846286,0.2084061507936508,0.20840615079365077
12341,0.45,0.43617136215439434,0.4071533333333339,0.4071533333333339
10709,0.69,0.6265622595325478,0.5608439285714286,0.5608439285714285
9178,0.64,0.636605369087787,0.6131077380952384,0.6131077380952384
5373,0.63,0.49753012674881225,0.5031595833333333,0.5031595833333333
10949,0.47,0.5053735067728623,0.5530784920634917,0.5530784920634917
6389,0.33,0.443802239629299,0.4485392460317456,0.4485392460317456
17734,0.35,0.4294691806296299,0.3901740043290047,0.3901740043290047
17321,0.28,0.2831735396892152,0.27210250000000036,0.27210250000000036
19261,0.23,0.2859586082349469,0.2804255952380955,0.2804255952380955
15498,0.36,0.3405028290677774,0.33498071428571463,0.33498071428571463
17025,0.71,0.7319876100721772,0.7409899999999999,0.7409899999999997
7437,0.64,0.612793560947022,0.6548983333333334,0.6548983333333334
1535,0.67,0.6647321974088108,0.6508149999999988,0.6508149999999988
17263,0.69,0.6363928665386416,0.6379185119047625,0.6379185119047625
17020,0.18,0.22328546241366326,0.16202916666666656,0.16202916666666659
20133,0.5,0.38679781503670524,0.4242580952380952,0.4242580952380953
14756,0.58,0.5843850645573834,0.6207283405483424,0.6207283405483424
5541,0.51,0.5994893382098155,0.6105012193362208,0.6105012193362208
20258,0.57,0.5150541091340657,0.53250505952381,0.53250505952381
15527,0.47,0.35576560829450016,0.3763158333333331,0.3763158333333331
17905,0.8,0.6868203206546223,0.6809099999999981,0.6809099999999981
310,0.59,0.5150541091340657,0.53250505952381,0.53250505952381
9522,0.26,0.22409819637028205,0.20821535714285713,0.20821535714285713
17356,0.34,0.3842327256926056,0.4314810714285724,0.4314810714285724
9200,0.49,0.5250089029113971,0.5147925000000001,0.5147925
8603,0.57,0.5560826289574579,0.5587235714285712,0.5587235714285712
448,0.7,0.7240200432768893,0.7316499999999997,0.7316499999999997
1742,0.02,0.030566024699470895,0.0331608333333332,0.03316083333333321
11268,0.18,0.11847486950633351,0.15389985209235205,0.15389985209235205
11089,0.02,-0.0637909797791551,0.0,0.0
2586,0.29,0.2263890942982535,0.21725940476190517,0.21725940476190517
15560,0.26,0.34891056950597066,0.31969500000000056,0.3196950000000005
12813,0.61,0.5730680688022206,0.6081174999999995,0.6081174999999996
13901,0.3,0.3626387730645544,0.3728883333333327,0.3728883333333327
17906,0.58,0.5040198057244313,0.5461523809523825,0.5461523809523825
6345,0.59,0.5696866457448038,0.6281912100399584,0.6281912100399584
8570,0.51,0.5618432657207537,0.5345048015873018,0.5345048015873018
20945,0.43,0.4357608832809297,0.41994940476190457,0.41994940476190457
3312,0.53,0.5477632042971722,0.6111173809523824,0.6111173809523824
14130,0.55,0.6072085314626279,0.6011448412698422,0.6011448412698422
15316,0.52,0.6028717855441459,0.6272019047619053,0.6272019047619052
22557,0.81,0.7202647594771617,0.7629166666666659,0.7629166666666659
14291,0.24,0.33132387397682095,0.3193333333333335,0.3193333333333335
6161,0.28,0.3000716880329839,0.2938574999999999,0.2938574999999999
14633,0.11,0.1353730178501022,0.13949668831168832,0.13949668831168832
17885,0.3,0.27485411502892954,0.26836321428571425,0.26836321428571425
21687,0.55,0.5331349752809755,0.5322458333333333,0.5322458333333334
11345,0.54,0.5333464535532075,0.451185654761906,0.451185654761906
17123,0.27,0.2948558952572885,0.2738508333333334,0.2738508333333334
8712,0.32,0.36826429757589063,0.3539658333333338,0.3539658333333338
14249,0.72,0.7182594065135934,0.7271108333333328,0.7271108333333328
9823,0.28,0.3037567820363285,0.28559640512265516,0.28559640512265516
16852,0.28,0.26651656438711924,0.27134053571428596,0.27134053571428596
8357,0.45,0.45033511532227155,0.4503764285714281,0.4503764285714281
4789,0.29,0.29591340201227845,0.2583075000000001,0.2583075000000001
19841,0.31,0.2750484915965503,0.22653666666666672,0.22653666666666672
12021,0.4,0.45201097946625957,0.42484607683982695,0.42484607683982695
4391,0.57,0.6617527522954583,0.5534458333333352,0.5534458333333352
15098,0.65,0.6508096172826063,0.6901036525974021,0.6901036525974021
11624,0.0,-0.028351837322085127,0.026799999999999987,0.026799999999999987
17342,0.68,0.6759570004902777,0.6200714285714283,0.6200714285714283
7311,0.74,0.6539093722714082,0.7050658333333331,0.705065833333333
22354,0.09,0.11140732816865861,0.10692904761904731,0.10692904761904731
7656,0.1,0.09155942948097834,0.126983333333333,0.126983333333333
11619,0.53,0.6242308665776343,0.6084208333333325,0.6084208333333325
10617,0.94,0.9154397769175053,0.9427354166666652,0.9427354166666652
20539,0.49,0.5407658527558802,0.5549066666666649,0.5549066666666649
11992,0.25,0.2766001689693005,0.273405416666667,0.273405416666667
14343,0.21,0.2654590576321293,0.25252499999999994,0.25252499999999994
22095,0.54,0.48140781709141867,0.44757095238095174,0.44757095238095174
3078,0.69,0.542401221872926,0.5616417063492063,0.5616417063492064
2911,0.46,0.4654393889747037,0.47056916666666637,0.47056916666666637
18367,0.58,0.6531335335850332,0.6188036904761901,0.6188036904761901
3542,0.0,-0.05774867494724428,0.00027333333333333333,0.00027333333333333333
6513,0.32,0.25271919530906606,0.21027285714285707,0.21027285714285707
21270,0.1,0.061145580127771326,0.042426388888888805,0.042426388888888805
2806,0.53,0.630226374935493,0.6052797619047618,0.6052797619047618
11244,0.62,0.6535440124584977,0.6305649999999986,0.6305649999999986
15196,0.57,0.6434604078763165,0.6492245436507937,0.6492245436507936
22293,0.61,0.5782175486773213,0.5968177777777776,0.5968177777777776
14481,0.48,0.46131874536206574,0.4069992857142861,0.4069992857142861
21169,0.18,0.21528460109223616,0.20325446428571423,0.20325446428571423
7401,0.57,0.5708683392710315,0.6142527777777773,0.6142527777777773
4270,0.57,0.5324464280955946,0.5260782142857147,0.5260782142857147
3176,0.71,0.6829408500836569,0.7507583333333333,0.7507583333333332
22197,0.25,0.23520268957629936,0.24083087301587305,0.24083087301587305
12951,0.6,0.5695983299668962,0.5794349891774888,0.5794349891774888
483,0.39,0.4534753653380157,0.43240351190476195,0.43240351190476195
14654,0.44,0.4048159680397188,0.3696741756854257,0.36967417568542565
10086,0.53,0.5763005114916606,0.5850733333333329,0.5850733333333329
1420,0.69,0.73022702990698,0.7561475000000004,0.7561475000000003
13393,0.52,0.4508292859400318,0.5080266666666671,0.5080266666666671
14649,0.85,0.8153103111411687,0.8388514285714278,0.8388514285714277
3810,0.0,-0.058765686675292195,0.0,0.0
4139,0.58,0.6384351147724536,0.6211829996392499,0.6211829996392499
11976,0.18,0.1584781528239615,0.19701666666666715,0.19701666666666717
13182,0.44,0.4643854819764122,0.43344432539682537,0.43344432539682537
12935,0.27,0.3284983104041472,0.3090652272727277,0.3090652272727277
11360,0.47,0.4360425513495446,0.4657646590909087,0.4657646590909087
18221,0.36,0.4174646619659997,0.3776666666666675,0.3776666666666675
980,0.53,0.5246030480715446,0.5634373376623367,0.5634373376623367
12253,0.95,0.8494912688285181,0.8756998809523812,0.8756998809523812
6025,0.64,0.6448546039516897,0.5948666666666667,0.5948666666666665
2852,0.55,0.5575938113032659,0.5501315277777775,0.5501315277777774
19234,0.17,0.1493360930032488,0.2034524999999998,0.2034524999999998
10582,0.41,0.41660513153532897,0.3960791666666673,0.3960791666666673
10261,0.21,0.257055941227548,0.25541916666666725,0.25541916666666725
13477,0.5,0.5394256536553619,0.5604518452380955,0.5604518452380955
2312,0.32,0.2743599444111693,0.33251333333333405,0.33251333333333405
15017,0.5,0.4851631008911462,0.4639054166666668,0.4639054166666668
17196,0.45,0.4098337844910951,0.36238750000000003,0.36238750000000003
7953,0.91,0.7541927195884236,0.8011452380952393,0.8011452380952394
5785,0.44,0.3549195798117421,0.37320635669885666,0.37320635669885666
15242,0.63,0.6398995006442098,0.5927767099567097,0.5927767099567097
5678,0.87,0.7409586866476001,0.6837024999999989,0.6837024999999987
16468,0.37,0.40848008344266407,0.34763773809523796,0.34763773809523807
17057,0.54,0.5008498609392463,0.4525394047619046,0.4525394047619046
2300,0.41,0.41188350937739376,0.33438559523809497,0.33438559523809497
9903,0.75,0.702748253744395,0.7574532936507933,0.7574532936507933
11747,0.57,0.6315800759839241,0.5970518452380951,0.5970518452380951
19579,0.19,0.2520306481236851,0.2555267857142856,0.25552678571428555
15075,0.28,0.37684302125937363,0.3734009569597071,0.3734009569597071
11079,0.0,-0.06525536565091111,0.0,0.0
7921,0.22,0.21981572357833878,0.23104482142857097,0.23104482142857097
16959,0.84,0.714661604011243,0.660975,0.660975
158,0.58,0.525137713716247,0.5435030952380953,0.5435030952380953
17939,0.72,0.6513037879003666,0.640046845238095,0.640046845238095
18925,0.35,0.3583893186470666,0.31499999999999934,0.31499999999999934
4906,0.45,0.434901352850259,0.45944323412698373,0.45944323412698373
1413,0.4,0.4750288229391248,0.4601360948773449,0.46013609487734497
8793,0.24,0.1690598049196913,0.20702355158730146,0.20702355158730146
19512,0.47,0.49496503740471265,0.5257921428571425,0.5257921428571425
11176,0.3,0.29836612911955507,0.2915875000000005,0.2915875000000005
21080,0.35,0.315355445860106,0.3194083966033968,0.3194083966033968
16589,0.93,0.7779162119512808,0.865211666666668,0.865211666666668
14987,0.42,0.4240785277128565,0.4230706060606061,0.4230706060606061
17040,0.15,0.13026403300194367,0.13599416666666678,0.13599416666666678
12160,0.23,0.2831735396892152,0.27210250000000036,0.27210250000000036
22121,0.45,0.3397269903814023,0.3300410119047617,0.33004101190476187
12658,0.69,0.6751811618039025,0.677623571428572,0.6776235714285721
4386,0.62,0.592015942032288,0.5339154138916641,0.533915413891664
15166,0.42,0.47949077990575795,0.4708049999999988,0.4708049999999988
17337,0.19,0.19401281155974187,0.15244416666666677,0.15244416666666677
12909,0.45,0.4740586076851289,0.3849666017316021,0.3849666017316021
1903,0.5,0.4709588526963269,0.46942410714285715,0.4694241071428572
11252,0.52,0.5765416845333333,0.5547438492063494,0.5547438492063494
4210,0.75,0.7100974631506848,0.738126825396825,0.738126825396825
16569,0.6,0.5775118997873292,0.6109411904761903,0.6109411904761903
1851,0.67,0.63255029123792,0.586478333333332,0.586478333333332
5556,0.15,0.11438289638622279,0.1195124999999998,0.1195124999999998
11462,0.65,0.6201427703533118,0.6215829166666665,0.6215829166666665
5534,0.16,0.1566853024095386,0.18377321428571436,0.1837732142857144
16162,0.65,0.5758936323748944,0.637230833333332,0.637230833333332
21375,0.29,0.3624667655423511,0.3818450000000005,0.3818450000000005
21854,0.66,0.6067143608448676,0.5888519047619047,0.5888519047619046
7430,0.57,0.5527884974010351,0.555402619047618,0.555402619047618
16923,0.44,0.42097877272405454,0.4417905952380955,0.4417905952380955
925,0.38,0.3997906749358559,0.3901998809523809,0.3901998809523809
16632,0.29,0.35054593862301653,0.3258724999999996,0.3258724999999996
760,0.71,0.6640841452503718,0.6332761706349195,0.6332761706349195
3887,0.67,0.6361111984700267,0.6086015530303035,0.6086015530303035
12652,0.31,0.3218376481832384,0.33550119047619076,0.33550119047619076
2907,0.3,0.36450901377616307,0.34718844516594527,0.34718844516594527
12648,0.8,0.6384351147724536,0.6211829996392499,0.6211829996392499
11637,0.19,0.21547897765985688,0.17595869047619034,0.17595869047619034
13458,0.42,0.41619465266186434,0.44940000000000035,0.44940000000000035
7228,0.63,0.5482023536631642,0.6243533333333331,0.6243533333333331
22404,0.48,0.4872053491249583,0.46338642857142814,0.46338642857142814
19027,0.52,0.4836075466226078,0.404894880952381,0.404894880952381
12338,0.42,0.3857808033086574,0.3393171338383832,0.33931713383838313
1837,0.47,0.5096634562172923,0.5332147619047618,0.5332147619047618
14971,0.28,0.29690174324779894,0.3157800000000004,0.3157800000000004
20814,0.36,0.27126018942236735,0.31007749999999923,0.3100774999999993
20821,0.84,0.7638658452971403,0.7456519047619046,0.7456519047619047
11427,0.32,0.35231399544070036,0.35239851495726526,0.3523985149572653
93,0.43,0.3785188854033617,0.3646533333333329,0.3646533333333329
20684,0.49,0.465933559592464,0.4553185112110114,0.45531851121101136
21262,0.2,0.286734446921322,0.31898333333333334,0.31898333333333334
20899,0.24,0.2786093988286571,0.3321922619047622,0.3321922619047622
5178,0.63,0.6513037879003666,0.640046845238095,0.640046845238095
10762,0.82,0.7785642641097197,0.8115166666666669,0.8115166666666669
16511,0.01,-0.05774867494724428,0.00027333333333333333,0.00027333333333333333
20632,0.59,0.6160221267406738,0.5435780357142864,0.5435780357142864
18624,0.24,0.25852032709930406,0.23644791666666698,0.23644791666666698
4125,0.65,0.5917342739636732,0.5449765277777778,0.5449765277777778
9826,0.32,0.3632390044720277,0.3831294047619048,0.3831294047619048
21842,0.88,0.8637828085243315,0.9570999999999994,0.9570999999999994
10537,0.54,0.48912701034423095,0.5150075396825398,0.5150075396825399
11359,0.68,0.7177283406255894,0.6969501587301586,0.6969501587301586
3066,0.42,0.5324464280955946,0.5260782142857147,0.5260782142857147
3499,0.34,0.3211491009978574,0.31074499999999927,0.31074499999999927
20495,0.64,0.5644488500917955,0.5435527777777776,0.5435527777777776
4499,0.26,0.32853880543108926,0.3196687499999995,0.3196687499999995
840,0.55,0.5856369478799941,0.609320714285715,0.609320714285715
8835,0.19,0.23026468797343058,0.24053309523809488,0.24053309523809485
6691,0.28,0.30065702704752645,0.30825882936507915,0.30825882936507915
7514,0.27,0.34090970818454347,0.3373297222222221,0.3373297222222221
20863,0.19,0.18666360215345207,0.16569833333333342,0.16569833333333342
17949,0.82,0.7770161864936681,0.7598943253968254,0.7598943253968254
21488,0.47,0.4488200560806752,0.37539916666666634,0.37539916666666634
6556,0.64,0.6054443515407322,0.6180418452380949,0.6180418452380949
5891,0.54,0.5205660962032022,0.518006250000001,0.518006250000001
16818,0.13,0.07437961306859475,0.10949692460317455,0.10949692460317452
13513,0.27,0.29787195850179476,0.33642952380952396,0.336429523809524
3121,0.36,0.3173140023496224,0.3155988095238094,0.3155988095238094
19573,0.44,0.4079157230285208,0.42045740079365,0.4204574007936501
14663,0.5,0.4885455482254766,0.4755499999999998,0.4755499999999998
9930,0.66,0.6661263934841839,0.637104166666666,0.6371041666666661
10592,0.32,0.3696179986243217,0.40316154761904777,0.4031615476190478
3835,0.21,0.3052211679080846,0.26867249999999987,0.2686724999999998
17157,0.5,0.5304410751320262,0.52495,0.52495
20100,0.46,0.46584986784816834,0.4784426190476191,0.4784426190476191
19152,0.56,0.5782877384737043,0.5524606349206356,0.5524606349206356
1047,0.57,0.6589346653752712,0.6814541666666668,0.6814541666666666
14361,0.08,0.11993925537808964,0.12383458333333325,0.12383458333333325
7365,0.55,0.5778116938374687,0.551724047619048,0.551724047619048
9428,0.6,0.5405714761882595,0.5885973809523799,0.5885973809523799
14818,0.56,0.5402898081196447,0.5736601082251076,0.5736601082251076
13507,0.5,0.4767525078340783,0.48611136904761937,0.48611136904761937
13364,0.58,0.5801356101398956,0.619748630952381,0.619748630952381
5279,0.29,0.2190398848919637,0.22978579365079352,0.22978579365079352
13816,0.39,0.4754824985299429,0.43266563492063526,0.43266563492063526
6629,0.19,0.14129833641157802,0.09929999999999996,0.09929999999999994
20572,0.48,0.5150541091340657,0.53250505952381,0.53250505952381
5182,0.46,0.5077048997277759,0.5246499999999991,0.5246499999999992
17611,0.21,0.15696697047815344,0.20412749999999977,0.20412749999999982
8171,0.32,0.37688351628631583,0.3615613095238093,0.3615613095238093
13617,0.6,0.5699683138134186,0.5676519029581526,0.5676519029581527
6928,0.6,0.6256952524493904,0.6284249999999993,0.6284249999999993
9849,0.44,0.3455281221716403,0.38095369047619015,0.38095369047619015
9606,0.38,0.41787154108276586,0.38517805555555584,0.38517805555555584
4666,0.39,0.3579356430562485,0.2984371428571428,0.2984371428571428
18737,0.53,0.5265616045610609,0.538863333333334,0.538863333333334
11189,0.33,0.43114606905053143,0.39608,0.39608000000000004
18188,0.41,0.37185822318245293,0.3228870238095236,0.3228870238095236
16397,0.45,0.5100288160302028,0.5138072691197695,0.5138072691197694
17181,0.8,0.7271197982656913,0.7616450000000001,0.7616450000000001
5196,0.58,0.6505279492139915,0.5804749999999977,0.5804749999999977
21605,0.29,0.21932155296057854,0.23740166666666698,0.23740166666666698
11944,0.48,0.4360425513495446,0.4657646590909087,0.4657646590909087
6677,0.41,0.4709588526963269,0.46942410714285715,0.4694241071428572
12589,0.48,0.5218179795258129,0.5223338293650794,0.5223338293650793
15467,0.5,0.37724887609922636,0.4339797420634915,0.4339797420634915
7771,0.33,0.31070013660276563,0.31520333333333395,0.315203333333334
9796,0.33,0.3990148362494808,0.4421680555555556,0.4421680555555556
18701,0.89,0.7405518075308339,0.7635608333333331,0.7635608333333331
4620,0.5,0.5466506762904139,0.6152013095238089,0.6152013095238089
17320,0.45,0.4453503172453508,0.42740442030192044,0.42740442030192044
8361,0.81,0.7775103571114284,0.790980000000001,0.790980000000001
22677,0.75,0.7252900525810246,0.7657432142857146,0.7657432142857147
6278,0.04,0.038285217952283235,0.04516416666666665,0.04516416666666665
9597,0.4,0.4578085114997992,0.42934051587301597,0.42934051587301597
13615,0.34,0.3489978610069647,0.3463658333333337,0.3463658333333337
21913,0.62,0.620636940971072,0.6028007142857156,0.6028007142857156
17113,0.54,0.5283913502457276,0.5253423214285707,0.5253423214285707
14767,0.52,0.635870025428354,0.6050542857142875,0.6050542857142875
21344,0.45,0.392723133598181,0.43109505952380917,0.43109505952380917
11358,0.5,0.4727885983809936,0.43883750000000077,0.43883750000000077
541,0.48,0.41526493243481066,0.4079297226384729,0.4079297226384728
1323,0.58,0.5664074065813118,0.5230978571428568,0.5230978571428568
18387,0.56,0.6079807703923045,0.5567001984126978,0.5567001984126978
14384,0.44,0.4975706217757544,0.48249391774891853,0.48249391774891853
2304,0.37,0.43787692106782317,0.38707750000000024,0.38707750000000024
20542,0.75,0.7390001301580837,0.7373041666666658,0.7373041666666659
340,0.46,0.47597666914770315,0.5149520039682541,0.5149520039682541
13011,0.22,0.27386577379340904,0.2571607738095242,0.2571607738095242
8054,0.47,0.5165184950058217,0.5014528174603176,0.5014528174603176
10154,0.69,0.6921198051746134,0.6858429761904762,0.6858429761904762
14843,0.57,0.6156116478672091,0.6245334126984127,0.6245334126984127
20379,0.33,0.3037567820363285,0.28559640512265516,0.28559640512265516
6891,0.41,0.3936241833327074,0.39950338383838413,0.39950338383838413
18605,0.42,0.40713988434214576,0.4114185119047616,0.4114185119047617
4323,0.3,0.339167254000871,0.3276408333333324,0.3276408333333323
15807,0.09,0.11364755272678984,0.1454249999999999,0.14542499999999992
4644,0.7,0.7635841772285255,0.7451266071428572,0.7451266071428571
13902,0.39,0.37688351628631583,0.3615613095238093,0.3615613095238093
13544,0.34,0.40713988434214576,0.4114185119047616,0.4114185119047617
12430,0.68,0.6603990512470272,0.6334139285714273,0.6334139285714274
18513,0.56,0.5034554453102881,0.49331786179506765,0.49331786179506765
4252,0.33,0.3189493714666683,0.2690900000000003,0.2690900000000002
5380,0.66,0.6141877570223951,0.6043314087301587,0.6043314087301587
1443,0.57,0.6186277111117154,0.6713666666666656,0.6713666666666656
18838,0.44,0.4306518984327712,0.3817509199134201,0.3817509199134201
21456,0.25,0.2859586082349469,0.2804255952380955,0.2804255952380955
7959,0.16,0.17513512812605747,0.16775333333333317,0.16775333333333323
22108,0.38,0.38586809480965145,0.34304839285714306,0.34304839285714306
20810,0.2,0.2387966151828616,0.2555621428571432,0.2555621428571431
11283,0.8,0.7556571054601797,0.7924041666666676,0.7924041666666676
20798,0.34,0.39244146552956616,0.3832733111333112,0.38327331113331115
891,0.82,0.8586333286492308,0.8954500000000006,0.8954500000000004
1975,0.81,0.8031337849553353,0.8084666666666669,0.8084666666666669
15471,0.51,0.4539290409288338,0.4389827380952379,0.4389827380952379
11028,0.15,0.13162521070286132,0.14171666666666666,0.14171666666666669
19803,0.54,0.49067508796028275,0.49110400793650805,0.4911040079365081
9400,0.51,0.5484148562123096,0.5582992261904772,0.5582992261904772
7944,0.58,0.5570996406855057,0.559364556277056,0.559364556277056
2070,0.52,0.5403303031465867,0.5266259523809529,0.5266259523809529
17617,0.69,0.6651380522486634,0.6840000000000029,0.684000000000003
6381,0.35,0.4204846021062943,0.4126889194139195,0.4126889194139195
14174,0.72,0.7290783547552077,0.7680699999999997,0.7680699999999997
4505,0.48,0.5320764442490721,0.5609105357142862,0.5609105357142862
5303,0.83,0.6531335335850332,0.6188036904761901,0.6188036904761901
8454,0.16,0.151623114035432,0.15687333333333311,0.15687333333333311
17989,0.25,0.1790145986970228,0.209261666666667,0.209261666666667
17517,0.35,0.3366233584968121,0.3218133333333335,0.3218133333333335
18606,0.36,0.40121456578066994,0.45125587301587283,0.45125587301587283
21581,0.81,0.751901821660452,0.7850533333333345,0.7850533333333344
19430,0.37,0.5061493454592374,0.5232153571428574,0.5232153571428574
10012,0.4,0.4517995011940276,0.43590999999999913,0.43590999999999913
13296,0.51,0.45421070899744864,0.49795023809523786,0.49795023809523786
20599,0.51,0.540890039527118,0.5320262499999996,0.5320262499999996
12309,0.45,0.4610657477859782,0.44677666666666715,0.4467766666666671
10501,0.62,0.6736330841878507,0.6668204761904768,0.6668204761904767
18051,0.6,0.5405714761882595,0.5885973809523799,0.5885973809523799
8595,0.75,0.7102216499219227,0.7364758333333328,0.7364758333333328
3379,0.68,0.6604827429913229,0.6072308333333332,0.607230833333333
6996,0.75,0.7793401027960949,0.7146196626984123,0.7146196626984122
14212,0.51,0.5360403537021569,0.5400025595238098,0.5400025595238098
10309,0.34,0.3495289268949687,0.3767618055555556,0.3767618055555556
6134,0.43,0.42233247377248556,0.42592293650793683,0.42592293650793694
7080,0.53,0.6358295304014119,0.593498888888889,0.593498888888889
19021,0.18,0.1566853024095386,0.18377321428571436,0.1837732142857144
10234,0.66,0.6019707358096196,0.616115833333333,0.616115833333333
20349,0.36,0.3989311445051852,0.3952387500000001,0.3952387500000001
13501,0.1,0.07205569676616791,0.10479833333333334,0.10479833333333334
14368,0.26,0.3128115503560471,0.26397819444444476,0.2639781944444447
4106,0.61,0.5430897690583071,0.5584341666666653,0.5584341666666653
2282,0.23,0.2950538715816076,0.25438583333333326,0.25438583333333326
3525,0.2,0.16476985547526135,0.1571962500000001,0.1571962500000001
7942,0.4,0.36226878921803185,0.38473545815295807,0.38473545815295807
13162,0.38,0.4288221527481046,0.4119475000000003,0.4119475000000003
13655,0.29,0.258113447982538,0.22952499999999984,0.22952499999999978
5900,0.89,0.7147527724080254,0.7524166666666676,0.7524166666666676
19728,0.34,0.43694720084076943,0.3908683333333339,0.3908683333333339
21386,0.47,0.3992965043180957,0.406047023809524,0.40604702380952395
21586,0.37,0.3749249597967994,0.4064019841269841,0.4064019841269842
3874,0.28,0.3989311445051852,0.3952387500000001,0.3952387500000001
8215,0.36,0.3855864267410366,0.38801154609279637,0.38801154609279637
10725,0.37,0.4320757892775852,0.3833183333333331,0.3833183333333331
5527,0.54,0.49647621975052075,0.5351761904761896,0.5351761904761896
19860,0.44,0.4881386691087105,0.5342220238095238,0.5342220238095238
14781,0.26,0.2058058519511402,0.21037297619047612,0.21037297619047607
14150,0.42,0.43796061281211884,0.41829166666666695,0.418291666666667
6933,0.32,0.3696179986243217,0.40316154761904777,0.4031615476190478
19906,0.58,0.5350520124666364,0.550836863275613,0.550836863275613
268,0.53,0.4740586076851289,0.3849666017316021,0.3849666017316021
14651,0.46,0.4210624644683502,0.42762583333333304,0.42762583333333304
1955,0.9,0.8041221261908558,0.839711904761907,0.8397119047619072
5440,0.45,0.49369502810057725,0.46184166666666543,0.46184166666666543
9554,0.52,0.5628134809747496,0.6427283333333322,0.6427283333333322
17260,0.58,0.6361111984700267,0.6086015530303035,0.6086015530303035
18722,0.58,0.6203957679293993,0.5430229761904763,0.5430229761904763
19492,0.61,0.6078970786480088,0.6306174999999993,0.6306174999999993
7190,0.82,0.6964934463633389,0.7270716666666666,0.7270716666666666
15580,0.4,0.3851624459196593,0.3737709523809527,0.3737709523809527
20781,0.42,0.38509225612327636,0.37921237727550233,0.37921237727550244
1792,0.81,0.695523231109343,0.7653250000000007,0.7653250000000007
14079,0.48,0.527337443247436,0.5539577976190476,0.5539577976190476
7591,0.16,0.1582369797822888,0.18097833333333319,0.18097833333333316
18378,0.11,0.07283153545254306,0.06305000000000001,0.06305000000000001
6971,0.68,0.5547757243830789,0.5389053571428571,0.5389053571428571
6551,0.31,0.26084424340173096,0.24103742063492006,0.24103742063492004
8448,0.54,0.6233713361469635,0.6327900000000015,0.6327900000000015
13491,0.75,0.7306339090237461,0.72185,0.7218500000000002
22599,0.19,0.14852335904663,0.14589333333333326,0.14589333333333326
1925,0.51,0.47520083046132805,0.48550749999999954,0.48550749999999954
2357,0.68,0.6214127796574471,0.5818094642857139,0.581809464285714
6421,0.34,0.46642773021022427,0.4904756547619051,0.4904756547619051
16596,0.41,0.4701830140099518,0.4446966666666669,0.44469666666666696
15735,0.34,0.40174923142537233,0.4058202922077922,0.4058202922077922
3624,0.26,0.3211491009978574,0.31074499999999927,0.31074499999999927
2345,0.32,0.2735841057247942,0.24027388708513686,0.24027388708513686
438,0.3,0.25860401884359974,0.2603858333333331,0.26038583333333315
12059,0.37,0.4371883738824422,0.4303320238095244,0.4303320238095244
1919,0.32,0.3655260255042109,0.3650186904761907,0.3650186904761907
11103,1.0,0.9024874120452968,0.9453466666666652,0.9453466666666652
8587,0.0,-0.0637909797791551,0.0,0.0
10368,0.25,0.24533309063253264,0.21797333333333338,0.2179733333333334
15372,0.38,0.37088800792845705,0.33371664862914907,0.33371664862914907
16924,0.34,0.3034751139677136,0.34975771825396834,0.34975771825396834
18525,0.72,0.6470543334828788,0.608853333333333,0.608853333333333
1082,0.52,0.4240380326859144,0.42052708333333333,0.42052708333333333
4071,0.15,0.19371301750960235,0.21499202380952337,0.21499202380952337
12234,0.78,0.6825303712101924,0.6627335714285699,0.6627335714285699
10185,0.57,0.5927917807186631,0.5443300000000011,0.5443300000000011
12902,0.49,0.4758929774034075,0.429230357142857,0.429230357142857
6280,0.5,0.4767525078340783,0.48611136904761937,0.48611136904761937
15861,0.64,0.5165184950058217,0.5014528174603176,0.5014528174603176
21934,0.27,0.19959784104413603,0.2144351190476189,0.21443511904761883
20595,0.52,0.6270564301503081,0.5800878571428577,0.5800878571428576
11542,0.33,0.38276833982084946,0.433254790764791,0.43325479076479106
5084,0.69,0.6229608572734989,0.5992720238095223,0.5992720238095223
9431,0.65,0.5826613796624298,0.611999999999999,0.611999999999999
11445,0.06,0.11615095320390662,0.16285166666666723,0.16285166666666723
19225,0.29,0.30975229039418717,0.26875833333333377,0.26875833333333377
1710,0.67,0.7197705888594015,0.7320172619047621,0.7320172619047621
9923,0.5,0.495612065286238,0.4885483333333331,0.4885483333333331
21845,0.48,0.41623514768880643,0.4221275468975467,0.42212754689754683
3595,0.35,0.29380198825899695,0.29324053571428615,0.29324053571428615
11806,0.24,0.24998839988987306,0.2352454166666667,0.2352454166666667
18601,0.36,0.3994253151229454,0.369632380952381,0.369632380952381
9993,0.47,0.5324869231225366,0.5547198809523798,0.5547198809523798
2169,0.3,0.3041267658828509,0.2839142857142855,0.2839142857142855
10321,0.48,0.5530701654696499,0.5903933730158736,0.5903933730158736
19821,0.62,0.6368870371564018,0.6975994209956708,0.6975994209956708
18621,0.27,0.2550062163412493,0.23290499999999986,0.23290499999999986
8420,0.09,0.035309649734719006,0.07266333333333334,0.07266333333333334
12595,0.41,0.4085637751869597,0.3951423809523813,0.3951423809523813
12419,0.33,0.327722471717772,0.31196714285714194,0.31196714285714194
7821,0.14,0.06849478953406113,0.0616240079365079,0.0616240079365079
12645,0.5,0.4139112313863796,0.4214175000000009,0.42141750000000094
15063,0.59,0.5671832452676869,0.6030583333333344,0.6030583333333345
4162,0.43,0.3103301527562431,0.3492575460650463,0.3492575460650463
21395,0.38,0.3353938442196188,0.3724570833333329,0.372457083333333
5202,0.22,0.22608542335232573,0.27104666666666655,0.27104666666666655
5386,0.43,0.46690377484645984,0.4486250000000008,0.4486250000000008
12129,0.28,0.3032626114185682,0.26629471722721726,0.2662947172272172
7309,0.42,0.4819721775055619,0.5279531547619051,0.527953154761905
2106,0.63,0.5297525279466453,0.4990941666666663,0.4990941666666664
15754,0.3,0.3218376481832384,0.33550119047619076,0.33550119047619076
8450,0.34,0.4296816831787753,0.4496995238095237,0.4496995238095237
8921,0.26,0.2075987023655632,0.22762083333333283,0.22762083333333283
19640,0.58,0.5707810477700375,0.5427933333333336,0.5427933333333338
4346,0.51,0.47601716417464524,0.4225013888888889,0.4225013888888889
4648,0.7,0.7205464275457766,0.7357625000000014,0.7357625000000014
3656,0.28,0.2770538445601186,0.24873351190476234,0.24873351190476234
1469,0.31,0.30425095265408875,0.32295666666666767,0.32295666666666767
11988,0.61,0.5611079220613208,0.560250898962148,0.560250898962148
12056,0.27,0.23091274013186947,0.19557011904761878,0.19557011904761878
10941,0.51,0.6249194137630153,0.6266047619047623,0.6266047619047623
11574,0.28,0.3350716811240618,0.30668988095238037,0.30668988095238037
19711,0.6,0.5033312585390503,0.4345585714285718,0.4345585714285718
10675,0.03,0.03983329556833498,0.05464083333333328,0.05464083333333328
5856,0.45,0.45809017956841397,0.4698391666666668,0.4698391666666668
17976,0.6,0.618437211439883,0.6297407142857143,0.6297407142857143
11213,0.69,0.6748994937352877,0.7059916666666649,0.705991666666665
10300,0.67,0.6176574958577197,0.5991142857142849,0.5991142857142848
10444,0.98,0.8583921556075582,0.8897749999999992,0.8897749999999992
10946,0.49,0.43343696697850287,0.4664548809523804,0.4664548809523804
18836,0.38,0.4407861763847926,0.47056833333333303,0.47056833333333303
356,0.73,0.6667780453993213,0.6260507900432905,0.6260507900432905
15694,0.39,0.33384216684686857,0.36385632936507917,0.3638563293650791
843,0.68,0.5651373972771765,0.6191447619047616,0.6191447619047616
12166,0.84,0.6968634302098614,0.7406806547619051,0.7406806547619051
9358,0.37,0.3183310140776703,0.3166358333333335,0.3166358333333335
13010,0.28,0.2882825245373738,0.27325093073593065,0.27325093073593065
21708,0.69,0.6729814322727135,0.6910639285714288,0.6910639285714288
22324,0.51,0.508480738414151,0.4931813564213563,0.4931813564213563
15961,0.29,0.25181814557453963,0.24970765373515377,0.24970765373515377
9464,0.58,0.6449247937480727,0.6185600595238099,0.6185600595238099
1211,0.51,0.5507792675416785,0.5301583333333333,0.5301583333333333
11649,0.92,0.8601814062652826,0.9541833333333323,0.9541833333333324
10755,0.5,0.4600487360579303,0.500957400793651,0.500957400793651
9917,0.66,0.5611079220613208,0.560250898962148,0.560250898962148
12221,0.87,0.843440739218891,0.850365000000001,0.850365000000001
19463,0.5,0.41505345416257866,0.44472845238095254,0.44472845238095254
2762,0.49,0.4276394349449633,0.46517166666666687,0.46517166666666687
9419,0.13,0.19972665184898575,0.20456571428571416,0.2045657142857142
13831,0.35,0.33237778097511245,0.33908476190476167,0.3390847619047617
19204,0.66,0.5905047596864799,0.5923380555555547,0.5923380555555547
5961,0.24,0.28645277885270715,0.31497291666666666,0.31497291666666666
21852,0.42,0.43703089258506517,0.3912503968253967,0.3912503968253967
19979,0.33,0.27203602810874244,0.26184359126984125,0.2618435912698412
672,0.0,-0.05055694683833162,0.01720000000000001,0.01720000000000001
21267,0.71,0.6941290350339698,0.6960500000000012,0.6960500000000011
12230,0.42,0.39852066563172056,0.4458699603174606,0.4458699603174606
18112,0.64,0.6158096241915283,0.6451233333333353,0.6451233333333353
16051,0.6,0.6361111984700267,0.6086015530303035,0.6086015530303035
15618,0.97,0.8950977076120649,0.9061916666666684,0.9061916666666684
7220,0.21,0.25153647750592484,0.2720659340659347,0.2720659340659347
22007,0.32,0.43188141270996444,0.40721244047619026,0.4072124404761903
16626,0.28,0.2494942292721128,0.24935666666666678,0.24935666666666678
4969,0.43,0.44466177005996976,0.37677976190476187,0.3767797619047619
22616,0.45,0.39244146552956616,0.3832733111333112,0.38327331113331115
19772,0.65,0.589534544432484,0.5666491666666682,0.5666491666666682
21673,0.41,0.41575910305257086,0.4155718452380943,0.4155718452380943
6625,0.31,0.2676992821902605,0.296965,0.296965
3765,0.74,0.6462784947965037,0.675198211094461,0.675198211094461
10608,0.4,0.47393442091389115,0.5027974999999997,0.5027974999999997
7819,0.52,0.5312169138184013,0.5005416666666657,0.5005416666666657
14472,0.53,0.5228974891581157,0.552611024114774,0.5526110241147741
14140,0.43,0.3929356361473264,0.3964080952380952,0.3964080952380952
10512,0.24,0.180244112974216,0.22084999999999946,0.22084999999999946
13795,0.33,0.34388527640210775,0.3886646428571432,0.3886646428571432
18494,0.75,0.7375762393132698,0.7529400000000002,0.7529400000000002
6816,0.35,0.3482625173475318,0.32528416666666643,0.32528416666666643
16941,0.7,0.6384351147724536,0.6211829996392499,0.6211829996392499
16347,0.58,0.6004595534638114,0.6029416666666665,0.6029416666666665
1957,0.74,0.6875556643140552,0.6542650000000004,0.6542650000000004
17828,0.31,0.363733175089788,0.36227595695970716,0.3622759569597072
14495,0.33,0.4040401293533437,0.37007025793650805,0.3700702579365081
3254,0.52,0.5507387725147364,0.5667564592352088,0.5667564592352088
19659,0.67,0.6531335335850332,0.6188036904761901,0.6188036904761901
21577,0.39,0.47597666914770315,0.5149520039682541,0.5149520039682541
3306,0.2,0.1493360930032488,0.2034524999999998,0.2034524999999998
6867,0.42,0.4754824985299429,0.43266563492063526,0.43266563492063526
4189,0.16,0.2306715670901967,0.196884047619048,0.19688404761904799
1603,0.45,0.4863458186942875,0.45726750000000005,0.45726749999999994
4531,0.9,0.7843653958999579,0.8412507142857143,0.8412507142857142
9865,0.33,0.41188350937739376,0.33438559523809497,0.33438559523809497
2205,0.43,0.4000723430044708,0.4343524603174604,0.4343524603174604
14879,0.67,0.703648279202008,0.7067766666666655,0.7067766666666657
17325,0.41,0.4585843501861742,0.4105269444444443,0.41052694444444426
12009,0.48,0.5700925005846564,0.5250244047619036,0.5250244047619035
18477,0.79,0.7793401027960949,0.7146196626984123,0.7146196626984122
20984,0.11,0.1728949035679262,0.17806190476190498,0.17806190476190498
22504,0.78,0.7299453618383651,0.7232583333333348,0.7232583333333349
17282,0.55,0.6045146313136784,0.5119992857142859,0.5119992857142859
19944,0.51,0.4716473998817079,0.43890416666666776,0.43890416666666776
1455,0.63,0.628026645404304,0.6666506547619043,0.6666506547619043
4454,0.28,0.363733175089788,0.36227595695970716,0.3622759569597072
11083,0.39,0.46785162105503825,0.44787039682539664,0.4478703968253967
10914,0.56,0.5853552798113792,0.6180404761904759,0.618040476190476
720,0.37,0.33384216684686857,0.36385632936507917,0.3638563293650791
13242,0.35,0.34091330794124197,0.3333458333333328,0.33334583333333273
18195,0.5,0.5806116547761311,0.581467896825397,0.581467896825397
4051,0.93,0.8422293509232224,0.8824333333333341,0.8824333333333341
9754,0.39,0.394147024442995,0.43108266955266994,0.43108266955266994
16643,0.31,0.340591144845685,0.3633666666666664,0.3633666666666664
12353,0.61,0.6519923350857475,0.6377183333333326,0.6377183333333327
2798,0.67,0.5821853350261943,0.5209932142857145,0.5209932142857145
1363,0.58,0.6373812077741621,0.6007733333333333,0.6007733333333333
11298,0.51,0.5332222667819697,0.5652174693362192,0.5652174693362192
21264,0.15,0.13528932610580657,0.1468358333333334,0.1468358333333334
15767,0.42,0.3892505421439818,0.4042458333333318,0.4042458333333318
15399,0.17,0.21401459178810078,0.24218321248196237,0.24218321248196237
3750,0.43,0.4058698750380103,0.42853722222222346,0.42853722222222346
5341,0.35,0.35569541849811726,0.33404240620490633,0.33404240620490633
17163,0.64,0.5710222208117102,0.6110896031746045,0.6110896031746045
21418,0.26,0.24496310678601016,0.20784918650793646,0.2078491865079365
19811,0.57,0.49164530321427863,0.4867537499999994,0.4867537499999993
10043,0.42,0.4016250446541345,0.3604175,0.3604175
11401,0.6,0.6031534536127607,0.5258647619047632,0.5258647619047632
3739,0.54,0.5727864007336058,0.5539895238095237,0.5539895238095237
16649,0.46,0.37724887609922636,0.4339797420634915,0.4339797420634915
9970,0.43,0.5074232316591609,0.4582351785714285,0.4582351785714285
8021,0.26,0.29563173394366354,0.3335270115995118,0.3335270115995118
22240,0.35,0.4050976361083337,0.36268726190476186,0.36268726190476186
12378,0.27,0.319879091693722,0.30639837301587325,0.30639837301587325
1782,0.16,0.0893596999497892,0.13495166666666703,0.13495166666666703
12987,0.36,0.35647125718449235,0.3216179761904768,0.3216179761904768
21774,0.59,0.593604514675282,0.5489298015873019,0.5489298015873019
8906,0.48,0.45744315168688865,0.4395355158730147,0.4395355158730147
10428,0.62,0.7160227817121606,0.7194041666666665,0.7194041666666665
21497,0.4,0.3855864267410366,0.38801154609279637,0.38801154609279637
3790,0.57,0.5985893127522027,0.6275600000000003,0.6275600000000003
3260,0.12,0.17718485301235615,0.1807916666666669,0.1807916666666669
12608,0.41,0.4822538455741768,0.47224369047619064,0.47224369047619064
12435,0.25,0.3389547514517256,0.3504347222222213,0.3504347222222213
2910,0.66,0.6728572455014756,0.6940071428571433,0.6940071428571432
21005,0.76,0.6581588266888961,0.6504589285714286,0.6504589285714287
10016,0.38,0.3928114493760886,0.3556733333333332,0.3556733333333332
8025,0.23,0.3258044102551978,0.28118541666666685,0.28118541666666685
15582,0.71,0.6265622595325478,0.5608439285714286,0.5608439285714285
22200,0.62,0.5929861572862839,0.5940808333333331,0.5940808333333331
15550,0.13,0.07584399894035088,0.12329785714285717,0.12329785714285717
21472,0.33,0.4539695359557759,0.44271583333333475,0.44271583333333475
15340,0.21,0.2271649329846286,0.2084061507936508,0.20840615079365077
11007,0.58,0.5842967487794758,0.5973563095238094,0.5973563095238094
6364,0.35,0.35867098671568143,0.35523249999999995,0.35523249999999995
19830,0.42,0.392723133598181,0.43109505952380917,0.43109505952380917
179,0.72,0.6677482606533172,0.6979733333333331,0.697973333333333
2427,0.95,0.9055466720071568,0.9641934523809518,0.9641934523809518
10651,0.27,0.2251152080983299,0.2043099999999999,0.20430999999999994
3401,0.27,0.29591340201227845,0.2583075000000001,0.2583075000000001
12456,0.28,0.3483462090918274,0.3380120830558331,0.33801208305583313
13000,0.4,0.3937114748337015,0.3604173412698411,0.36041734126984104
20250,0.48,0.4226141418411004,0.41278440476190426,0.41278440476190426
18750,0.69,0.6358295304014119,0.593498888888889,0.593498888888889
7901,0.37,0.34940474012373085,0.3441833333333332,0.34418333333333306
6917,0.56,0.49071558298722484,0.3955483333333344,0.3955483333333344
7671,0.46,0.47520083046132805,0.48550749999999954,0.48550749999999954
18623,0.44,0.4219957844521024,0.40786999999999973,0.4078699999999996
22175,0.69,0.684580096096491,0.6886500000000015,0.6886500000000015
21397,0.75,0.7174466725569747,0.6986774999999991,0.6986774999999991
11436,0.63,0.5978539690927697,0.6670647619047623,0.667064761904762
15849,0.19,0.14632362951544092,0.1238575,0.12385749999999998
8602,0.48,0.4282874871034022,0.4011539880952379,0.4011539880952379
6632,0.6,0.6361111984700267,0.6086015530303035,0.6086015530303035
12318,0.38,0.3657385280533563,0.3524433333333339,0.3524433333333338
12565,0.8,0.8417351803054621,0.9282699999999997,0.9282699999999997
15600,0.71,0.7175708593282124,0.7740583333333337,0.7740583333333337
10248,0.12,0.23246441750461969,0.2337307142857143,0.23373071428571432
1713,0.38,0.4014125421049891,0.39103333333333323,0.39103333333333323
1758,0.69,0.6875556643140552,0.6542650000000004,0.6542650000000004
15921,0.4,0.4210624644683502,0.42762583333333304,0.42762583333333304
8968,0.48,0.44559149028702355,0.46665315476190444,0.46665315476190444
13281,0.55,0.5330647854845926,0.5232162301587312,0.5232162301587312
12468,0.52,0.5269269643739715,0.5453619047619049,0.5453619047619049
6008,0.59,0.5869906489284251,0.5770614682539681,0.5770614682539681
16690,0.42,0.43138724209220414,0.3613744047619062,0.3613744047619062
13087,0.19,0.19224863163784622,0.21942023809523814,0.21942023809523814
8095,0.49,0.5228974891581157,0.552611024114774,0.5526110241147741
16154,0.44,0.43179772096566876,0.357826785714286,0.357826785714286
5304,0.35,0.40623985888453285,0.3734220238095244,0.3734220238095244
21898,0.36,0.3850085643789807,0.3538558333333334,0.3538558333333335
3623,0.45,0.4780263940340019,0.5191720238095247,0.5191720238095247
16100,0.5,0.4952062104463854,0.6155992857142845,0.6155992857142845
5211,0.68,0.6736330841878507,0.6668204761904768,0.6668204761904767
791,0.2,0.1353730178501022,0.13949668831168832,0.13949668831168832
18954,0.3,0.37724887609922636,0.4339797420634915,0.4339797420634915
2988,0.33,0.24418726809963506,0.29479845238095237,0.29479845238095237
14160,0.4,0.3139942681591883,0.33104845238095265,0.33104845238095265
5591,0.47,0.4735644370673687,0.4274344444444443,0.4274344444444443
10861,0.65,0.5375959079706953,0.6476949999999978,0.6476949999999978
14277,0.35,0.3014328657339016,0.30119394841269864,0.3011939484126986
11756,0.3,0.3201320892698095,0.31351023809523787,0.31351023809523787
3340,0.51,0.4824663481233222,0.5297850000000007,0.5297850000000007
3076,0.0,-0.06525536565091111,0.0,0.0
5768,0.29,0.3199195867206641,0.2732858333333332,0.2732858333333332
4806,0.43,0.47250693031237867,0.4645558333333328,0.4645558333333328
14262,0.46,0.40664571372438546,0.48168827380952367,0.48168827380952367
7606,0.69,0.690568127801863,0.6892708333333349,0.6892708333333352
19997,0.37,0.3034751139677136,0.34975771825396834,0.34975771825396834
18322,0.62,0.6530498418407376,0.6640358333333354,0.6640358333333353
618,0.43,0.4620540890214987,0.37944583333333326,0.37944583333333326
11000,0.49,0.5324464280955946,0.5260782142857147,0.5260782142857147
8761,0.33,0.4281336055627236,0.4029033333333328,0.4029033333333328
21624,0.52,0.46658521150760135,0.4517135714285715,0.4517135714285715
14641,0.38,0.40713988434214576,0.4114185119047616,0.4114185119047617
21665,0.52,0.527337443247436,0.5539577976190476,0.5539577976190476
13982,0.44,0.41526493243481066,0.4079297226384729,0.4079297226384728
6655,0.38,0.37185822318245293,0.3228870238095236,0.3228870238095236
5839,0.36,0.42183830315472526,0.4587822442834942,0.4587822442834941
7793,0.0,-0.0637909797791551,0.0,0.0
13147,0.7,0.6315800759839241,0.5970518452380951,0.5970518452380951
12163,0.69,0.622382994911443,0.6378266666666673,0.6378266666666673
13059,0.33,0.35054593862301653,0.3258724999999996,0.3258724999999996
8789,0.71,0.6736330841878507,0.6668204761904768,0.6668204761904767
22459,0.92,0.8488027216431371,0.9183007142857141,0.9183007142857141
16087,0.38,0.4347069762826382,0.3989050000000002,0.3989050000000002
11159,0.58,0.5291671889321026,0.5339482539682533,0.5339482539682533
4993,0.43,0.4681332891236531,0.5052814285714287,0.5052814285714287
14917,0.76,0.7415401487663544,0.7711525000000006,0.7711525000000006
15061,0.53,0.5101171318081104,0.5167404761904772,0.5167404761904771
19469,0.7,0.7182225112433498,0.6911420598845598,0.6911420598845598
14580,0.49,0.39746675863342906,0.3701722742535243,0.3701722742535243
98,0.34,0.3327882598485771,0.3053951190476191,0.3053951190476191
15964,0.68,0.6228771655292032,0.5525512500000005,0.5525512500000006
20872,0.63,0.6686077910839878,0.7171475000000005,0.7171475000000005
11925,0.66,0.6062201902271073,0.5977549999999995,0.5977549999999995
20338,0.47,0.4344944737334928,0.419001865079365,0.41900186507936504
8147,0.59,0.5794002664804625,0.5854440476190461,0.5854440476190461
2677,0.63,0.6799247868391506,0.6875283333333327,0.6875283333333327
5340,0.36,0.32319882588415605,0.34361496031746036,0.34361496031746036
723,0.2,0.17522629652283978,0.2113180952380952,0.2113180952380952
20847,0.56,0.6135693996333971,0.6310113690476188,0.6310113690476188
15232,0.41,0.32552274218658295,0.2990719047619045,0.29907190476190443
15018,0.41,0.3984369738874249,0.4255939285714289,0.4255939285714289
5014,0.0,-0.07085852111683005,0.0003666666666666666,0.0003666666666666666
14542,0.24,0.171665389290733,0.20816083333333343,0.20816083333333346
7073,0.49,0.4653556972304081,0.4743552380952379,0.4743552380952379
6313,0.36,0.3932173042159413,0.3852040476190468,0.3852040476190468
22591,0.45,0.3543417174496862,0.3381270833333339,0.33812708333333386
9248,0.47,0.4226141418411004,0.41278440476190426,0.41278440476190426
10170,0.4,0.39815530581881003,0.41299977272727245,0.41299977272727245
5558,0.29,0.3710823844960778,0.3486116396103887,0.3486116396103886
21921,0.52,0.5155482797518259,0.4829272817460318,0.4829272817460318
15787,0.01,0.03044183792823313,0.08266666666666649,0.0826666666666665
3373,0.65,0.5644488500917955,0.5435527777777776,0.5435527777777776
3376,0.58,0.5917342739636732,0.5449765277777778,0.5449765277777778
8910,0.36,0.35647125718449235,0.3216179761904768,0.3216179761904768
2036,0.59,0.5773175232197084,0.5972443477355975,0.5972443477355975
10829,0.59,0.5068378926446184,0.5559450000000017,0.5559450000000017
20115,0.43,0.4257840866262853,0.3940075,0.3940075
5610,0.32,0.43787692106782317,0.38707750000000024,0.38707750000000024
17189,0.57,0.6660022067129461,0.6792603571428577,0.6792603571428576
16484,0.77,0.6814764642119009,0.6883450793650797,0.6883450793650797
1015,0.41,0.41011545255970994,0.3936129004328994,0.3936129004328994
12161,0.62,0.6011948971232444,0.5996155357142854,0.5996155357142853
19399,0.67,0.5765416845333333,0.5547438492063494,0.5547438492063494
9547,0.22,0.16102204832802047,0.13883833333333345,0.13883833333333345
589,0.29,0.3853739241918912,0.4635299999999992,0.4635299999999992
5477,0.19,0.26819345280802076,0.25496454365079324,0.25496454365079324
20743,1.0,0.9249887158549843,0.9613941666666663,0.9613941666666663
18261,0.04,-0.016134816109309558,0.01145833333333333,0.01145833333333333
17286,0.45,0.4139112313863796,0.4214175000000009,0.42141750000000094
5243,0.34,0.3116001620603785,0.27351892857142834,0.27351892857142834
7328,0.6,0.6543162513881744,0.6733092857142848,0.6733092857142848
20400,0.7,0.6726160724598029,0.6766900000000016,0.6766900000000016
19391,0.18,0.27175436004012754,0.2233961904761907,0.2233961904761907
4482,0.02,-0.020384270526797366,0.003625000000000001,0.003625000000000001
19768,0.55,0.6214127796574471,0.5818094642857139,0.581809464285714
15034,0.21,0.13463767419066924,0.15879083333333308,0.15879083333333308
13112,0.5,0.5324869231225366,0.5547198809523798,0.5547198809523798
8715,0.39,0.41011545255970994,0.3936129004328994,0.3936129004328994
18937,0.4,0.41371325506206036,0.45159954365079374,0.45159954365079374
19763,0.5,0.4437617446023569,0.44260773809523785,0.44260773809523785
652,0.63,0.5611952135623148,0.5690649999999993,0.5690649999999993
8417,0.54,0.44298590591598175,0.4488683333333323,0.4488683333333323
9888,0.63,0.6050088019314388,0.5667910714285712,0.5667910714285711
12218,0.53,0.5649430207095557,0.4941652326839824,0.4941652326839824
21707,0.49,0.512269040588334,0.5019083333333342,0.5019083333333342
4840,0.65,0.5722922301158455,0.5797959469696967,0.5797959469696967
19013,0.51,0.517748009283015,0.51131018304408,0.51131018304408
18716,0.35,0.38276833982084946,0.433254790764791,0.43325479076479106
3549,0.48,0.46670939827883917,0.45768509226884224,0.45768509226884224
15187,0.18,0.23197024688685944,0.26515416666666697,0.26515416666666697
20431,0.35,0.4009733927389972,0.3655864484126984,0.3655864484126984
15062,0.19,0.28955253384150914,0.28903333333333386,0.2890333333333339
21148,0.36,0.35442540919398186,0.4128817261904764,0.4128817261904765
18435,0.59,0.6003353666925737,0.5945053571428569,0.5945053571428568
15413,0.39,0.3997906749358559,0.3901998809523809,0.3901998809523809
19164,0.42,0.473158582227516,0.5360607142857144,0.5360607142857144
2502,0.31,0.3216432716156177,0.30054583333333396,0.30054583333333396
6964,0.01,-0.06525536565091111,0.0,0.0
7154,0.56,0.5377864076425278,0.5385831349206349,0.5385831349206349
754,0.4,0.4883511716578559,0.5449813528138528,0.5449813528138528
14925,0.8,0.7843653958999579,0.8412507142857143,0.8412507142857142
6154,0.27,0.3629609361601114,0.32260833333333344,0.32260833333333344
2998,0.71,0.7316509207517939,0.7218374999999994,0.7218374999999994
17714,0.21,0.16362763269906222,0.19840999999999975,0.19840999999999975
4739,0.63,0.661947128863079,0.6267575000000005,0.6267575000000005
1337,0.69,0.6407665077273671,0.6580916666666689,0.6580916666666689
9607,0.45,0.4694032984277885,0.36790541666666793,0.36790541666666793
1895,0.63,0.5641671820231806,0.5912065927128419,0.5912065927128419
3323,0.41,0.4458039928361689,0.42751142857142893,0.42751142857142893
7996,0.21,0.30335092719647583,0.2846195833333335,0.2846195833333335
7970,0.28,0.324944879824527,0.30659523809523853,0.3065952380952385
20421,0.57,0.5922103185999088,0.5683607142857146,0.5683607142857146
775,0.25,0.2676992821902605,0.296965,0.296965
16697,0.25,0.31755517539129513,0.3019708243145744,0.3019708243145744
10004,0.18,0.20201007312447056,0.19166107142857133,0.19166107142857133
6989,0.59,0.5799231075907502,0.6244475,0.6244475
15746,0.27,0.297747771730557,0.27700555555555506,0.27700555555555506
13065,0.63,0.6118638407199684,0.6235126190476175,0.6235126190476175
1430,0.58,0.6201832653802539,0.6494116666666667,0.6494116666666669
20903,0.17,0.23075885859119086,0.21830833333333355,0.21830833333333355
14326,0.73,0.6505684442409336,0.656513333333334,0.656513333333334
3903,0.51,0.5849484006946131,0.5585666666666651,0.5585666666666651
1470,0.02,0.020611230922139456,0.0655238095238094,0.0655238095238094
4826,0.52,0.5862148102420499,0.5821544642857145,0.5821544642857146
1982,0.14,0.1044281026088913,0.11435000000000001,0.11435
22099,0.43,0.4371010823814481,0.3910632142857136,0.3910632142857136
12275,0.54,0.4729174091858433,0.4360121428571421,0.4360121428571421
1675,0.93,0.8618582946861841,0.908005000000001,0.9080050000000008
8534,0.68,0.6132877315647822,0.6511689285714282,0.6511689285714283
1694,0.35,0.43285162796396026,0.3709050595238093,0.3709050595238093
10294,0.59,0.4944708667869524,0.4778742063492065,0.4778742063492065
14598,0.32,0.2728082670384191,0.2957744322344322,0.2957744322344322
16967,0.31,0.40007336728138426,0.38160680555555515,0.38160680555555515
297,0.42,0.39532974224613626,0.34318750000000153,0.34318750000000153
20119,0.08,0.05220779807848758,0.04318333333333328,0.04318333333333328
10788,0.24,0.15742064606897155,0.13864999999999983,0.13864999999999983
4480,0.5,0.5038659241837526,0.45706359126984153,0.4570635912698415
6238,0.98,0.8296433701408379,0.809693452380953,0.8096934523809531
6408,0.3,0.3356063467687642,0.32439374999999915,0.32439374999999904
285,0.69,0.6245125346462492,0.590375000000002,0.590375000000002
7439,0.5,0.4802666185921331,0.4325933333333329,0.4325933333333329
17185,0.66,0.5694741431956584,0.5281430555555552,0.5281430555555552
3325,0.27,0.24186335179720816,0.22801799603174608,0.22801799603174608
6400,0.65,0.6686077910839878,0.7171475000000005,0.7171475000000005
7976,0.55,0.48140781709141867,0.44757095238095174,0.44757095238095174
8572,0.81,0.7175708593282124,0.7740583333333337,0.7740583333333337
6645,0.56,0.5768233526019482,0.5434458333333333,0.5434458333333334
7295,0.22,0.22205594813647003,0.19542250000000005,0.19542250000000005
13772,0.51,0.45489925618282967,0.41833743145743085,0.4183374314574308
22651,0.51,0.5717980594980853,0.5682133333333332,0.5682133333333333
1978,0.21,0.23720804253986774,0.19339642857142864,0.19339642857142864
15556,0.28,0.29733729285709243,0.26294583333333327,0.2629458333333332
11508,0.35,0.3687584681936509,0.4080239285714286,0.4080239285714286
16875,0.4,0.36679991170413456,0.3677316666666667,0.3677316666666667
1237,0.2,0.2610854164434037,0.2670499999999996,0.2670499999999996
11611,0.47,0.3710823844960778,0.3486116396103887,0.3486116396103886
20579,0.56,0.619213050126258,0.5991315674603175,0.5991315674603175
5051,0.58,0.6792767346807117,0.6723673214285718,0.6723673214285719
21052,0.42,0.3703938373106968,0.3629515873015878,0.3629515873015878
20171,0.03,0.03044183792823313,0.08266666666666649,0.0826666666666665
7065,0.54,0.5213419348895773,0.5161891666666674,0.5161891666666674
20105,0.27,0.2654590576321293,0.25252499999999994,0.25252499999999994
3408,0.6,0.5702499818820335,0.5400433333333347,0.5400433333333347
19127,0.77,0.7909387666198726,0.8235250000000005,0.8235250000000004
21168,0.22,0.25423037765487416,0.24721284812409855,0.24721284812409855
738,0.67,0.677915556979794,0.703219462481963,0.7032194624819629
16746,0.47,0.49675428806243715,0.4706589285714292,0.4706589285714292
18818,0.17,0.22250962372728816,0.19153333333333303,0.19153333333333303
922,0.74,0.7843653958999579,0.8412507142857143,0.8412507142857142
101,0.62,0.5607010429445546,0.5788252777777783,0.5788252777777783
14853,0.34,0.39669091994705397,0.43578920634920576,0.43578920634920576
13332,0.8,0.7301358615101976,0.7534312499999999,0.7534312499999999
22561,0.47,0.4210624644683502,0.42762583333333304,0.42762583333333304
4020,0.68,0.5488909008485451,0.5793042640692639,0.5793042640692638
9008,0.61,0.5672744136644693,0.5558422023809529,0.5558422023809529
8753,0.15,0.20935928253076036,0.19766249999999996,0.19766249999999994
19336,0.43,0.4806319784050436,0.4470326984126997,0.44703269841269966
16043,0.32,0.3014328657339016,0.30119394841269864,0.3011939484126986
7182,0.51,0.5603320833749456,0.5539725000000005,0.5539725000000005
12412,0.76,0.7776345438826661,0.774854166666666,0.774854166666666
9967,0.36,0.41864737976914096,0.36772023809523796,0.36772023809523796
19448,0.27,0.2834147127308879,0.28180321428571475,0.28180321428571475
7316,0.5,0.43653672196730486,0.43189321414696397,0.43189321414696397
676,0.27,0.3397269903814023,0.3300410119047617,0.33004101190476187
1971,0.61,0.6305080430041079,0.6197269047619048,0.6197269047619048
10716,0.43,0.48712165738066265,0.4927550847763342,0.49275508477633406
3131,0.53,0.6252010818316301,0.5991233531746031,0.5991233531746031
26,0.44,0.509904629258965,0.4968199999999999,0.4968199999999999
16456,0.45,0.48324218680969727,0.4548641071428569,0.4548641071428569
126,0.34,0.40125506080761203,0.34592726190476214,0.3459272619047621
16528,0.5,0.4308093797301482,0.37099559523809533,0.37099559523809533
20949,0.28,0.3493164243458233,0.32646619047619096,0.32646619047619096
12937,0.15,0.15522091653778247,0.1657393452380957,0.1657393452380957
12907,0.8,0.7572924745772256,0.7902157142857145,0.7902157142857145
19864,0.42,0.5324464280955946,0.5260782142857147,0.5260782142857147
10637,0.26,0.35638396568349817,0.40067351648351635,0.40067351648351623
14381,0.51,0.5081990703455361,0.4683327182539682,0.4683327182539682
22524,0.38,0.32776296674471417,0.31854875000000005,0.31854875000000005
4889,0.52,0.43787692106782317,0.38707750000000024,0.38707750000000024
5296,0.97,0.8652066993691454,0.9023166666666659,0.9023166666666659
9854,0.53,0.589534544432484,0.5666491666666682,0.5666491666666682
12914,0.36,0.3498105949635835,0.3637532738095238,0.36375327380952377
17990,0.16,0.1852694060780789,0.1919466666666667,0.1919466666666667
22512,0.69,0.5760475139155731,0.6098055952380967,0.6098055952380967
4617,0.26,0.2719487366077483,0.2482857142857138,0.2482857142857138
1425,0.51,0.47287691415890115,0.5082669444444452,0.5082669444444452
7205,0.24,0.17832605151164177,0.1647866666666667,0.1647866666666667
18396,0.22,0.18257550592912958,0.21136499999999994,0.21136499999999994
18706,0.28,0.2723176961773573,0.2576372691197691,0.25763726911976903
12439,0.88,0.7711313629591343,0.8533515476190501,0.8533515476190501
3197,0.53,0.630804237297549,0.6311590079365085,0.6311590079365085
4753,0.3,0.4059986858428601,0.4062909523809521,0.4062909523809522
16374,0.59,0.6318617440525389,0.5660700757575764,0.5660700757575764
15680,0.36,0.4663035434389865,0.49733376984126965,0.49733376984126965
21417,0.59,0.6021832383587649,0.5715007088744586,0.5715007088744586
22021,0.47,0.504103497468727,0.48219416666666653,0.4821941666666665
13694,0.3,0.3048990048125276,0.2722127579365075,0.2722127579365075
20417,0.6,0.6412606783451273,0.6445980375180375,0.6445980375180376
22485,0.55,0.4585843501861742,0.4105269444444443,0.41052694444444426
1838,0.46,0.40713988434214576,0.4114185119047616,0.4114185119047617
11347,0.32,0.39669091994705397,0.43578920634920576,0.43578920634920576
1911,0.43,0.5101862973275798,0.5002917857142852,0.5002917857142852
1594,0.46,0.5181538641228676,0.4512952380952374,0.4512952380952374
22362,0.57,0.5611952135623148,0.5690649999999993,0.5690649999999993
12739,0.31,0.3034751139677136,0.34975771825396834,0.34975771825396834
13751,0.44,0.4887570264977085,0.4477168253968253,0.4477168253968253
5945,0.34,0.3634146117509295,0.3434583333333335,0.3434583333333335
19972,0.24,0.18229383786051473,0.19157011904761898,0.191570119047619
21558,0.19,0.2902410810268901,0.2894046428571427,0.28940464285714274
5764,0.16,0.09789162715922028,0.08196666666666676,0.08196666666666676
21765,0.63,0.6880498349318155,0.7247140674603177,0.7247140674603176
4129,0.88,0.7572924745772256,0.7902157142857145,0.7902157142857145
13780,0.78,0.673351416119236,0.7360155952380952,0.7360155952380952
10183,0.55,0.5833967233218629,0.6219048809523797,0.6219048809523797
15859,0.74,0.619213050126258,0.5991315674603175,0.5991315674603175
8792,0.79,0.6984987993269073,0.668477738095238,0.668477738095238
7993,0.44,0.438001107839061,0.4371702380952373,0.4371702380952373
16477,0.29,0.3698996666929365,0.3736460119047617,0.3736460119047617
138,0.25,0.3241690411381519,0.31826142857142853,0.31826142857142853
20802,0.13,0.16979514857912426,0.1295695833333334,0.1295695833333334
9729,0.17,0.17804438344302692,0.2032157142857143,0.2032157142857143
11128,0.52,0.4600082410309882,0.4582774999999999,0.4582774999999999
12302,0.05,0.10524083656551009,0.07888333333333337,0.07888333333333337
21384,0.43,0.527337443247436,0.5539577976190476,0.5539577976190476
3512,0.08,0.05763894602220315,0.07912587301587296,0.07912587301587296
19939,0.5,0.48712165738066265,0.4927550847763342,0.49275508477633406
4233,0.57,0.5768233526019482,0.5434458333333333,0.5434458333333334
20460,0.74,0.6670597134679361,0.6662786453823952,0.6662786453823952
8825,0.48,0.4048159680397188,0.3696741756854257,0.36967417568542565
17971,0.52,0.5420358620600155,0.5741865476190467,0.5741865476190469
21098,0.56,0.5347703443980214,0.5381794047619047,0.5381794047619047
1172,0.74,0.7131972181394868,0.7368516666666669,0.7368516666666669
13416,0.34,0.3852866326908971,0.4583450000000001,0.4583450000000002
13533,0.45,0.4299633512473902,0.4632426785714287,0.4632426785714287
11197,0.34,0.40685821627353086,0.3612749084249088,0.3612749084249088
1079,0.58,0.6486098877514173,0.640508630952381,0.640508630952381
2572,0.58,0.6431787398077016,0.6178941666666674,0.6178941666666674
16708,0.43,0.3680699210082699,0.3482317063492063,0.3482317063492063
20175,0.58,0.5291671889321026,0.5339482539682533,0.5339482539682533
3227,0.4,0.45115144903558874,0.38660797619047654,0.38660797619047654
17335,0.65,0.5971654219073887,0.602088333333333,0.602088333333333
3901,0.78,0.7225961524320753,0.7714165277777787,0.7714165277777787
7555,0.29,0.3264524624136367,0.28768999999999995,0.28768999999999995
2921,0.44,0.359944872915605,0.3588125018037521,0.358812501803752
5048,0.53,0.46078407971736335,0.44267712662337566,0.44267712662337566
3248,0.31,0.2948594950139869,0.3145835714285709,0.3145835714285709
1766,0.48,0.41672931830656673,0.41627343073593087,0.4162734307359308
13008,0.05,0.07097618713386505,0.07706666666666682,0.07706666666666682
19674,0.63,0.5898162125010988,0.5889157738095223,0.5889157738095223
6795,0.47,0.39815530581881003,0.41299977272727245,0.41299977272727245
13830,0.15,0.15444867760810582,0.1733583333333332,0.1733583333333332
17362,0.38,0.3601353725874375,0.36288124999999993,0.36288124999999993
6095,0.61,0.6084604147852385,0.6541283333333319,0.6541283333333319
10059,0.4,0.4754824985299429,0.43266563492063526,0.43266563492063526
8036,0.54,0.5108929704944855,0.5277034325396829,0.5277034325396829
5723,0.64,0.6774213863620338,0.6083372619047619,0.6083372619047619
1338,0.6,0.6809822935941405,0.6172219047619056,0.6172219047619056
10739,0.2,0.22948884928705549,0.24098083333333295,0.24098083333333295
7578,0.59,0.6787825640629515,0.6864203571428571,0.686420357142857
4130,0.47,0.4614726269027443,0.44123083333333335,0.44123083333333335
10794,0.24,0.25656177060978774,0.2534311038961042,0.2534311038961042
3876,0.41,0.3486278771604423,0.3862470833333336,0.3862470833333336
20728,0.26,0.3021214129192825,0.3003977182539686,0.3003977182539686
15453,0.33,0.39154144007195324,0.3592860714285711,0.3592860714285711
5822,0.8,0.8358098617439863,0.8476500000000009,0.8476500000000009
7926,0.9,0.7637821535528446,0.7667900000000003,0.7667900000000003
21288,0.43,0.4281336055627236,0.4029033333333328,0.4029033333333328
1624,0.66,0.6750974700596069,0.6581353373015874,0.6581353373015874
18738,0.24,0.14582945889768062,0.12732916666666663,0.12732916666666663
3020,0.35,0.42735776687634847,0.4144804166666677,0.4144804166666677
18872,0.17,0.12071509406446479,0.14618250000000008,0.14618250000000008
10570,0.56,0.668326123015373,0.6380533333333334,0.6380533333333334
17463,0.52,0.5998593220563381,0.5912747619047618,0.5912747619047619
22341,0.48,0.5355461830843966,0.5121066666666675,0.5121066666666675
21805,0.41,0.3483462090918274,0.3380120830558331,0.33801208305583313
13662,0.67,0.6140635702511573,0.5318206746031754,0.5318206746031754
19223,0.45,0.35638396568349817,0.40067351648351635,0.40067351648351623
21800,0.37,0.3648789976226856,0.33561833333333324,0.33561833333333324
6015,0.59,0.6090382771472944,0.6052694336219334,0.6052694336219333
13829,0.15,0.1257403871683277,0.15303750000000005,0.15303750000000002
4458,0.38,0.3761949691009348,0.35699273809523746,0.3569927380952375
18724,0.53,0.4584601634149365,0.42878922619047666,0.42878922619047666
2495,0.45,0.40782843152752674,0.3726920238095239,0.37269202380952393
19337,0.6,0.620636940971072,0.6028007142857156,0.6028007142857156
16409,0.58,0.5258730573756799,0.5400035317460321,0.540003531746032
3669,0.47,0.4969522643867563,0.49579690476190597,0.49579690476190597
1375,0.56,0.5420358620600155,0.5741865476190467,0.5741865476190469
12316,0.56,0.620636940971072,0.6028007142857156,0.6028007142857156
10753,0.49,0.48140781709141867,0.44757095238095174,0.44757095238095174
2512,0.39,0.3672029139251124,0.3684910714285718,0.3684910714285718
3437,0.13,0.20862393887132735,0.1983714556277057,0.19837145562770567
1129,0.74,0.6358295304014119,0.593498888888889,0.593498888888889
17984,0.39,0.4600487360579303,0.500957400793651,0.500957400793651
6788,0.27,0.3327882598485771,0.3053951190476191,0.3053951190476191
16387,0.28,0.26871629391830837,0.2652910714285718,0.2652910714285717
14898,0.57,0.599123978396905,0.5786442857142862,0.5786442857142862
7169,1.0,0.8915368003799581,0.9917999999999999,0.9917999999999999
17094,0.05,0.10880174379761687,0.13315583333333372,0.13315583333333375
5917,0.55,0.5715163914294704,0.5063991666666667,0.5063991666666666
2450,0.49,0.41623514768880643,0.4221275468975467,0.42212754689754683
8812,0.51,0.5722922301158455,0.5797959469696967,0.5797959469696967
17017,0.79,0.6787825640629515,0.6864203571428571,0.686420357142857
16112,0.59,0.5402014923417371,0.5084466666666666,0.5084466666666666
6316,0.42,0.5033312585390503,0.4345585714285718,0.4345585714285718
9239,0.75,0.7646416839835153,0.8001130952380967,0.8001130952380968
13173,0.51,0.492226765333033,0.4695033333333343,0.4695033333333343
12730,0.38,0.40806960456919944,0.4081723214285716,0.4081723214285716
9049,0.51,0.5325706148668323,0.4954025198412703,0.49540251984127026
4966,0.57,0.5103987998767252,0.5331684848484849,0.5331684848484849
20516,0.56,0.4509534727112696,0.4518697619047621,0.4518697619047621
13769,0.79,0.6821650113972818,0.6763188924963939,0.6763188924963939
6930,0.73,0.629537827750112,0.6061289285714304,0.6061289285714303
9027,0.35,0.42658192818997337,0.4186573809523799,0.41865738095238003
18312,0.65,0.5915217714145278,0.6390644047619052,0.6390644047619051
10705,0.55,0.5370105689561526,0.5736416666666677,0.5736416666666677
9110,0.6,0.5851609032437585,0.5396334920634924,0.5396334920634925
17240,0.42,0.41477076181705036,0.42977638167388194,0.42977638167388194
6672,0.24,0.29457782694537205,0.2984166666666658,0.2984166666666658
2946,0.56,0.5324464280955946,0.5260782142857147,0.5260782142857147
8312,0.53,0.5420358620600155,0.5741865476190467,0.5741865476190469
15750,0.52,0.6470543334828788,0.608853333333333,0.608853333333333
4684,0.36,0.3683515890768848,0.41814904761904725,0.41814904761904736
11326,0.32,0.3403786422965396,0.32848500000000025,0.3284850000000003
13568,0.3,0.39541703374713033,0.3422227380952379,0.342222738095238
19669,0.35,0.38431641743690126,0.3710474080086578,0.3710474080086578
1746,0.48,0.5100288160302028,0.5138072691197695,0.5138072691197694
10484,0.27,0.3085004070715765,0.3305149512987011,0.33051495129870095
2244,0.51,0.5205660962032022,0.518006250000001,0.518006250000001
9684,0.87,0.7742311179479364,0.8389916666666686,0.8389916666666685
4537,0.31,0.41595347962019164,0.3444352976190478,0.3444352976190477
15719,0.54,0.5325706148668323,0.4954025198412703,0.49540251984127026
21338,0.53,0.513004384247767,0.43351756493506505,0.43351756493506516
12569,0.12,0.08319320834664068,0.14008035714285705,0.14008035714285705
15131,0.16,0.16991933535036208,0.16317970238095245,0.16317970238095242
16529,0.48,0.5034554453102881,0.49331786179506765,0.49331786179506765
8999,0.29,0.38875637152622156,0.3180083333333331,0.3180083333333331
5496,0.49,0.4299633512473902,0.4632426785714287,0.4632426785714287
6502,0.31,0.38431641743690126,0.3710474080086578,0.3710474080086578
19375,0.25,0.30975229039418717,0.26875833333333377,0.26875833333333377
7575,0.56,0.6203957679293993,0.5430229761904763,0.5430229761904763
3364,0.2,0.2836272152800333,0.2829269841269848,0.2829269841269848
17650,0.66,0.5629007724757438,0.609550833333334,0.609550833333334
8537,0.2,0.22899467866929518,0.23928751984126986,0.23928751984126986
15762,0.27,0.26533487086089147,0.23293250000000001,0.23293250000000001
4101,0.31,0.4008492059677594,0.4351999999999995,0.4351999999999995
18304,0.7,0.6809822935941405,0.6172219047619056,0.6172219047619056
15449,0.41,0.44298590591598175,0.4488683333333323,0.4488683333333323
4995,0.42,0.40806960456919944,0.4081723214285716,0.4081723214285716
16358,0.37,0.42983916447615245,0.42906166666666723,0.42906166666666723
21276,0.26,0.24998839988987306,0.2352454166666667,0.2352454166666667
18951,0.41,0.46817378415059524,0.40388471500721507,0.40388471500721507
8394,0.44,0.5310225372507806,0.5676842857142852,0.5676842857142852
19246,0.33,0.31634378709562655,0.32169333333333433,0.32169333333333433
1001,0.47,0.4074215524107606,0.4426092857142854,0.4426092857142854
10393,0.38,0.45115144903558874,0.38660797619047654,0.38660797619047654
12717,0.23,0.24834555412034048,0.18848547619047584,0.1884854761904758
60,0.71,0.6860444819682471,0.6904500000000015,0.6904500000000015
17032,0.57,0.5881733667315664,0.6028799603174602,0.6028799603174602
6188,0.6,0.6530498418407376,0.6640358333333354,0.6640358333333353
4110,0.86,0.9032227557047299,0.8840458333333315,0.8840458333333315
18549,0.61,0.6572291064618423,0.6564041666666666,0.6564041666666666
5842,0.45,0.46082457474430544,0.43053517857142865,0.43053517857142865
2981,0.24,0.23675436694904958,0.1967239285714288,0.1967239285714288
14837,0.53,0.5921401288035258,0.5276255555555556,0.5276255555555556
14322,0.64,0.6550920900745496,0.6219191666666668,0.6219191666666668
17719,0.82,0.7033666111333932,0.753123333333332,0.753123333333332
10670,0.29,0.3189493714666683,0.2690900000000003,0.2690900000000002
159,0.3,0.3290329760488495,0.2995874999999994,0.2995874999999994
17132,0.45,0.55595844218622,0.5796475475912977,0.5796475475912977
7421,0.58,0.5727864007336058,0.5539895238095237,0.5539895238095237
2393,0.39,0.40199040446704504,0.33742292735042734,0.33742292735042734
1501,0.64,0.5649430207095557,0.4941652326839824,0.4941652326839824
713,0.42,0.43089307147444394,0.4218467857142862,0.42184678571428613
11084,0.83,0.7081794016881107,0.6995967857142861,0.6995967857142861
6550,0.48,0.4441675994422095,0.4445938095238098,0.44459380952380967
10880,0.3,0.2890583632237489,0.2606778571428571,0.2606778571428571
3113,0.48,0.392723133598181,0.43109505952380917,0.43109505952380917
18175,0.35,0.4174646619659997,0.3776666666666675,0.3776666666666675
5796,0.41,0.42841167387463996,0.42222333333333334,0.42222333333333334
22237,0.47,0.4537165383796884,0.44614333333333234,0.44614333333333245
4384,0.6,0.5693166618982813,0.535459999999999,0.535459999999999
17495,0.33,0.3650031843939234,0.3565848809523809,0.35658488095238106
1164,0.41,0.363044627904407,0.38131807123432127,0.38131807123432127
13461,0.35,0.3103301527562431,0.3492575460650463,0.3492575460650463
17670,0.71,0.7192764182416413,0.7503616666666659,0.750361666666666
15689,0.56,0.6750974700596069,0.6581353373015874,0.6581353373015874
7400,0.4,0.4878974960670377,0.4995270833333329,0.4995270833333329
6418,0.46,0.4892511971154687,0.44689750000000017,0.44689750000000017
10590,0.16,0.11332538963123284,0.14239583333333342,0.14239583333333342
1956,0.59,0.5302466985644054,0.5491033333333337,0.5491033333333337
10161,0.72,0.6900083914213319,0.7447396428571429,0.7447396428571428
14943,0.7,0.6872739962454404,0.6649857142857144,0.6649857142857144
10767,0.34,0.4159129845932495,0.4087833333333333,0.4087833333333332
5287,0.68,0.747619348868509,0.7152654761904755,0.7152654761904755
2833,0.43,0.4040401293533437,0.37007025793650805,0.3700702579365081
20827,0.52,0.4828722029631748,0.48246535714285715,0.48246535714285715
9988,0.33,0.46789211608198034,0.4670857936507938,0.4670857936507938
7058,0.54,0.4600487360579303,0.500957400793651,0.500957400793651
21165,0.39,0.4057861832937147,0.40711166666666654,0.4071116666666665
5808,0.36,0.3402211609991625,0.3226923809523812,0.3226923809523812
18485,0.37,0.4681332891236531,0.5052814285714287,0.5052814285714287
19095,0.38,0.4585843501861742,0.4105269444444443,0.41052694444444426
2919,0.0,-0.012346513935126535,0.017372624458874455,0.017372624458874455
18167,0.18,0.12834597153936939,0.1756166666666668,0.1756166666666668
13563,0.74,0.7062548878499632,0.7251527579365079,0.7251527579365079
9946,0.73,0.6714333546566618,0.6665754166666673,0.6665754166666672
8686,0.55,0.6519923350857475,0.6377183333333326,0.6377183333333327
21114,0.14,0.11239566940417911,0.11789999999999987,0.11789999999999987
10130,0.29,0.23830244456510136,0.20051583333333314,0.20051583333333314
13212,0.37,0.37088800792845705,0.33371664862914907,0.33371664862914907
20625,0.84,0.852550528790378,0.8834458333333337,0.8834458333333337
12377,0.0,-0.04292606936342691,0.004400000000000001,0.004400000000000001
7137,0.5,0.41321908444430017,0.4502696626984132,0.4502696626984132
22061,0.37,0.3583893186470666,0.31499999999999934,0.31499999999999934
22328,0.06,0.09789162715922028,0.08196666666666676,0.08196666666666676
11749,0.49,0.37132355753775054,0.38143142857142875,0.38143142857142875
14807,0.26,0.29477220351299277,0.2614846428571426,0.2614846428571426
14416,0.72,0.747619348868509,0.7152654761904755,0.7152654761904755
8908,0.08,0.15112894341767175,0.16970261904761919,0.16970261904761919
9829,0.6,0.601605375996709,0.6081791666666669,0.6081791666666669
10822,0.32,0.42000855747005866,0.4268741865079369,0.4268741865079369
685,0.58,0.6110880020335931,0.6103250000000008,0.6103250000000008
17234,0.0,-0.05068113360956933,0.0,0.0
1598,0.07,0.13423079507390306,0.13296666666666648,0.13296666666666648
8695,0.61,0.6294505362491178,0.6147100000000006,0.6147100000000006
12754,0.38,0.39011754922713926,0.37656051587301564,0.37656051587301564
8759,0.38,0.43653672196730486,0.43189321414696397,0.43189321414696397
11840,0.65,0.6133282265917244,0.5588816666666682,0.5588816666666682
1498,0.59,0.5324464280955946,0.5260782142857147,0.5260782142857147
10433,0.14,0.21625481634623198,0.2350732142857144,0.2350732142857144
15892,0.4,0.4734402502961309,0.47172642857142866,0.47172642857142866
3795,0.67,0.7096032925329245,0.6939300000000007,0.6939300000000007
17605,0.54,0.489815557529612,0.5426157575757588,0.5426157575757589
16415,0.5,0.49977035130694347,0.5434310714285718,0.5434310714285718
13068,0.0,-0.05424204084167622,0.0,0.0
16083,0.37,0.3353533491926767,0.30915041666666665,0.3091504166666666
22592,0.77,0.7263475593360147,0.7802329166666673,0.7802329166666673
8235,0.33,0.443480076533742,0.4253083333333324,0.4253083333333324
3933,0.36,0.33054803529044585,0.3339735714285718,0.3339735714285718
7302,0.7,0.6893198442359509,0.7165999999999993,0.7165999999999996
13106,0.42,0.4138707363594375,0.37656184523809566,0.3765618452380957
13675,0.48,0.43285162796396026,0.3709050595238093,0.3709050595238093
13109,0.64,0.6756753324216628,0.6417694642857137,0.6417694642857137
1352,0.37,0.4656518915238491,0.4015804761904766,0.40158047619047665
10894,0.67,0.5997710062784305,0.5447054761904759,0.5447054761904759
19554,0.23,0.2089056069399422,0.22203488095238103,0.22203488095238103
19568,0.26,0.37684302125937363,0.3734009569597071,0.3734009569597071
11026,0.33,0.438736451498494,0.40798392857142896,0.40798392857142896
363,0.83,0.806537210890065,0.847020833333334,0.847020833333334
20686,0.79,0.7850539430853387,0.7895666666666663,0.7895666666666663
21537,0.36,0.39483557162837596,0.42996416666666604,0.42996416666666604
19210,0.2,0.2881988327930781,0.2825384523809528,0.2825384523809528
15693,0.47,0.5025554198526752,0.5995033333333329,0.5995033333333329
4361,0.64,0.5488909008485451,0.5793042640692639,0.5793042640692638
2022,0.28,0.2007805588472773,0.22001285714285718,0.22001285714285715
1861,0.75,0.7328336385549352,0.7327505952380949,0.7327505952380947
15465,0.3,0.3870508126127927,0.39021702380952383,0.39021702380952383
9192,0.24,0.2859586082349469,0.2804255952380955,0.2804255952380955
8221,0.43,0.35597708656673205,0.4017473809523814,0.4017473809523813
4097,0.37,0.4240380326859144,0.42052708333333333,0.42052708333333333
11110,0.47,0.4901809173425225,0.45886773268398223,0.45886773268398223
16801,0.48,0.46078407971736335,0.44267712662337566,0.44267712662337566
1071,0.24,0.2896227236378921,0.23888910714285685,0.23888910714285685
19960,0.59,0.5412600233736404,0.5782645238095226,0.5782645238095226
14378,0.54,0.5134985548655272,0.5331495238095252,0.5331495238095252
18404,0.37,0.4159129845932495,0.4087833333333333,0.4087833333333332
15021,0.57,0.5727864007336058,0.5539895238095237,0.5539895238095237
20372,0.63,0.6488915558200321,0.6608376190476193,0.6608376190476192
18778,0.57,0.4974464350045166,0.5185698214285724,0.5185698214285726
1905,0.26,0.31237600074675365,0.30044583333333275,0.30044583333333275
15865,0.67,0.6890200501858114,0.6727416666666673,0.6727416666666671
12715,0.55,0.6292561596814972,0.569309583333332,0.569309583333332
5354,0.5,0.5715568864564126,0.5616333333333325,0.5616333333333325
16444,0.23,0.21547897765985688,0.17595869047619034,0.17595869047619034
10579,0.25,0.15550258460639732,0.13869916666666637,0.13869916666666637
2883,0.35,0.3903992172957541,0.3890226984126982,0.3890226984126982
11559,0.55,0.6057810408611154,0.5719249999999991,0.5719249999999991
20904,0.21,0.32041375733842437,0.3422689880952378,0.34226898809523776
2081,0.56,0.666283874781561,0.7256400000000004,0.7256400000000002
15995,0.35,0.3402211609991625,0.3226923809523812,0.3226923809523812
6399,0.55,0.5033312585390503,0.4345585714285718,0.4345585714285718
21449,0.41,0.36177461860027166,0.399312916666667,0.39931291666666696
7627,0.26,0.25985590216621046,0.25572904761904725,0.25572904761904725
20620,0.82,0.7230903230498356,0.7711407142857135,0.7711407142857135
21709,0.66,0.6460659922473583,0.6299216666666674,0.6299216666666674
2760,0.37,0.4002848455536162,0.4069374999999985,0.4069374999999985
20275,0.36,0.38431641743690126,0.3710474080086578,0.3710474080086578
13124,0.55,0.5636730114054204,0.6095473214285715,0.6095473214285715
12892,0.2,0.2644051506338378,0.2583751461038963,0.2583751461038963
8977,0.41,0.45923600210131155,0.39594101190476216,0.39594101190476216
14115,0.34,0.33634169042819717,0.31627083333333345,0.31627083333333345
8797,0.61,0.6011948971232444,0.5996155357142854,0.5996155357142853
1173,0.35,0.3066450587528985,0.31122523809523855,0.31122523809523855
1941,0.61,0.664491024367138,0.6451375000000015,0.6451375000000013
1885,0.8,0.748395187554884,0.7876650000000008,0.7876650000000008
21308,0.72,0.748395187554884,0.7876650000000008,0.7876650000000008
10598,0.83,0.736215061612352,0.7353583333333324,0.7353583333333324
8932,0.02,0.08018074485883286,0.10157999999999999,0.10157999999999999
15440,0.43,0.41970876341991914,0.43290142857142805,0.43290142857142805
10918,0.75,0.7940385216086745,0.762873333333334,0.7628733333333337
7090,0.32,0.27910356944641734,0.3057535317460309,0.3057535317460309
9036,0.61,0.5851609032437585,0.5396334920634924,0.5396334920634925
18524,0.7,0.6457006324344478,0.6066416666666684,0.6066416666666684
15931,0.86,0.7770161864936681,0.7598943253968254,0.7598943253968254
21246,0.59,0.6067143608448676,0.5888519047619047,0.5888519047619046
2453,0.46,0.46621522766107887,0.4484014880952383,0.44840148809523833
5452,0.3,0.3408728129142998,0.35896976190476204,0.35896976190476204
5659,0.11,0.14186269682572122,0.176133333333333,0.176133333333333
13009,0.49,0.3903992172957541,0.3890226984126982,0.3890226984126982
11593,0.74,0.7343853159276854,0.7133958333333322,0.7133958333333322
1061,0.53,0.4975706217757544,0.48249391774891853,0.48249391774891853
9312,0.61,0.6068385476161053,0.5533269047619038,0.5533269047619038
16437,0.44,0.4168831998472453,0.4291360119047615,0.4291360119047616
12663,0.55,0.49242114190065367,0.5386889285714297,0.5386889285714297
13102,0.37,0.3680699210082699,0.3482317063492063,0.3482317063492063
10624,0.77,0.7096437875598667,0.6999629761904756,0.6999629761904756
528,0.49,0.4966004065217586,0.4583520310245306,0.4583520310245306
19612,0.21,0.22887049189805742,0.2493291666666672,0.2493291666666672
271,0.49,0.479859739475367,0.4970936904761908,0.4970936904761908
1432,0.27,0.18856353763450168,0.22000500000000003,0.22000500000000003
6250,0.59,0.6126396794063433,0.6428682142857126,0.6428682142857126
359,0.38,0.37088800792845705,0.33371664862914907,0.33371664862914907
9660,0.36,0.39852066563172056,0.4458699603174606,0.4458699603174606
19621,0.34,0.36072071160198016,0.3432366666666667,0.3432366666666667
20386,0.51,0.5639260089815079,0.5716991666666668,0.5716991666666668
15072,0.34,0.3578951480293063,0.33444778860028757,0.33444778860028757
3201,0.54,0.5710627158386522,0.5824537301587298,0.5824537301587298
11112,0.54,0.5310225372507806,0.5676842857142852,0.5676842857142852
7913,0.66,0.6895142208035716,0.7096770238095241,0.7096770238095241
12336,0.44,0.47328276899875377,0.4343364880952385,0.43433648809523845
13231,0.49,0.5824670030948091,0.5643263095238086,0.5643263095238086
8340,0.36,0.381901332737692,0.37208749999999896,0.37208749999999896
18204,0.4,0.37871326197098243,0.3650816666666668,0.3650816666666668
17523,0.36,0.43653672196730486,0.43189321414696397,0.43189321414696397
20816,0.58,0.5780060704050893,0.6269856746031729,0.6269856746031729
17115,0.55,0.5203535936540568,0.4973483134920639,0.4973483134920639
2824,0.55,0.5484553512392516,0.5268208333333342,0.5268208333333342
9441,0.45,0.45160512462640695,0.43892499999999957,0.43892499999999957
4944,0.74,0.6632171381672144,0.6150566666666664,0.6150566666666664
583,0.39,0.4584601634149365,0.42878922619047666,0.42878922619047666
2354,0.05,-0.028509318619462265,0.0006,0.0006
4029,0.14,0.14729384476943674,0.19631499999999982,0.19631499999999982
17045,0.44,0.44020083737025006,0.3807511904761906,0.3807511904761906
21312,0.74,0.6454189643658328,0.6626194642857144,0.6626194642857144
11811,0.51,0.5502446018969761,0.5228095436507932,0.5228095436507931
4899,0.16,0.17873293062840795,0.2098968127705625,0.2098968127705625
10100,0.34,0.38627497392641763,0.4002030663780661,0.4002030663780661
13165,0.44,0.4344944737334928,0.419001865079365,0.41900186507936504
2438,0.57,0.5255030735291575,0.4502183333333344,0.4502183333333344
10408,0.05,0.018561506035840725,0.010204166666666672,0.01020416666666667
13238,0.46,0.41235955401362934,0.4245758333333331,0.42457583333333315
22118,0.15,0.2015563975336524,0.178869166666667,0.178869166666667
19816,0.66,0.6593415444920373,0.677380357142857,0.6773803571428572
18698,0.25,0.2882825245373738,0.27325093073593065,0.27325093073593065
16289,0.6,0.6156116478672091,0.6245334126984127,0.6245334126984127
15925,0.68,0.6691019617017482,0.6831984307359313,0.6831984307359315
7909,0.14,0.15289700023535557,0.12327785714285706,0.12327785714285705
19685,0.13,0.21528460109223616,0.20325446428571423,0.20325446428571423
12970,0.46,0.48190198770917897,0.45898250000000024,0.45898250000000024
20757,0.38,0.43110557402358934,0.3893750000000006,0.3893750000000006
20392,0.04,0.02371098591094145,0.018608333333333303,0.018608333333333303
13407,0.69,0.6797122842900052,0.6812750000000024,0.6812750000000024
341,0.44,0.4534348703110736,0.4439648106060603,0.4439648106060603
19527,0.28,0.26063174085258556,0.277095,0.277095
15627,0.35,0.4371883738824422,0.4303320238095244,0.4303320238095244
10212,0.67,0.7118435170910559,0.7539807142857144,0.7539807142857142
2568,0.4,0.4282874871034022,0.4011539880952379,0.4011539880952379
18241,0.32,0.3530898341270755,0.36248666666666646,0.36248666666666646
14936,0.28,0.284190551417263,0.24109886904761896,0.241098869047619
15975,0.41,0.3467108399747815,0.38923732142857176,0.3892373214285718
21434,0.3,0.24496310678601016,0.20784918650793646,0.2078491865079365
20182,0.65,0.6872739962454404,0.6649857142857144,0.6649857142857144
11355,0.4,0.3455281221716403,0.38095369047619015,0.38095369047619015
1390,0.54,0.47393442091389115,0.5027974999999997,0.5027974999999997
20454,0.31,0.3274812986760993,0.3389047023809523,0.3389047023809523
2069,0.43,0.4557662632659871,0.46683809523809444,0.46683809523809444
20737,0.29,0.22213963988076568,0.2427482463369966,0.2427482463369966
5172,0.73,0.6433029265789394,0.6569448809523801,0.6569448809523801
5008,0.0,-0.05570642671343223,0.0,0.0
8316,0.35,0.3014328657339016,0.30119394841269864,0.3011939484126986
4943,1.0,0.8805234755707231,0.9339183333333325,0.9339183333333325
5435,0.4,0.465933559592464,0.4553185112110114,0.45531851121101136
20980,0.38,0.33867308338311075,0.349513095238095,0.34951309523809504
12324,0.22,0.2986073021612278,0.32538452380952376,0.32538452380952376
7919,0.53,0.5915217714145278,0.6390644047619052,0.6390644047619051
215,0.48,0.39166562684319106,0.39782155665413044,0.39782155665413044
6174,0.84,0.7385645805487903,0.7612080555555556,0.7612080555555558
3522,0.63,0.5686983045092833,0.6249249603174589,0.6249249603174589
2986,0.52,0.5772302317187143,0.5657754166666668,0.5657754166666668
2736,0.39,0.463891311358652,0.4551061904761904,0.4551061904761904
21571,0.5,0.4113893387596335,0.39905761904761894,0.3990576190476189
19362,0.53,0.5025554198526752,0.5995033333333329,0.5995033333333329
6358,0.5,0.4589543340326967,0.37085428571428536,0.37085428571428536
3664,0.23,0.17069517403673712,0.20172119047619044,0.20172119047619044
17697,0.36,0.44891122447745757,0.45815734126984076,0.45815734126984076
14182,0.35,0.42735776687634847,0.4144804166666677,0.4144804166666677
7022,0.45,0.3946816900876974,0.4045366666666677,0.4045366666666677
17932,0.5,0.5153357772026805,0.4701874999999991,0.4701874999999991
18787,0.43,0.4367310985349256,0.46465083333333335,0.46465083333333335
15935,0.65,0.6282678184459767,0.6261436309523821,0.626143630952382
15721,0.45,0.39313001271494713,0.3502130465367968,0.3502130465367968
5692,0.02,-0.03598271479698978,0.020899999999999988,0.020899999999999988
19969,0.38,0.36977547992169874,0.3469025595238099,0.34690255952380994
9696,0.86,0.7473376807998942,0.7980424999999982,0.7980424999999982
1991,0.93,0.8436532417680365,0.9069300000000001,0.9069300000000001
9185,0.63,0.587679196113806,0.5802861904761913,0.5802861904761913
4485,0.63,0.629537827750112,0.6061289285714304,0.6061289285714303
11306,0.51,0.5397956375018843,0.5779133333333332,0.5779133333333332
19286,0.22,0.2251152080983299,0.2043099999999999,0.20430999999999994
16284,0.66,0.6612585816776981,0.6994316666666669,0.699431666666667
15325,0.64,0.5621249337893686,0.5656576154401152,0.5656576154401152
6308,0.64,0.6228771655292032,0.5525512500000005,0.5525512500000006
9071,0.53,0.5789060958627024,0.5719410714285706,0.5719410714285706
15683,0.42,0.45151680884849926,0.43620571428571375,0.43620571428571375
1681,0.32,0.3427025585989665,0.3562633333333329,0.3562633333333329
430,0.67,0.553758712655031,0.5475815753690749,0.5475815753690749
19491,0.18,0.2395319588422946,0.18447499999999978,0.18447499999999978
14814,0.34,0.328044634813329,0.3319622619047621,0.3319622619047621
1704,0.51,0.6090382771472944,0.6052694336219334,0.6052694336219333
20938,0.18,0.2216454692630054,0.2406835714285713,0.2406835714285713
20659,0.55,0.6431787398077016,0.6178941666666674,0.6178941666666674
18284,0.6,0.5843850645573834,0.6207283405483424,0.6207283405483424
15816,0.46,0.5305283666330204,0.5086705952380948,0.5086705952380949
12994,0.61,0.5415416914422553,0.5945452380952377,0.5945452380952376
21883,0.61,0.6816708407795216,0.6880442857142849,0.6880442857142849
13765,0.24,0.28974691040912987,0.24780666666666618,0.24780666666666618
2936,0.56,0.5236733278444908,0.5410641666666669,0.5410641666666669
6806,0.58,0.6513037879003666,0.640046845238095,0.640046845238095
2724,0.47,0.49986151970372583,0.482094166666667,0.48209416666666693
13865,0.37,0.37858907519974466,0.3720408333333336,0.3720408333333336
17155,0.71,0.6671849245160874,0.6945524404761918,0.6945524404761918
8684,0.61,0.6214127796574471,0.5818094642857139,0.581809464285714
3588,0.31,0.3486278771604423,0.3862470833333336,0.3862470833333336
6665,0.54,0.5664985749780942,0.6409691666666685,0.6409691666666685
21650,0.09,0.08878183758773334,0.1283999999999998,0.12839999999999976
16030,0.02,0.037633566037145794,0.051199999999999954,0.05119999999999997
22346,0.44,0.39994815623323304,0.41995059523809625,0.41995059523809614
16361,0.59,0.6087566090786796,0.5916846596459099,0.5916846596459099
4523,0.33,0.4164476502379518,0.34802499999999936,0.3480249999999995
21792,0.37,0.4539695359557759,0.44271583333333475,0.44271583333333475
18705,0.71,0.629537827750112,0.6061289285714304,0.6061289285714303
13069,0.4,0.39194729491180585,0.4097880753968257,0.40978807539682577
6830,0.77,0.7169525019392142,0.7485666666666669,0.7485666666666669
8415,0.67,0.7198110838863436,0.8001966666666672,0.8001966666666672
6402,0.44,0.4660910408898411,0.48282285714285744,0.48282285714285744
11425,0.47,0.383822246819141,0.44804642857142823,0.4480464285714283
13790,0.32,0.3995090068672411,0.33556380952380954,0.33556380952380954
16593,0.18,0.21417207308547787,0.21990833333333284,0.21990833333333284
2507,0.98,0.8737386265785765,0.8968166666666691,0.8968166666666691
22198,0.65,0.5649430207095557,0.4941652326839824,0.4941652326839824
16038,0.41,0.3725935668418859,0.3526185714285719,0.3526185714285719
18961,0.27,0.3001628564297662,0.28039999999999987,0.28039999999999987
22413,0.34,0.2610854164434037,0.2670499999999996,0.2670499999999996
894,0.56,0.5081990703455361,0.4683327182539682,0.4683327182539682
12580,0.65,0.6614529582453188,0.6694666666666668,0.6694666666666668
13247,0.54,0.4876995197427185,0.4327628571428584,0.4327628571428584
21579,0.33,0.414123733935525,0.40277785714285746,0.40277785714285746
17859,0.29,0.2934983173130692,0.3079599999999999,0.3079599999999999
2177,0.21,0.27500799656960817,0.25407166666666653,0.25407166666666653
21138,0.25,0.24843672251712287,0.23423761904761878,0.23423761904761875
17877,0.39,0.42500824793991027,0.44024999999999936,0.44024999999999936
16090,0.25,0.22871301060068036,0.23802857142857117,0.2380285714285712
14752,0.62,0.5942561665904192,0.5946650000000012,0.5946650000000012
1009,0.56,0.5243618750298717,0.5244513884726383,0.5244513884726384
734,0.36,0.36998798247084413,0.3874250000000003,0.3874250000000003
7813,0.54,0.55595844218622,0.5796475475912977,0.5796475475912977
11216,0.0,-0.06583322801296715,0.0,0.0
17625,0.7,0.6292561596814972,0.569309583333332,0.569309583333332
14978,0.35,0.4306518984327712,0.3817509199134201,0.3817509199134201
5518,0.09,0.06216259185581913,0.10207500000000001,0.102075
17459,0.25,0.18636380810331254,0.17969791666666637,0.17969791666666637
6975,0.38,0.3578951480293063,0.33444778860028757,0.33444778860028757
11054,0.57,0.5357405596520173,0.5278092857142851,0.5278092857142851
13888,0.63,0.5357405596520173,0.5278092857142851,0.5278092857142851
14092,0.41,0.4437617446023569,0.44260773809523785,0.44260773809523785
16821,0.54,0.48100196225156605,0.4916558730158729,0.4916558730158728
7974,0.26,0.29690174324779894,0.3157800000000004,0.3157800000000004
16748,0.58,0.631126400393106,0.6052192032967034,0.6052192032967034
8424,0.62,0.6072085314626279,0.6011448412698422,0.6011448412698422
10827,0.17,0.2007805588472773,0.22001285714285718,0.22001285714285715
735,0.56,0.5804172782085104,0.6077830555555559,0.6077830555555559
19806,0.47,0.41371325506206036,0.45159954365079374,0.45159954365079374
8366,0.66,0.6132877315647822,0.6511689285714282,0.6511689285714283
22531,0.24,0.24000800347853016,0.2638888888888885,0.2638888888888885
20635,0.48,0.53003419601526,0.5040077380952382,0.5040077380952381
11141,0.33,0.2896227236378921,0.23888910714285685,0.23888910714285685
8043,0.25,0.22409819637028205,0.20821535714285713,0.20821535714285713
9275,0.44,0.4953303972176231,0.4469022366522364,0.4469022366522365
15362,0.29,0.34707619978769205,0.33228829365079277,0.33228829365079277
17050,0.54,0.5111746385631004,0.5540716666666677,0.5540716666666677
9147,0.51,0.473158582227516,0.5360607142857144,0.5360607142857144
11734,0.75,0.7671855794875742,0.7581850793650793,0.7581850793650792
14072,0.68,0.6746032994418466,0.6434416666666661,0.6434416666666661
15472,0.8,0.7055663406645822,0.7792221428571403,0.7792221428571403
9472,0.53,0.5702499818820335,0.5400433333333347,0.5400433333333347
19025,0.51,0.6042329632450636,0.5861661315073816,0.5861661315073816
15053,0.49,0.5175355067338696,0.4984699999999988,0.4984699999999988
21633,0.51,0.5758063408739004,0.5757760973748471,0.5757760973748471
13003,0.27,0.32722830110001183,0.29589960317460373,0.2958996031746037
13205,0.54,0.5707441524997938,0.565869285714286,0.565869285714286
6898,0.77,0.7405518075308339,0.7635608333333331,0.7635608333333331
20377,0.52,0.4881099986161831,0.5096401190476199,0.5096401190476199
3523,0.81,0.7789747429831845,0.8085539285714292,0.8085539285714292
5909,0.58,0.6161058184849694,0.5798869895382397,0.5798869895382397
762,0.55,0.5127227161791521,0.5846310714285717,0.5846310714285717
16417,0.31,0.27987940813279244,0.23433249999999992,0.23433249999999992
18484,0.61,0.6655080360951859,0.6272625000000002,0.6272625000000002
10509,0.27,0.31584961647786636,0.3509504166666666,0.35095041666666665
20981,0.3,0.3252410741179681,0.32721083333333345,0.32721083333333345
10597,0.49,0.47328276899875377,0.4343364880952385,0.43433648809523845
3489,0.44,0.33964329863710657,0.3563327380952386,0.3563327380952386
2437,0.23,0.17069517403673712,0.20172119047619044,0.20172119047619044
4375,0.71,0.6564532677754672,0.6784105952380948,0.6784105952380944
18085,0.26,0.2523123161923,0.2791279365079364,0.2791279365079364
14840,0.43,0.4622484655891194,0.463107853535353,0.463107853535353
13293,0.78,0.6838003805143277,0.7577669642857151,0.7577669642857151
5612,0.69,0.6423145853434189,0.6847499999999997,0.6847499999999997
22357,0.36,0.41371325506206036,0.45159954365079374,0.45159954365079374
3191,0.57,0.6270564301503081,0.5800878571428577,0.5800878571428576
13144,0.54,0.5854425713123733,0.6223746031746036,0.6223746031746036
1800,0.61,0.5758936323748944,0.637230833333332,0.637230833333332
12779,0.57,0.5877664876148002,0.5789916666666671,0.5789916666666671
5644,0.42,0.47498832791218265,0.4639783333333332,0.4639783333333332
12464,0.52,0.5563238019991306,0.5399369642857154,0.5399369642857154
2543,0.65,0.6178518724253403,0.6458799999999988,0.6458799999999988
4922,0.27,0.2684751208766356,0.26831672619047625,0.26831672619047625
1889,0.41,0.41873854816592326,0.4056284523809529,0.40562845238095285
2648,0.37,0.43138724209220414,0.3613744047619062,0.3613744047619062
2199,0.23,0.20841143632218193,0.18869065476190458,0.18869065476190458
20553,0.32,0.40199040446704504,0.33742292735042734,0.33742292735042734
16392,0.19,0.19776809535946943,0.18155583333333314,0.18155583333333314
16337,0.83,0.7476598438954509,0.8427499999999994,0.8427499999999997
2409,0.37,0.4681332891236531,0.5052814285714287,0.5052814285714287
20325,0.55,0.5061493454592374,0.5232153571428574,0.5232153571428574
6451,0.47,0.3859382846060344,0.39959666666666677,0.39959666666666677
2430,0.5,0.5018200761932421,0.4677392857142856,0.4677392857142856
11721,0.65,0.652639362967273,0.6482360714285704,0.6482360714285704
10925,0.44,0.516324118438201,0.51743503968254,0.51743503968254
15720,0.54,0.5704624844311789,0.542375,0.542375
11928,0.54,0.5335039348505846,0.5625716666666658,0.5625716666666658
5370,0.63,0.5415416914422553,0.5945452380952377,0.5945452380952376
1463,0.45,0.38509225612327636,0.37921237727550233,0.37921237727550244
7737,0.39,0.3206549303800971,0.25739119047619063,0.25739119047619063
3538,0.47,0.40652152695314764,0.39410017857142887,0.39410017857142887
20486,0.28,0.3455281221716403,0.38095369047619015,0.38095369047619015
2600,0.46,0.4090984408316621,0.38223380952380914,0.38223380952380914
11294,0.3,0.4240785277128565,0.4230706060606061,0.4230706060606061
331,0.3,0.34707619978769205,0.33228829365079277,0.33228829365079277
2235,0.0,-0.028509318619462265,0.0006,0.0006
362,0.35,0.3467108399747815,0.38923732142857176,0.3892373214285718
20047,0.77,0.7835895572135827,0.8009333333333337,0.8009333333333337
20509,0.64,0.6562407652263218,0.7223667857142857,0.7223667857142857
15671,0.28,0.25095861514386886,0.2787016666666664,0.2787016666666664
20062,0.6,0.6206774359980142,0.5904321428571442,0.5904321428571442
2439,0.59,0.5405714761882595,0.5885973809523799,0.5885973809523799
8875,0.81,0.766691408869814,0.7796741666666673,0.7796741666666673
7167,0.05,0.05407803879009637,0.09454333333333334,0.09454333333333333
10410,0.34,0.3703938373106968,0.3629515873015878,0.3629515873015878
13528,0.38,0.315355445860106,0.3194083966033968,0.3194083966033968
16929,0.55,0.527337443247436,0.5539577976190476,0.5539577976190476
5485,0.64,0.7278956369520664,0.7577302380952382,0.7577302380952382
332,0.56,0.525137713716247,0.5435030952380953,0.5435030952380953
19102,0.58,0.5421195538043113,0.5626224837662341,0.5626224837662341
8762,0.57,0.5144687701195231,0.5519212860750363,0.5519212860750364
4988,0.47,0.4953303972176231,0.4469022366522364,0.4469022366522365
14697,0.52,0.5165184950058217,0.5014528174603176,0.5014528174603176
2581,0.65,0.6960875915234863,0.6700172619047626,0.6700172619047626
10720,0.57,0.4584601634149365,0.42878922619047666,0.42878922619047666
5434,0.24,0.29767758193417404,0.30042083333333275,0.30042083333333275
10583,0.33,0.4257840866262853,0.3940075,0.3940075
5019,0.08,0.07466128113720966,0.06153571428571427,0.06153571428571427
11184,0.25,0.28856419260598865,0.2530382738095236,0.2530382738095236
13286,1.0,0.8688006249757078,0.8396075,0.8396075
4600,0.45,0.4778138914848565,0.4352925000000008,0.4352925000000008
15019,0.36,0.40199040446704504,0.33742292735042734,0.33742292735042734
16926,0.45,0.4079157230285208,0.42045740079365,0.4204574007936501
18048,0.7,0.6756753324216628,0.6417694642857137,0.6417694642857137
8341,0.46,0.37696720803061146,0.3862079705710957,0.3862079705710957
1936,0.46,0.39532974224613626,0.34318750000000153,0.34318750000000153
11132,0.11,0.2279407716710037,0.2385164285714286,0.2385164285714286
1130,0.3,0.26362931194746264,0.24146333333333317,0.24146333333333317
21939,0.85,0.731691415778736,0.7349600000000005,0.7349600000000005
16296,0.24,0.24614582458915138,0.220956666666667,0.220956666666667
729,1.0,0.8386279486641736,0.8349583333333341,0.8349583333333341
13749,0.52,0.6071212399616337,0.5607400396825394,0.5607400396825394
19955,1.0,0.8422293509232224,0.8824333333333341,0.8824333333333341
3998,0.56,0.508480738414151,0.4931813564213563,0.4931813564213563
19094,0.41,0.4423378537575429,0.44142416666666656,0.44142416666666656
5467,0.43,0.3528773315779301,0.3214552777777785,0.3214552777777785
17713,0.6,0.673351416119236,0.7360155952380952,0.7360155952380952
6395,0.4,0.45830268211755937,0.3834515476190472,0.3834515476190472
5189,0.0,-0.05424204084167622,0.0,0.0
7753,0.55,0.5172943336921969,0.4452275000000009,0.44522750000000094
21271,0.52,0.43613086712745225,0.45905416666666776,0.45905416666666776
16566,0.95,0.8374867501648878,0.8964450000000004,0.8964450000000004
8605,0.8,0.692705144189156,0.7958069444444459,0.7958069444444459
869,0.2,0.16914709642068537,0.1576055555555555,0.1576055555555555
14154,0.53,0.5858494504291395,0.6236791468253969,0.6236791468253969
11507,0.58,0.6087566090786796,0.5916846596459099,0.5916846596459099
5030,0.11,0.10393393199113099,0.13483333333333333,0.13483333333333333
19567,0.25,0.1984566425448504,0.20886726190476199,0.20886726190476199
7907,0.31,0.2743599444111693,0.33251333333333405,0.33251333333333405
2484,0.22,0.31584961647786636,0.3509504166666666,0.35095041666666665
18260,0.24,0.2645995272014585,0.2371923809523805,0.23719238095238052
21777,0.35,0.3490347562772084,0.37362112193362174,0.37362112193362174
10003,0.41,0.5061493454592374,0.5232153571428574,0.5232153571428574
21166,0.53,0.46735745043727805,0.4364752380952387,0.4364752380952387
16099,0.56,0.6110880020335931,0.6103250000000008,0.6103250000000008
14929,0.31,0.3510401092407768,0.32886500000000024,0.3288650000000002
11270,0.41,0.516324118438201,0.51743503968254,0.51743503968254
21226,0.5,0.5927044892176689,0.5914512301587304,0.5914512301587304
4344,0.51,0.5021198702433817,0.48863214285714257,0.4886321428571426
7707,0.59,0.6976392688962365,0.7227955952380947,0.7227955952380947
2834,0.28,0.2385841126337162,0.24614666666666665,0.24614666666666665
13734,0.13,0.14256834571571336,0.12388333333333325,0.12388333333333325
17173,0.62,0.6703758479016717,0.7274166666666656,0.7274166666666656
18661,0.53,0.4883511716578559,0.5449813528138528,0.5449813528138528
4555,0.38,0.42276802338177905,0.4488668019480519,0.4488668019480519
17150,0.46,0.4740586076851289,0.3849666017316021,0.3849666017316021
8010,0.31,0.2948594950139869,0.3145835714285709,0.3145835714285709
14093,0.43,0.42983916447615245,0.42906166666666723,0.42906166666666723
20072,0.48,0.45470487961520895,0.32946583333333274,0.3294658333333327
495,0.5,0.511211533833344,0.47618654761904705,0.47618654761904716
22654,0.55,0.6154577663265305,0.6609294246031738,0.6609294246031737
16107,0.54,0.5659132359635516,0.5741253174603176,0.5741253174603177
20875,0.9,0.7579810217626066,0.751158333333333,0.751158333333333
10109,0.76,0.719405229046491,0.7679341666666669,0.7679341666666669
18875,0.29,0.26341680939831724,0.25851166666666636,0.2585116666666664
4568,0.44,0.3982425973198042,0.401990714285714,0.401990714285714
16017,0.57,0.6075270948014864,0.6207474999999998,0.6207474999999998
17171,0.6,0.6441489550616974,0.6299041666666672,0.6299041666666672
9549,0.11,0.12976986238418342,0.10969059523809513,0.10969059523809514
22115,0.41,0.443802239629299,0.4485392460317456,0.4485392460317456
14948,0.37,0.45461758811421477,0.4154961904761904,0.4154961904761903
4895,0.25,0.3036325952650907,0.30106178571428555,0.30106178571428555
16384,0.53,0.6072085314626279,0.6011448412698422,0.6011448412698422
16579,0.34,0.3052211679080846,0.26867249999999987,0.2686724999999998
7551,0.32,0.3239746645705312,0.31782000000000016,0.31782000000000016
14453,0.24,0.25528788440986416,0.2685483333333336,0.2685483333333336
9932,0.57,0.5350520124666364,0.550836863275613,0.550836863275613
21478,0.49,0.49675428806243715,0.4706589285714292,0.4706589285714292
8332,0.45,0.512269040588334,0.5019083333333342,0.5019083333333342
19993,0.11,0.1209562671061375,0.1393113690476186,0.1393113690476186
15158,0.53,0.6285208160220642,0.5949701190476206,0.5949701190476206
2817,0.43,0.49095675602889755,0.4787275000000005,0.47872750000000047
12969,0.6,0.646194803052208,0.6567016666666654,0.6567016666666654
6856,0.44,0.41265934806376886,0.4219517857142867,0.4219517857142867
4979,0.45,0.5172538386652548,0.5512183333333328,0.5512183333333328
19160,0.52,0.4604187199044528,0.34411369047618967,0.34411369047618967
18423,0.47,0.5328522829354472,0.4701249999999992,0.4701249999999992
22202,0.31,0.4174646619659997,0.3776666666666675,0.3776666666666675
3951,0.19,0.14864754581786782,0.1483650000000001,0.1483650000000001
12242,0.22,0.17974994235645575,0.2301580357142857,0.2301580357142857
5034,0.31,0.38022444431679053,0.3597219841269841,0.3597219841269841
506,0.53,0.5068378926446184,0.5559450000000017,0.5559450000000017
11644,0.67,0.6587771840778942,0.6225483333333346,0.6225483333333346
1447,0.64,0.6875556643140552,0.6542650000000004,0.6542650000000004
18324,0.4,0.45123514077988447,0.42596535714285766,0.42596535714285755
21676,0.18,0.19748642729085458,0.18199172619047618,0.18199172619047618
7525,0.65,0.6735457926868567,0.6597035714285725,0.6597035714285725
9717,0.33,0.37356378209588176,0.41174714285714376,0.41174714285714376
7141,0.71,0.6719275252744219,0.6666230357142859,0.6666230357142858
20747,0.41,0.4950487291490083,0.4409391666666679,0.4409391666666679
13351,0.42,0.3746432917281846,0.38087238095238085,0.38087238095238085
20355,0.12,0.07437961306859475,0.10949692460317455,0.10949692460317452
4765,0.12,0.1257403871683277,0.15303750000000005,0.15303750000000002
18213,0.21,0.21494791177185293,0.21249333333333342,0.21249333333333342
5139,0.9,0.8733317474618104,0.8630583333333318,0.8630583333333318
9097,0.47,0.4735644370673687,0.4274344444444443,0.4274344444444443
2247,0.33,0.4169704913482395,0.4412283333333341,0.4412283333333341
19898,0.63,0.6252922502284125,0.6619575000000012,0.6619575000000012
5220,0.48,0.4237968596442417,0.418213787878787,0.418213787878787
10470,0.57,0.5457209560633601,0.561571277056277,0.561571277056277
14011,0.48,0.43142773711914634,0.4394299206349207,0.4394299206349207
2749,0.51,0.47601716417464524,0.4225013888888889,0.4225013888888889
6880,0.62,0.5791877639313172,0.6065391666666655,0.6065391666666655
21261,0.47,0.5112988253343381,0.47138333333333227,0.47138333333333227
18193,0.49,0.5343166688072033,0.4807604166666657,0.48076041666666575
2545,0.44,0.39697258801566876,0.4168054761904763,0.4168054761904763
18696,0.18,0.12071509406446479,0.14618250000000008,0.14618250000000008
10002,0.49,0.41902021623453817,0.473201666666667,0.473201666666667
10219,0.36,0.3710823844960778,0.3486116396103887,0.3486116396103886
1400,0.38,0.3961967493292937,0.37225083333333325,0.37225083333333325
2308,0.61,0.5706568609987996,0.5741663492063475,0.5741663492063475
21692,0.83,0.7418182170782708,0.7429883333333328,0.7429883333333329
20554,0.49,0.4643854819764122,0.43344432539682537,0.43344432539682537
18597,0.26,0.25125480943731,0.25537499999999974,0.25537499999999974
10026,0.5,0.4944708667869524,0.4778742063492065,0.4778742063492065
8861,0.49,0.5599252042581795,0.537655535714286,0.537655535714286
22506,0.34,0.36072071160198016,0.3432366666666667,0.3432366666666667
17766,0.45,0.4709588526963269,0.46942410714285715,0.4694241071428572
19720,0.6,0.5599252042581795,0.537655535714286,0.537655535714286
21914,0.66,0.6274919797596015,0.6576499999999982,0.6576499999999982
16299,0.32,0.3632390044720277,0.3831294047619048,0.3831294047619048
15756,0.3,0.41526493243481066,0.4079297226384729,0.4079297226384728
18218,0.18,0.2238451987941945,0.2314216666666665,0.23142166666666647
16180,0.38,0.40125506080761203,0.34592726190476214,0.3459272619047621
11645,0.55,0.5428117007463906,0.5604032142857126,0.5604032142857127
15036,0.66,0.630226374935493,0.6052797619047618,0.6052797619047618
9909,0.56,0.4275521434439692,0.4324733136308138,0.4324733136308138
4726,0.31,0.44147084667438546,0.3627824999999996,0.3627824999999996
13396,0.67,0.6660022067129461,0.6792603571428577,0.6792603571428576
6339,0.25,0.2096409505993752,0.21924583333333342,0.21924583333333342
15421,0.28,0.296001717790186,0.2567859722222221,0.25678597222222205
20768,0.08,0.035309649734719006,0.07266333333333334,0.07266333333333334
3273,0.37,0.3034751139677136,0.34975771825396834,0.34975771825396834
1108,0.5,0.41167100682824836,0.46361038961038953,0.46361038961038953
20622,0.35,0.34757037040545236,0.32529529761904835,0.32529529761904835
22358,0.18,0.24990110838887897,0.24635178571428554,0.24635178571428554
10018,0.37,0.3870508126127927,0.39021702380952383,0.39021702380952383
9736,0.43,0.41265934806376886,0.4219517857142867,0.4219517857142867
21290,0.78,0.7816714957510085,0.8217833333333349,0.8217833333333349
10033,0.09,0.0893596999497892,0.13495166666666703,0.13495166666666703
17933,0.45,0.44466177005996976,0.37677976190476187,0.3767797619047619
1101,0.53,0.6454189643658328,0.6626194642857144,0.6626194642857144
7173,0.14,0.13084937201648622,0.16462640151515134,0.16462640151515134
16403,0.53,0.5708683392710315,0.6142527777777773,0.6142527777777773
511,0.24,0.20009201166189633,0.21309305555555597,0.21309305555555597
17019,0.0,-0.032882959808187784,0.0029366666666666673,0.0029366666666666673
22650,0.35,0.42841167387463996,0.42222333333333334,0.42222333333333334
14996,0.5,0.4081100995961416,0.4588033333333328,0.4588033333333328
13644,0.22,0.15464305417572655,0.14626750000000002,0.14626750000000002
1260,0.16,0.1624864341997766,0.17031333333333362,0.17031333333333357
299,0.38,0.46739794546422014,0.4710125793650796,0.4710125793650796
5165,0.58,0.6317744525515449,0.5953499999999992,0.5953499999999992
15474,0.21,0.24565165397139116,0.2434741666666665,0.2434741666666665
15181,0.68,0.6660022067129461,0.6792603571428577,0.6792603571428576
5516,0.38,0.4559787658151325,0.47092083333333284,0.47092083333333284
9540,0.33,0.38606247137727223,0.3630418650793655,0.3630418650793654
9251,0.54,0.4650335341348511,0.46357345238095227,0.46357345238095227
1538,0.54,0.4593601888725493,0.45374465909091005,0.45374465909091005
5716,0.42,0.465315202203466,0.4267505952380939,0.42675059523809394
13431,0.63,0.6480245487368747,0.6369516666666669,0.6369516666666669
9084,0.36,0.44466177005996976,0.37677976190476187,0.3767797619047619
16564,0.9,0.7948143602950497,0.8256640476190489,0.8256640476190489
6027,0.42,0.3906117198448995,0.34874071428571396,0.34874071428571396
17781,0.95,0.9128958814134465,0.9949172023809523,0.9949172023809523
21920,0.11,0.0486468908463808,0.046268690476190456,0.046268690476190456
17120,0.3,0.32744080364915723,0.32854827380952395,0.32854827380952395
18166,0.57,0.5947503372081795,0.5821845238095229,0.5821845238095229
21760,0.64,0.6906554193028572,0.6856641666666675,0.6856641666666674
18220,0.74,0.714661604011243,0.660975,0.660975
11818,0.07,0.09054241775293048,0.12583833333333308,0.12583833333333308
10081,0.3,0.38276833982084946,0.433254790764791,0.43325479076479106
808,0.36,0.3492759293188812,0.3661203571428573,0.3661203571428573
15759,0.44,0.49071558298722484,0.3955483333333344,0.3955483333333344
11777,0.18,0.2443447493970121,0.2594833333333333,0.2594833333333333
3861,0.45,0.42211997122334016,0.44575014665889673,0.44575014665889673
4123,0.32,0.36496268936698123,0.3647420238095232,0.3647420238095232
1784,0.38,0.4636096432900371,0.4266268975468974,0.4266268975468974
16658,0.71,0.6609769136090832,0.6651799999999999,0.6651799999999998
3029,0.13,0.12998236493332876,0.11712916666666665,0.11712916666666665
11643,0.6,0.6107843310876655,0.5870499999999982,0.5870499999999982
4076,0.43,0.4027662431534202,0.3985708333333317,0.3985708333333317
2685,0.52,0.5607010429445546,0.5788252777777783,0.5788252777777783
4501,0.33,0.33356409853495217,0.32938166666666596,0.32938166666666596
9984,0.9,0.8036279555730955,0.8511416666666675,0.8511416666666675
16603,0.65,0.6147521174365383,0.5750167857142864,0.5750167857142864
4279,0.52,0.4444502917877379,0.43481333333333233,0.43481333333333233
6310,0.22,0.24263919048358326,0.2605301190476187,0.2605301190476187
19460,0.87,0.7448342803227772,0.7857433333333337,0.7857433333333337
16960,0.06,-0.00426196086940378,0.012175000000000007,0.012175000000000007
20880,0.36,0.4441675994422095,0.4445938095238098,0.44459380952380967
21713,0.28,0.37209939622412563,0.3802384523809523,0.3802384523809523
5592,0.13,0.1984566425448504,0.20886726190476199,0.20886726190476199
6367,0.5,0.4879811878113334,0.47392583333333316,0.47392583333333316
18727,0.21,0.20735752932389045,0.19857916666666678,0.19857916666666678
7743,0.8,0.8150286430725538,0.820133333333332,0.820133333333332
8058,0.14,0.14276272228333414,0.159066666666667,0.15906666666666702
14138,0.42,0.42983916447615245,0.42906166666666723,0.42906166666666723
14846,0.46,0.4534753653380157,0.43240351190476195,0.43240351190476195
1539,0.44,0.3690401362622658,0.33909916666666695,0.33909916666666695
15380,0.43,0.438001107839061,0.4371702380952373,0.4371702380952373
10726,0.6,0.6206774359980142,0.5904321428571442,0.5904321428571442
3035,0.37,0.38276833982084946,0.433254790764791,0.43325479076479106
12212,0.07,0.1280238084438124,0.15285505050505027,0.15285505050505027
7330,0.53,0.5121448538170962,0.4655019047619062,0.4655019047619062
17601,0.33,0.300847526719359,0.30834999999999957,0.30834999999999957
20272,0.38,0.32629858087295804,0.2840416666666663,0.2840416666666663
2681,0.19,0.25153647750592484,0.2720659340659347,0.2720659340659347
427,0.65,0.6766455476756585,0.7577933333333317,0.7577933333333317
20889,0.46,0.44522613047411297,0.35202333333333485,0.35202333333333485
6270,0.24,0.21662480019275446,0.1925583333333333,0.1925583333333333
19517,0.31,0.3189493714666683,0.2690900000000003,0.2690900000000002
16282,0.51,0.43110557402358934,0.3893750000000006,0.3893750000000006
9578,0.62,0.54811506216217,0.5878891666666651,0.5878891666666651
14436,0.55,0.4979406056222769,0.4513958333333323,0.4513958333333323
15457,0.43,0.4688218363090341,0.4380000000000006,0.4380000000000006
6534,0.35,0.4443801019913549,0.3994814880952382,0.3994814880952383
9399,0.73,0.7990638147125374,0.7831052380952389,0.7831052380952389
7484,0.72,0.7917146053062476,0.7706315476190478,0.7706315476190478
22203,0.78,0.7874651508887598,0.818329404761906,0.818329404761906
9731,0.32,0.4539290409288338,0.4389827380952379,0.4389827380952379
12782,0.58,0.5533518335382648,0.6063791666666664,0.6063791666666664
17211,0.62,0.6872739962454404,0.6649857142857144,0.6649857142857144
13693,0.46,0.45269952665164054,0.43406347222222225,0.43406347222222225
9538,0.67,0.7417345253339753,0.6951041666666664,0.6951041666666664
12349,0.26,0.299790019964369,0.2653494047619052,0.2653494047619052
17969,0.58,0.513780222934142,0.5268510714285717,0.5268510714285717
15081,0.45,0.37209939622412563,0.3802384523809523,0.3802384523809523
19940,0.31,0.2593798575299749,0.257960670995671,0.25796067099567094
5566,0.49,0.47145302331408717,0.4018295238095238,0.4018295238095238
13383,0.34,0.40754676345891183,0.35277767857143,0.35277767857143
11770,0.27,0.2146662437032381,0.20915000000000014,0.20915000000000017
21596,0.48,0.5517089877687322,0.5283614285714289,0.5283614285714289
6601,0.53,0.54811506216217,0.5878891666666651,0.5878891666666651
11324,0.64,0.5375959079706953,0.6476949999999978,0.6476949999999978
21378,0.39,0.4313035503479085,0.4503774999999996,0.4503774999999996
6434,0.43,0.4622484655891194,0.463107853535353,0.463107853535353
7000,0.55,0.5515184880968997,0.5332766666666661,0.5332766666666661
7363,0.4,0.43362746665033536,0.41407208333333273,0.4140720833333328
11995,0.34,0.3547953930405043,0.3656035714285714,0.3656035714285714
747,0.71,0.7423123876960311,0.8024416666666657,0.8024416666666658
8851,0.69,0.655959097157707,0.6655666666666665,0.6655666666666664
1238,0.43,0.4654393889747037,0.47056916666666637,0.47056916666666637
8867,0.51,0.5476390175259344,0.5835623809523794,0.5835623809523794
22419,0.5,0.5687387995362254,0.5289420634920633,0.5289420634920633
14872,0.6,0.5942561665904192,0.5946650000000012,0.5946650000000012
21875,0.51,0.5773175232197084,0.5972443477355975,0.5972443477355975
7501,0.12,0.12022092344670454,0.09950666666666655,0.09950666666666655
9911,0.57,0.48761582799842285,0.4799664880952381,0.47996648809523806
9325,0.21,0.1774260260540289,0.20983452380952333,0.2098345238095234
13828,0.49,0.4610657477859782,0.44677666666666715,0.4467766666666671
7668,0.66,0.5892308734865563,0.5524683333333341,0.5524683333333341
22730,0.49,0.4048159680397188,0.3696741756854257,0.36967417568542565
17993,0.38,0.43625505389869,0.48857702380952284,0.48857702380952284
4651,0.79,0.6736330841878507,0.6668204761904768,0.6668204761904767
3422,0.46,0.38431641743690126,0.3710474080086578,0.3710474080086578
12959,0.29,0.362426270515409,0.32391166666666693,0.3239116666666668
1060,0.53,0.5394256536553619,0.5604518452380955,0.5604518452380955
17111,0.35,0.32629858087295804,0.2840416666666663,0.2840416666666663
11965,0.36,0.3416855468709186,0.28903988095238126,0.2890398809523812
4603,0.73,0.7410423783918958,0.7553735714285716,0.7553735714285716
5914,0.65,0.6515854559689814,0.6334457738095236,0.6334457738095236
17007,0.59,0.6143452383197723,0.5900676190476196,0.5900676190476196
5369,0.47,0.4650740291617932,0.44636511904761905,0.44636511904761905
20993,0.4,0.3782372173347468,0.33880909090909095,0.33880909090909095
20235,0.79,0.6976392688962365,0.7227955952380947,0.7227955952380947
15167,0.52,0.5426137244220715,0.5419847619047622,0.5419847619047622
22533,0.45,0.5192123951547711,0.5384339285714295,0.5384339285714295
307,0.24,0.19804976342808428,0.22431249999999964,0.22431249999999964
17220,0.53,0.5405714761882595,0.5885973809523799,0.5885973809523799
2213,0.14,0.14864754581786782,0.1483650000000001,0.1483650000000001
22386,0.6,0.5672744136644693,0.5558422023809529,0.5558422023809529
21604,0.46,0.3958239128638965,0.38156393939393946,0.38156393939393946
1176,0.47,0.5193365819260088,0.49996559523809503,0.49996559523809503
3001,0.83,0.8256755837919648,0.853699999999999,0.853699999999999
14259,0.48,0.47576416659855775,0.4175825000000012,0.4175825000000012
3330,0.17,0.2089056069399422,0.22203488095238103,0.22203488095238103
3655,0.55,0.5406956629594972,0.5405523809523821,0.5405523809523821
17393,0.32,0.32568022348396003,0.28914000000000056,0.28914000000000056
9422,0.24,0.20453196575121665,0.18691000000000002,0.18691000000000005
15676,0.26,0.20024949295927336,0.22543999999999959,0.22543999999999953
7756,0.61,0.59511569702109,0.6242183333333334,0.6242183333333334
13797,0.58,0.5327280961642094,0.5142285515873013,0.5142285515873013
1924,0.64,0.6409790102765126,0.700608333333333,0.700608333333333
17907,0.9,0.8510024511743262,0.9188183333333337,0.9188183333333336
5214,0.27,0.2542708726818163,0.24637375000000003,0.24637375000000003
2962,0.51,0.49145092664665785,0.49148250000000027,0.4914825000000003
11523,0.32,0.3754191304145597,0.40028162698412717,0.40028162698412717
9933,0.55,0.5768233526019482,0.5434458333333333,0.5434458333333334
2972,0.59,0.6282678184459767,0.6261436309523821,0.626143630952382
7002,0.61,0.5443597783624425,0.586389583333333,0.586389583333333
19105,0.21,0.17726854475665182,0.16510861291486287,0.16510861291486287
16004,0.23,0.2933078176412367,0.3040603571428572,0.3040603571428572
10515,0.34,0.3402211609991625,0.3226923809523812,0.3226923809523812
4065,0.15,0.17938458254354522,0.18921000000000027,0.18921000000000027
1478,0.62,0.5327280961642094,0.5142285515873013,0.5142285515873013
21076,0.35,0.37046402710707976,0.3304791666666669,0.33047916666666693
18905,0.37,0.28974691040912987,0.24780666666666618,0.24780666666666618
2728,0.21,0.16837125773431022,0.1650491666666667,0.1650491666666667
16319,0.52,0.5862148102420499,0.5821544642857145,0.5821544642857146
6873,0.66,0.7030299218130098,0.6818366666666674,0.6818366666666675
2086,0.31,0.39746675863342906,0.3701722742535243,0.3701722742535243
19230,0.49,0.49679478308937924,0.4684415584415584,0.46844155844155844
5786,0.91,0.9128958814134465,0.9949172023809523,0.9949172023809523
12797,0.54,0.489815557529612,0.5426157575757588,0.5426157575757589
17776,0.19,0.2139309000438051,0.19342369047619054,0.19342369047619054
10418,0.58,0.6674665925847022,0.6705649999999995,0.6705649999999995
13604,0.79,0.7278119452077707,0.7472437500000001,0.74724375
2863,0.65,0.6969471219541571,0.7021316666666667,0.7021316666666667
5151,0.0,-0.06525536565091111,0.0,0.0
13294,0.67,0.7191927264973457,0.7050927380952378,0.7050927380952378
21140,0.0,-0.05628428907548827,0.0001,0.0001
14766,0.43,0.4124468455146235,0.42756083333333317,0.42756083333333306
3136,0.54,0.51068046794534,0.4594133008658009,0.45941330086580096
7188,0.49,0.5700925005846564,0.5250244047619036,0.5250244047619035
14700,0.92,0.8289548229554569,0.7897033333333335,0.7897033333333335
3682,0.18,0.2603500727839707,0.28927466880341907,0.28927466880341907
8128,0.61,0.6353353597836516,0.6231375396825398,0.6231375396825399
3173,0.43,0.36729408232189475,0.3739372408147408,0.3739372408147408
9124,0.25,0.25451204572348907,0.2632384920634916,0.26323849206349165
12724,0.57,0.5835209100931006,0.5952099999999994,0.5952099999999995
8207,0.42,0.4233026890264814,0.4100398809523799,0.4100398809523799
16881,0.52,0.5993651514385778,0.6071855844155842,0.6071855844155842
1128,0.33,0.29380198825899695,0.29324053571428615,0.29324053571428615
9635,0.5,0.5320764442490721,0.5609105357142862,0.5609105357142862
9230,0.48,0.5228974891581157,0.552611024114774,0.5526110241147741
770,0.17,0.19931617297552118,0.18735750000000068,0.18735750000000068
16822,0.46,0.4874870171935731,0.4811516666666658,0.4811516666666658
20430,0.24,0.3402211609991625,0.3226923809523812,0.3226923809523812
4256,0.28,0.34707619978769205,0.33228829365079277,0.33228829365079277
18602,0.36,0.3576539749876335,0.34366833333333324,0.34366833333333324
13442,0.17,0.23140691074962969,0.19766238095238112,0.1976623809523811
1546,0.45,0.48160219365903945,0.46068309523809453,0.46068309523809453
4338,0.5,0.5284786417467217,0.5717050000000009,0.5717050000000009
14625,0.58,0.5671832452676869,0.6030583333333344,0.6030583333333345
4459,0.62,0.5686983045092833,0.6249249603174589,0.6249249603174589
9188,0.71,0.7928973231093889,0.7944987301587298,0.79449873015873
7248,0.79,0.7221019818143151,0.7401333333333341,0.740133333333334
5508,0.39,0.49647621975052075,0.5351761904761896,0.5351761904761896
10188,0.2,0.2823977010028401,0.27860749999999945,0.27860749999999945
20685,0.53,0.5339108139673506,0.5954865476190481,0.5954865476190481
3916,0.16,0.2438219082867245,0.26060428571428607,0.26060428571428607
21505,0.5,0.5335408301208282,0.5558454166666668,0.5558454166666668
17053,0.49,0.49548787851500026,0.5233427380952386,0.5233427380952386
9806,0.76,0.7535410676732863,0.8286500000000001,0.8286500000000001
21812,0.53,0.6163874865535843,0.5772158333333325,0.5772158333333326
9032,0.48,0.4932881489838111,0.45969632936507965,0.45969632936507965
15083,0.4,0.4433917607558344,0.40981003968254015,0.40981003968254015
6314,0.61,0.6087566090786796,0.5916846596459099,0.5916846596459099
15516,0.69,0.6171633252399593,0.6466836309523791,0.6466836309523791
3043,0.3,0.359944872915605,0.3588125018037521,0.358812501803752
2866,0.15,0.10455228938012906,0.11882666666666677,0.11882666666666677
13373,0.5,0.4861514421266668,0.4433495833333335,0.4433495833333335
4223,0.3,0.26892879646745377,0.23929000000000034,0.23929000000000036
16963,0.22,0.14052249772520287,0.19332357142857165,0.19332357142857165
14015,0.37,0.30289725160565767,0.2643282142857137,0.2643282142857137
11013,0.37,0.38509225612327636,0.37921237727550233,0.37921237727550244
2313,0.53,0.5705866712024167,0.6091115476190472,0.6091115476190472
12995,0.4,0.434901352850259,0.45944323412698373,0.45944323412698373
3242,0.63,0.5319522574778344,0.5816207738095236,0.5816207738095236
110,0.56,0.6624412994808393,0.6421074999999994,0.6421074999999994
11617,0.43,0.5113690151307211,0.5342866666666657,0.5342866666666657
17293,0.51,0.5464095032487412,0.5572813553113556,0.5572813553113556
15515,0.32,0.3037567820363285,0.28559640512265516,0.28559640512265516
16768,0.6,0.5462151266811204,0.5406708333333325,0.5406708333333325
18665,0.59,0.5186480347406279,0.5599899999999994,0.5599899999999994
7343,0.47,0.41167100682824836,0.46361038961038953,0.46361038961038953
4717,0.55,0.5469873656107971,0.4993871031746032,0.4993871031746032
8393,0.38,0.4235438620681542,0.4373500000000009,0.4373500000000009
3443,0.16,0.12744594608175652,0.10115059523809522,0.1011505952380952
8592,0.6,0.4819721775055619,0.5279531547619051,0.527953154761905
6299,0.75,0.6821650113972818,0.6763188924963939,0.6763188924963939
11125,0.5,0.41167100682824836,0.46361038961038953,0.46361038961038953
11295,0.5,0.46789211608198034,0.4670857936507938,0.4670857936507938
17695,0.78,0.741858712105213,0.7810636904761905,0.7810636904761905
2012,0.28,0.31563711392872096,0.270056666666667,0.270056666666667
10431,0.57,0.5715163914294704,0.5063991666666667,0.5063991666666666
13363,0.25,0.3175956704182372,0.30550714285714287,0.30550714285714287
4079,0.48,0.41902021623453817,0.473201666666667,0.473201666666667
21553,0.6,0.6889498603894284,0.7091719047619038,0.7091719047619038
18695,0.18,0.2081297682535671,0.18206583333333343,0.18206583333333343
4562,0.36,0.26623489631850444,0.30109042388167373,0.3010904238816738
9350,0.46,0.4902214123694646,0.4869844047619049,0.4869844047619049
10580,0.44,0.3932173042159413,0.3852040476190468,0.3852040476190468
3183,0.45,0.4847902644257491,0.43026916666666687,0.43026916666666687
10527,0.17,0.20686335870613015,0.18996392857142846,0.18996392857142846
15159,0.12,0.23720804253986774,0.19339642857142864,0.19339642857142864
11895,0.31,0.32776296674471417,0.31854875000000005,0.31854875000000005
10483,0.37,0.40832260214528693,0.3873065079365081,0.3873065079365081
4530,0.44,0.4286933419432548,0.4140699999999999,0.41406999999999994
4099,0.74,0.6572291064618423,0.6564041666666666,0.6564041666666666
15788,0.98,0.8299250382094527,0.8646999999999987,0.8646999999999987
8689,0.14,0.18709915176274555,0.25264250000000055,0.25264250000000055
10738,0.44,0.4797319529474307,0.4399908333333327,0.43999083333333266
19086,0.85,0.768396967783243,0.8562000000000017,0.8562000000000017
22534,0.45,0.4869272808130419,0.4918303571428572,0.4918303571428572
19788,0.61,0.5370105689561526,0.5736416666666677,0.5736416666666677
4989,0.1,0.1708526553341142,0.17565857142857147,0.17565857142857147
21919,0.65,0.5172538386652548,0.5512183333333328,0.5512183333333328
19727,0.16,0.11556561418936406,0.10623583333333322,0.10623583333333322
16119,0.71,0.702748253744395,0.7574532936507933,0.7574532936507933
10085,0.44,0.31767936216253295,0.3132020039682538,0.3132020039682538
15151,0.41,0.40559180672609396,0.3961748809523808,0.39617488095238074
2010,0.43,0.48054828666074795,0.48823124999999984,0.48823124999999984
16698,0.64,0.7103791312192997,0.7148328571428577,0.7148328571428577
12167,0.05,-0.0011547292281151034,0.06053333333333336,0.06053333333333336
7645,0.37,0.39215979746095125,0.40536045634920626,0.4053604563492063
14659,0.21,0.13711907179047317,0.12490041666666665,0.12490041666666665
14851,0.3,0.3635387985221673,0.35611218253968313,0.35611218253968313
4902,0.41,0.48181469620818485,0.4555662499999989,0.4555662499999989
5450,0.62,0.556169920458452,0.5872516666666664,0.5872516666666665
1807,0.62,0.6002651768961906,0.5757108333333314,0.5757108333333314
13464,0.58,0.6624412994808393,0.6421074999999994,0.6421074999999994
7481,0.42,0.4209382776971124,0.4216396428571433,0.4216396428571432
16927,0.11,0.08160463570364679,0.10926166666666662,0.10926166666666662
9887,0.51,0.5782877384737043,0.5524606349206356,0.5524606349206356
3166,0.45,0.4508292859400318,0.5080266666666671,0.5080266666666671
87,0.11,0.14399223656052734,0.1335933333333335,0.1335933333333335
10633,0.63,0.6187188795084978,0.6252801785714283,0.6252801785714284
3391,0.47,0.5195777549676817,0.4934777380952392,0.4934777380952392
13996,0.27,0.35569541849811726,0.33404240620490633,0.33404240620490633
21388,0.51,0.4797724479743728,0.5318241666666649,0.5318241666666649
631,0.41,0.47446548680189504,0.46751388888888834,0.46751388888888834
15625,0.13,0.08724828619650776,0.10073333333333317,0.10073333333333317
4194,0.78,0.6814764642119009,0.6883450793650797,0.6883450793650797
2805,0.33,0.42211997122334016,0.44575014665889673,0.44575014665889673
19815,0.32,0.31634378709562655,0.32169333333333433,0.32169333333333433
13800,0.49,0.4631154726722769,0.43650458333333403,0.4365045833333341
16305,0.48,0.4504593020935093,0.4340925000000004,0.4340925000000004
13788,0.24,0.19699225667309428,0.19967357142857167,0.19967357142857164
20789,0.38,0.4509534727112696,0.4518697619047621,0.4518697619047621
5378,0.08,0.020611230922139456,0.0655238095238094,0.0655238095238094
920,0.39,0.35520124788035695,0.3865310119047615,0.3865310119047614
15856,0.43,0.47601716417464524,0.4225013888888889,0.4225013888888889
10588,0.75,0.7129155500708719,0.7662808333333317,0.7662808333333317
10150,0.32,0.36149655028835526,0.331061666666667,0.331061666666667
5647,0.53,0.6617527522954583,0.5534458333333352,0.5534458333333352
6412,0.54,0.5925101126500483,0.5954109523809517,0.5954109523809517
18279,0.45,0.4079157230285208,0.42045740079365,0.4204574007936501
15499,0.19,0.18384551523326498,0.19246250000000006,0.19246250000000006
8774,0.54,0.5192123951547711,0.5384339285714295,0.5384339285714295
4012,0.77,0.7923329626952458,0.738383333333333,0.7383833333333328
13208,0.29,0.4226141418411004,0.41278440476190426,0.41278440476190426
12828,0.25,0.2964075726300387,0.29488876984127,0.29488876984126994
22615,0.4,0.4753988067856472,0.47039583333333224,0.47039583333333224
1721,0.45,0.48233753731847245,0.47367500000000057,0.47367500000000057
16602,0.66,0.6833062098965674,0.6833941666666661,0.6833941666666661
17900,0.31,0.32589272603310543,0.3206625000000008,0.32066250000000074
8941,0.63,0.5788656008357602,0.6315165079365077,0.6315165079365076
1072,0.36,0.327722471717772,0.31196714285714194,0.31196714285714194
11586,0.61,0.5780060704050893,0.6269856746031729,0.6269856746031729
21798,0.4,0.4887570264977085,0.4477168253968253,0.4477168253968253
21120,0.3,0.28366771030697546,0.2758244642857148,0.2758244642857148
6583,0.73,0.6569474383932276,0.653543928571429,0.653543928571429
17424,0.54,0.42686359625858816,0.4467198701298699,0.4467198701298699
8358,0.48,0.5074232316591609,0.4582351785714285,0.4582351785714285
15331,0.54,0.49570038106414566,0.5318739484126985,0.5318739484126985
18826,0.28,0.363733175089788,0.36227595695970716,0.3622759569597072
20764,0.39,0.44311009268721957,0.4618474603174603,0.4618474603174603
1778,0.28,0.2423575224149684,0.2215316666666668,0.2215316666666668
1832,0.42,0.4517995011940276,0.43590999999999913,0.43590999999999913
11484,0.48,0.43750693722130074,0.4202598809523809,0.4202598809523809
8380,0.47,0.3875736537230803,0.33953035714285734,0.3395303571428574
16556,0.49,0.5958042442064709,0.6220633333333342,0.6220633333333342
12918,0.45,0.49610623590399827,0.45334969696969735,0.45334969696969735
7517,0.43,0.392723133598181,0.43109505952380917,0.43109505952380917
13763,0.09,0.07686101066839873,0.08958666666666641,0.0895866666666664
10048,0.37,0.39766113520104984,0.41671735930735987,0.4167173593073599
16670,0.56,0.630226374935493,0.6052797619047618,0.6052797619047618
2228,0.32,0.3908060964125203,0.3906715782828281,0.3906715782828281
3781,0.59,0.6138223972094846,0.6294949999999996,0.6294949999999995
7585,0.22,0.1640345118158284,0.21763949675324676,0.21763949675324679
15378,0.12,0.12350016261019642,0.1645998809523813,0.1645998809523813
13999,0.43,0.4681332891236531,0.5052814285714287,0.5052814285714287
10520,0.4,0.45172931139764466,0.4278562914862911,0.4278562914862911
18144,0.26,0.27126018942236735,0.31007749999999923,0.3100774999999993
17744,0.56,0.6052031784990595,0.6034533333333347,0.6034533333333347
21897,0.2,0.16257012594407227,0.20103994769119787,0.2010399476911979
11546,0.24,0.19968615682204366,0.1586466666666666,0.1586466666666666
7871,0.7,0.6370112239276396,0.6542122023809508,0.6542122023809508
7801,0.35,0.3997906749358559,0.3901998809523809,0.3901998809523809
11305,0.6,0.6339114689388377,0.6302451605339106,0.6302451605339107
13020,0.18,0.2278534801700096,0.2183026190476194,0.21830261904761936
436,0.48,0.42171411638348755,0.3520528571428564,0.3520528571428564
6512,0.49,0.43669420326468195,0.43438583333333314,0.43438583333333314
842,0.69,0.5993651514385778,0.6071855844155842,0.6071855844155842
12988,0.57,0.5355461830843966,0.5121066666666675,0.5121066666666675
19315,0.66,0.652357694898658,0.6686608333333323,0.6686608333333323
20370,0.53,0.5567342808725951,0.5711758279220783,0.5711758279220783
16715,0.61,0.5319927525047765,0.5978126190476193,0.5978126190476193
1383,0.45,0.4240785277128565,0.4230706060606061,0.4230706060606061
18379,0.33,0.37688351628631583,0.3615613095238093,0.3615613095238093
20179,0.29,0.27889106689727194,0.27945476190476176,0.27945476190476176
18823,0.48,0.5257857658746858,0.5416375000000002,0.5416375000000002
13488,0.66,0.6661263934841839,0.637104166666666,0.6371041666666661
6194,0.38,0.4156718115515768,0.3809000595238091,0.38090005952380923
6734,0.09,0.15289700023535557,0.12327785714285706,0.12327785714285705
6091,0.8,0.7615824240216554,0.810211547619049,0.810211547619049
16931,0.22,0.18489942223155642,0.2291304635642132,0.2291304635642132
2526,0.78,0.7070307265363382,0.7613138095238086,0.7613138095238086
2739,0.23,0.20589314345213436,0.21488166666666633,0.21488166666666633
18832,0.57,0.5199882338411462,0.5530297619047605,0.5530297619047605
12725,0.28,0.2359785282626745,0.23615946428571444,0.23615946428571444
21659,0.5,0.5530701654696499,0.5903933730158736,0.5903933730158736
525,0.41,0.4407861763847926,0.47056833333333303,0.47056833333333303
19219,0.71,0.7719908933898052,0.7506173412698416,0.7506173412698416
8342,0.3,0.25145278576162916,0.20494916666666685,0.20494916666666685
14155,0.77,0.7318634233009393,0.7383348809523812,0.7383348809523811
22746,0.59,0.556858467643833,0.5527328968253972,0.5527328968253972
17745,0.31,0.3995090068672411,0.33556380952380954,0.33556380952380954
11035,0.71,0.7240605383038314,0.7139870833333327,0.7139870833333327
14883,0.33,0.29836612911955507,0.2915875000000005,0.2915875000000005
14639,0.59,0.48209636427679975,0.475803727938728,0.475803727938728
615,0.82,0.7779864017476639,0.7845999999999996,0.7845999999999996
21947,0.5,0.5170963573678777,0.4928733008658006,0.4928733008658006
14047,0.14,0.12222627641027284,0.12030000000000012,0.1203000000000001
13325,0.33,0.3480645410232126,0.33241833333333237,0.33241833333333237
10698,0.34,0.3308297033590607,0.2716470833333336,0.2716470833333336
14774,0.04,0.07233736483478276,0.0989616666666665,0.0989616666666665
7985,0.59,0.5627432911783666,0.5578666666666653,0.5578666666666653
19563,0.63,0.6728572455014756,0.6940071428571433,0.6940071428571432
11821,0.58,0.6601173831784124,0.6815995833333344,0.6815995833333344
1494,0.41,0.42658192818997337,0.4186573809523799,0.41865738095238003
21122,0.19,0.21845454587742108,0.2062599999999996,0.20625999999999967
13906,0.58,0.4754824985299429,0.43266563492063526,0.43266563492063526
568,0.23,0.30298094334995335,0.2569363095238089,0.25693630952380897
9466,0.5,0.5261511256875964,0.503885000000001,0.503885000000001
13108,0.45,0.5243618750298717,0.5244513884726383,0.5244513884726384
12818,0.1,0.15317866830397042,0.1377966666666668,0.13779666666666682
2153,0.27,0.364790681844778,0.39638904761904764,0.3963890476190477
4050,0.23,0.13848024949139082,0.13204333333333318,0.13204333333333318
1253,0.57,0.5401178005974413,0.5796499999999992,0.5796499999999992
22700,0.47,0.5038254291568105,0.5329583333333336,0.5329583333333336
20204,0.1,0.13683740372185832,0.13939726190476168,0.13939726190476168
19703,0.49,0.35442540919398186,0.4128817261904764,0.4128817261904765
12035,0.46,0.41468347031605624,0.4591458333333336,0.4591458333333336
1391,0.33,0.4283279821303443,0.46071833333333423,0.4607183333333343
5389,0.38,0.4219084929511082,0.42485101190476127,0.42485101190476127
10489,0.5,0.5180296773516299,0.5141641269841273,0.5141641269841272
16252,0.42,0.43746644219435865,0.4371350000000014,0.4371350000000014
20688,0.56,0.5165184950058217,0.5014528174603176,0.5014528174603176
19590,0.74,0.7293600228238225,0.730269761904761,0.730269761904761
10244,0.58,0.6435009029032587,0.6280275000000008,0.6280275000000008
22632,0.23,0.2823977010028401,0.27860749999999945,0.27860749999999945
21568,0.77,0.742594055764646,0.8190496428571421,0.8190496428571421
18224,0.69,0.6179430408221227,0.6704625000000023,0.6704625000000023
679,0.35,0.40623985888453285,0.3734220238095244,0.3734220238095244
5509,0.53,0.5912401033459129,0.5952913769563765,0.5952913769563765
5457,0.56,0.5319927525047765,0.5978126190476193,0.5978126190476193
3433,0.51,0.6067143608448676,0.5888519047619047,0.5888519047619046
5352,0.75,0.6787825640629515,0.6864203571428571,0.686420357142857
6683,0.52,0.518070172378572,0.5348441666666666,0.5348441666666666
19538,0.39,0.4010606842399913,0.3614680952380953,0.36146809523809537
15250,0.67,0.6880498349318155,0.7247140674603177,0.7247140674603176
20672,0.16,0.12350016261019642,0.1645998809523813,0.1645998809523813
3389,0.55,0.5966712512896284,0.5833927380952377,0.5833927380952377
14499,0.65,0.6057846406178138,0.6099466666666663,0.6099466666666663
19419,0.61,0.5689513020853708,0.5392338095238104,0.5392338095238104
16146,0.89,0.7271197982656913,0.7616450000000001,0.7616450000000001
14502,0.75,0.7055663406645822,0.7792221428571403,0.7792221428571403
2239,1.0,0.8739501048508085,0.9151499999999985,0.9151499999999985
15591,0.44,0.44249173529822156,0.42521726190476167,0.42521726190476167
9777,0.53,0.5746236230707591,0.5672341666666663,0.5672341666666662
11953,0.81,0.7189983499297249,0.7665004166666669,0.7665004166666669
15178,0.58,0.638351423028158,0.6670402976190475,0.6670402976190474
11413,0.69,0.6074901995312427,0.5789158333333313,0.5789158333333313
361,0.32,0.3634146117509295,0.3434583333333335,0.3434583333333335
16561,0.44,0.40677452452923524,0.39560214285714257,0.39560214285714257
13896,0.5,0.4433917607558344,0.40981003968254015,0.40981003968254015
18983,0.31,0.3416855468709186,0.28903988095238126,0.2890398809523812
16058,0.34,0.4648796525941725,0.4222711904761902,0.4222711904761902
6243,0.58,0.629537827750112,0.6061289285714304,0.6061289285714303
18034,0.76,0.7519929900572344,0.7558916666666664,0.7558916666666664
13609,0.59,0.6282678184459767,0.6261436309523821,0.626143630952382
9308,0.15,0.11218316685503371,0.1380083333333333,0.1380083333333333
18408,0.24,0.17572046714060002,0.18242500000000014,0.18242500000000014
15997,0.39,0.4001606587823784,0.33426833333333333,0.33426833333333333
6145,0.6,0.6655080360951859,0.6272625000000002,0.6272625000000002
17694,0.82,0.7545985744282762,0.7696300000000005,0.7696300000000007
12814,0.61,0.6442731418329353,0.6716341666666673,0.6716341666666673
13419,0.46,0.5018200761932421,0.4677392857142856,0.4677392857142856
5397,0.65,0.6545979194567892,0.6162583333333344,0.6162583333333344
17467,0.48,0.4579659927971762,0.48273952380952406,0.482739523809524
14832,0.8,0.7800286499814759,0.8063166666666663,0.8063166666666663
9610,0.54,0.5244455667741674,0.46855416666666544,0.46855416666666544
4572,0.0,-0.05068113360956933,0.0,0.0
5137,0.25,0.15522091653778247,0.1657393452380957,0.1657393452380957
14823,0.19,0.1579148166867318,0.1859995833333331,0.1859995833333331
15852,0.53,0.5142743935519023,0.5165766666666672,0.5165766666666671
872,0.46,0.5310225372507806,0.5676842857142852,0.5676842857142852
5564,0.36,0.3014328657339016,0.30119394841269864,0.3011939484126986
21463,0.6,0.5628134809747496,0.6427283333333322,0.6427283333333322
14089,0.56,0.4971647669359017,0.4859197222222212,0.48591972222222124
9074,0.42,0.4590785208039345,0.49283351190476166,0.49283351190476166
5256,0.48,0.4007608901898518,0.4629398809523812,0.46293988095238114
16440,0.38,0.3574414724384882,0.39154238095238136,0.39154238095238136
336,0.62,0.5491034033976905,0.5530408333333343,0.5530408333333342
21447,0.38,0.3761076775999407,0.4218124999999992,0.4218124999999992
14279,0.3,0.23817825779386356,0.27226666666666705,0.27226666666666705
8862,0.08,0.13966296729453215,0.18141499999999977,0.18141499999999977
17991,0.16,0.24186335179720816,0.22801799603174608,0.22801799603174608
655,0.18,0.18964304726680448,0.16444297619047624,0.1644429761904762
10381,0.36,0.443480076533742,0.4253083333333324,0.4253083333333324
10647,0.46,0.4562604338837474,0.48321190476190473,0.4832119047619048
11738,0.49,0.45123514077988447,0.42596535714285766,0.42596535714285755
8749,0.36,0.3855864267410366,0.38801154609279637,0.38801154609279637
22607,0.54,0.6082624384609193,0.6068770238095231,0.6068770238095231
9539,0.5,0.5038254291568105,0.5329583333333336,0.5329583333333336
10346,0.52,0.5869906489284251,0.5770614682539681,0.5770614682539681
15216,0.07,-0.006461690400592912,0.022572023809523757,0.022572023809523764
16034,0.2,0.15550258460639732,0.13869916666666637,0.13869916666666637
4682,0.53,0.6086729173343839,0.5591525000000012,0.5591525000000013
11277,0.65,0.6802064549077654,0.6623930952380962,0.6623930952380962
13101,0.64,0.7118435170910559,0.7539807142857144,0.7539807142857142
7879,0.33,0.3855864267410366,0.38801154609279637,0.38801154609279637
14342,0.24,0.3344938187620059,0.33425476190476205,0.3342547619047621
1527,0.46,0.41902021623453817,0.473201666666667,0.473201666666667
9770,0.16,0.1442739046291422,0.14720333333333302,0.14720333333333302
1621,0.58,0.55595844218622,0.5796475475912977,0.5796475475912977
7479,0.36,0.38586809480965145,0.34304839285714306,0.34304839285714306
13691,0.33,0.42658192818997337,0.4186573809523799,0.41865738095238003
17322,0.58,0.5466506762904139,0.6152013095238089,0.6152013095238089
11676,0.48,0.4210624644683502,0.42762583333333304,0.42762583333333304
2803,0.79,0.7739494498793216,0.8716041666666685,0.8716041666666685
2700,0.82,0.7960882464949732,0.8142458333333348,0.8142458333333348
5902,0.62,0.6067143608448676,0.5888519047619047,0.5888519047619046
1964,0.67,0.629537827750112,0.6061289285714304,0.6061289285714303
6225,0.11,0.10532812806650416,0.11394999999999987,0.11394999999999987
12417,0.71,0.6743216313732318,0.6850333333333343,0.6850333333333343
16455,0.52,0.5253788867579197,0.5040922420634925,0.5040922420634925
1977,0.1,0.14080416579381771,0.14817785714285714,0.1481778571428571
18747,0.01,-0.06729761388472316,0.0,0.0
13673,0.57,0.6148394089375324,0.6470307142857149,0.6470307142857149
4008,0.87,0.7615419289947134,0.7754975000000003,0.7754975000000003
7911,0.14,0.16440449566235082,0.16083571428571455,0.16083571428571455
7404,0.39,0.4407861763847926,0.47056833333333303,0.47056833333333303
19608,0.47,0.41468347031605624,0.4591458333333336,0.4591458333333336
22026,0.38,0.3751374623459448,0.359657261904762,0.359657261904762
22057,0.49,0.504103497468727,0.48219416666666653,0.4821941666666665
22598,0.64,0.6616654607944642,0.6973741666666667,0.6973741666666666
5739,0.46,0.5051610042237169,0.49919904761904776,0.49919904761904776
20934,0.26,0.30298094334995335,0.2569363095238089,0.25693630952380897
19868,0.35,0.34242089053035163,0.372104383116883,0.3721043831168831
8498,0.46,0.3746432917281846,0.38087238095238085,0.38087238095238085
12670,0.44,0.39108776448113514,0.4222420238095236,0.4222420238095236
13248,0.61,0.6140635702511573,0.5318206746031754,0.5318206746031754
20226,0.26,0.3703938373106968,0.3629515873015878,0.3629515873015878
20905,0.63,0.5324464280955946,0.5260782142857147,0.5260782142857147
13192,0.46,0.40170873639843013,0.3793669246031744,0.37936692460317445
22715,0.31,0.3502642705544017,0.35209749999999906,0.35209749999999906
1131,0.49,0.5804172782085104,0.6077830555555559,0.6077830555555559
10671,0.55,0.4729174091858433,0.4360121428571421,0.4360121428571421
13270,0.54,0.5412600233736404,0.5782645238095226,0.5782645238095226
21225,0.37,0.3310422059082061,0.335891071428571,0.335891071428571
21185,0.32,0.25966152559858974,0.24793099206349203,0.24793099206349203
12593,0.0,-0.04305025613466468,0.025150000000000006,0.025150000000000006
10965,0.47,0.4819721775055619,0.5279531547619051,0.527953154761905
11211,0.65,0.6639968537493778,0.6569850000000015,0.6569850000000015
913,0.51,0.4509534727112696,0.4518697619047621,0.4518697619047621
15029,0.27,0.2644051506338378,0.2583751461038963,0.2583751461038963
442,0.29,0.2423575224149684,0.2215316666666668,0.2215316666666668
9304,0.41,0.41619465266186434,0.44940000000000035,0.44940000000000035
4860,0.36,0.3888475399230039,0.36218833333333306,0.36218833333333306
8553,0.22,0.2212396144231528,0.24025249999999976,0.2402524999999997
6812,0.72,0.6799247868391506,0.6875283333333327,0.6875283333333327
1468,0.38,0.2964075726300387,0.29488876984127,0.29488876984126994
17624,0.43,0.508480738414151,0.4931813564213563,0.4931813564213563
1540,0.61,0.6596232125606523,0.6126849999999996,0.6126849999999996
13372,0.13,0.07584399894035088,0.12329785714285717,0.12329785714285717
2966,0.21,0.19498302681373775,0.17886428571428584,0.17886428571428584
14067,0.4,0.39244146552956616,0.3832733111333112,0.38327331113331115
20608,0.53,0.5722085383715498,0.5554650000000013,0.5554650000000013
20407,0.47,0.3990148362494808,0.4421680555555556,0.4421680555555556
3158,0.48,0.4631154726722769,0.43650458333333403,0.4365045833333341
12865,0.67,0.7397759688444587,0.7756591666666681,0.7756591666666681
16865,0.37,0.4681332891236531,0.5052814285714287,0.5052814285714287
21107,0.11,0.15522091653778247,0.1657393452380957,0.1657393452380957
4627,0.53,0.4585006584418786,0.4691945238095241,0.46919452380952414
16064,0.28,0.2815849670462213,0.28701499999999935,0.28701499999999935
11431,0.62,0.6872739962454404,0.6649857142857144,0.6649857142857144
20796,0.54,0.601605375996709,0.6081791666666669,0.6081791666666669
20106,0.7,0.7443621125823298,0.7371842857142862,0.7371842857142862
20941,0.65,0.6145577408689177,0.5255383333333332,0.5255383333333332
2710,0.26,0.3548358880674464,0.3771483333333336,0.37714833333333353
10367,0.56,0.635870025428354,0.6050542857142875,0.6050542857142875
4179,0.59,0.5121448538170962,0.4655019047619062,0.4655019047619062
17518,0.44,0.4578085114997992,0.42934051587301597,0.42934051587301597
22545,0.76,0.7541927195884236,0.8011452380952393,0.8011452380952394
14013,0.84,0.7688911384010031,0.761829166666666,0.761829166666666
7491,0.35,0.41873854816592326,0.4056284523809529,0.40562845238095285
2516,0.56,0.5053735067728623,0.5530784920634917,0.5530784920634917
18779,0.68,0.5224033185403555,0.4793966666666661,0.4793966666666661
17686,0.42,0.369534306880026,0.3057166666666673,0.3057166666666673
20429,0.52,0.4612782503351236,0.5188858134920642,0.5188858134920642
14110,0.79,0.7765220158759077,0.7726666666666671,0.7726666666666671
4425,0.36,0.3683515890768848,0.41814904761904725,0.41814904761904736
2447,0.05,0.05910333189395928,0.08366916666666675,0.08366916666666675
13319,0.33,0.25373620703711397,0.28799666666666596,0.28799666666666596
14096,0.55,0.593322846606667,0.6118633333333334,0.6118633333333334
13013,0.51,0.5596435361895646,0.6138634523809536,0.6138634523809536
1271,0.41,0.4009733927389972,0.3655864484126984,0.3655864484126984
11113,0.21,0.242833567051204,0.2524051190476192,0.2524051190476192
12289,0.19,0.11847486950633351,0.15389985209235205,0.15389985209235205
11596,0.43,0.4703735136817843,0.3846049999999991,0.3846049999999991
15502,0.29,0.21653648441484685,0.2406073015873017,0.24060730158730168
14020,0.59,0.6075270948014864,0.6207474999999998,0.6207474999999998
21000,0.5,0.3764730374128512,0.418191547619047,0.418191547619047
14736,0.37,0.37724887609922636,0.4339797420634915,0.4339797420634915
670,0.93,0.8305029005715086,0.825312500000001,0.825312500000001
17881,0.55,0.504879336155102,0.5720833928571438,0.5720833928571437
17729,0.0,-0.058765686675292195,0.0,0.0
14737,0.61,0.6375755843417827,0.6279534523809525,0.6279534523809525
22662,0.37,0.39108776448113514,0.4222420238095236,0.4222420238095236
3257,0.33,0.306169014116663,0.2987416666666662,0.2987416666666662
22082,0.34,0.3731282324865883,0.3388455952380947,0.33884559523809465
15507,0.33,0.32261348686961344,0.28358404761904754,0.2835840476190476
4096,0.53,0.5421195538043113,0.5626224837662341,0.5626224837662341
19581,0.38,0.48140781709141867,0.44757095238095174,0.44757095238095174
7416,0.56,0.6431787398077016,0.6178941666666674,0.6178941666666674
4084,0.75,0.6493857264377922,0.7008538293650795,0.7008538293650792
2809,0.73,0.6586529973066564,0.6556984686147185,0.6556984686147185
9161,0.08,0.17938458254354522,0.18921000000000027,0.18921000000000027
22496,0.62,0.5773175232197084,0.5972443477355975,0.5972443477355975
19832,0.26,0.26798095025887536,0.2453825000000002,0.24538250000000023
718,0.38,0.4235843570950963,0.4607844318181818,0.46078443181818174
13962,0.65,0.5985893127522027,0.6275600000000003,0.6275600000000003
11223,0.41,0.4783080621026167,0.4456401785714285,0.44564017857142846
22117,0.17,0.16130371639663532,0.1428649999999999,0.14286499999999994
1582,0.59,0.6024649064273798,0.6221187500000005,0.6221187500000005
6393,0.42,0.5243618750298717,0.5244513884726383,0.5244513884726384
6875,0.52,0.47511713871703243,0.4940717857142858,0.4940717857142859
10546,0.46,0.4740586076851289,0.3849666017316021,0.3849666017316021
11433,0.39,0.4113893387596335,0.39905761904761894,0.3990576190476189
2619,0.25,0.2190398848919637,0.22978579365079352,0.22978579365079352
13445,0.37,0.4585843501861742,0.4105269444444443,0.41052694444444426
1325,0.54,0.45703627257012247,0.4707079761904761,0.47070797619047616
16933,0.57,0.4672737586929823,0.4704402579365077,0.4704402579365077
22709,0.48,0.483325878553993,0.5301771626984128,0.5301771626984126
8484,0.7,0.6759570004902777,0.6200714285714283,0.6200714285714283
20274,0.39,0.4610657477859782,0.44677666666666715,0.4467766666666671
15616,0.35,0.2978314634748527,0.2992101569264066,0.29921015692640657
11670,0.76,0.6897256990758035,0.7477433333333334,0.7477433333333336
20236,0.2,0.21606043977861125,0.19002500000000033,0.19002500000000033
9990,0.83,0.7426345507915881,0.8610499999999982,0.8610499999999983
16293,0.77,0.8042132945876381,0.8259850000000013,0.8259850000000013
10352,0.1,0.07804372847154001,0.04767559523809523,0.04767559523809523
11871,0.29,0.3044453292217094,0.35399154761904794,0.3539915476190479
11713,0.74,0.6872739962454404,0.6649857142857144,0.6649857142857144
21770,0.53,0.520847764271817,0.4938336904761906,0.4938336904761906
4266,0.27,0.2741484661389374,0.24409499999999973,0.24409499999999976
16470,0.07,0.03248408616204518,0.03521999999999997,0.03521999999999997
16368,0.62,0.6911495899206175,0.6849929761904764,0.6849929761904764
17259,0.25,0.2742357576399315,0.259825,0.259825
16111,0.56,0.5692329701539857,0.6061708333333337,0.6061708333333337
8612,0.39,0.3339294583478627,0.3803663888888875,0.3803663888888875
4401,0.33,0.43024604359291857,0.37585285714285727,0.37585285714285716
18462,0.6,0.5842967487794758,0.5973563095238094,0.5973563095238094
18683,0.35,0.2735841057247942,0.24027388708513686,0.24027388708513686
20910,0.27,0.2591673549808295,0.2794205952380953,0.2794205952380953
4262,0.33,0.3057153385258448,0.28183565476190453,0.28183565476190453
21748,0.3,0.2884950270865192,0.26192630591630595,0.26192630591630595
1036,0.05,0.07205569676616791,0.10479833333333334,0.10479833333333334
13671,0.66,0.7514076510426919,0.7852149999999994,0.7852149999999994
14626,0.31,0.4027662431534202,0.3985708333333317,0.3985708333333317
726,0.27,0.26149589531686834,0.22018166666666683,0.22018166666666683
17059,0.12,0.22998301990481573,0.16995916666666627,0.16995916666666627
12400,0.36,0.4063640456557706,0.4108904761904757,0.41089047619047575
9818,0.35,0.4135890682908226,0.42671011904762013,0.42671011904762013
20292,0.39,0.41514074566357284,0.33693916666666646,0.33693916666666646
17880,0.9,0.7693853090187633,0.7660993452380954,0.7660993452380954
20135,0.63,0.6009132290546295,0.657441686507937,0.657441686507937
5066,0.07,0.0010450003030739174,0.032029166666666595,0.032029166666666595
8834,0.13,0.10744056609669916,0.08832500000000001,0.08832500000000001
19648,0.51,0.5486092327799302,0.5718360074647569,0.5718360074647569
14970,0.39,0.4712405207649418,0.41657837301587286,0.41657837301587286
4733,0.47,0.5238677044121116,0.47989999999999994,0.47989999999999994
14749,0.26,0.35259566350931526,0.39437978479853475,0.39437978479853475
18148,0.61,0.5783714302179999,0.6056324999999996,0.6056324999999996
16965,0.46,0.39108776448113514,0.4222420238095236,0.4222420238095236
7103,0.38,0.41216517744600867,0.4169661284548788,0.41696612845487885
11346,0.32,0.4655681997795535,0.4225191666666673,0.4225191666666673
4637,0.55,0.5922976101009029,0.6265074999999992,0.6265074999999992
11254,0.41,0.4174646619659997,0.3776666666666675,0.3776666666666675
11155,0.12,0.16384013524820762,0.14875000000000022,0.14875000000000022
10485,0.81,0.7448342803227772,0.7857433333333337,0.7857433333333337
19409,0.29,0.37688351628631583,0.3615613095238093,0.3615613095238093
10443,0.2,0.26664537519196896,0.19278916666666673,0.19278916666666673
16888,0.6,0.4901809173425225,0.45886773268398223,0.45886773268398223
1068,0.15,0.23500831300867864,0.15321250000000003,0.1532125
5731,0.78,0.7039299472706227,0.7541666666666663,0.7541666666666664
21272,0.57,0.6118638407199684,0.6235126190476175,0.6235126190476175
4854,0.26,0.2731782508849415,0.2368716666666666,0.2368716666666666
9728,0.22,0.26586953650559386,0.24757999999999974,0.24757999999999974
14156,0.59,0.5846667326259982,0.6080745634920635,0.6080745634920635
12947,0.66,0.6176574958577197,0.5991142857142849,0.5991142857142848
7948,0.47,0.43625505389869,0.48857702380952284,0.48857702380952284
10719,0.38,0.3327882598485771,0.3053951190476191,0.3053951190476191
478,0.48,0.37793742328460733,0.4195666666666657,0.4195666666666657
21241,0.23,0.22948884928705549,0.24098083333333295,0.24098083333333295
14111,0.42,0.3698996666929365,0.3736460119047617,0.3736460119047617
2599,0.48,0.547426514976789,0.5739259523809522,0.5739259523809522
10770,0.34,0.31808984103599747,0.2917086904761903,0.2917086904761903
20450,0.63,0.6953990443381053,0.6747263095238085,0.6747263095238085
14780,0.58,0.5804172782085104,0.6077830555555559,0.6077830555555559
8045,0.6,0.6219069502752074,0.626234166666667,0.626234166666667
1551,0.3,0.3533715021956903,0.3550326190476189,0.35503261904761885
9900,0.58,0.5727864007336058,0.5539895238095237,0.5539895238095237
12053,0.23,0.21041678928575033,0.17851000000000003,0.17851000000000006
13784,0.55,0.5236733278444908,0.5410641666666669,0.5410641666666669
17486,0.5,0.532358112317687,0.5103333333333334,0.5103333333333333
20801,0.31,0.4321630807785793,0.4188399999999999,0.4188399999999999
16320,0.47,0.39746675863342906,0.3701722742535243,0.3701722742535243
9735,0.43,0.42481387137228954,0.4068884523809531,0.4068884523809531
14849,0.81,0.7461954580236949,0.8225866666666667,0.8225866666666666
4362,0.65,0.5907459327281527,0.5965347619047621,0.5965347619047621
8896,0.47,0.502679606623913,0.4758774999999995,0.4758774999999995
8780,0.54,0.5575065198022718,0.5128249999999995,0.5128249999999995
15206,0.4,0.4752413254882702,0.4591806150793652,0.45918061507936514
14069,0.47,0.4291875125610151,0.4304311605061604,0.4304311605061604
5453,0.16,0.2638198116192952,0.2421850000000002,0.24218500000000023
12158,0.5,0.4778138914848565,0.4352925000000008,0.4352925000000008
15898,0.2,0.2074412210681861,0.25830654761904714,0.2583065476190471
7262,0.58,0.5869906489284251,0.5770614682539681,0.5770614682539681
22339,0.38,0.3728752349105008,0.38020513888888824,0.38020513888888824
9672,0.26,0.1939255200587478,0.2021175000000002,0.20211750000000023
2252,0.62,0.6508096172826063,0.6901036525974021,0.6901036525974021
1265,0.66,0.6650138654774257,0.6479298809523822,0.6479298809523822
21994,0.64,0.5994893382098155,0.6105012193362208,0.6105012193362208
11572,0.48,0.5327280961642094,0.5142285515873013,0.5142285515873013
3252,0.55,0.522312150143573,0.5140725000000003,0.5140725000000004
9856,0.6,0.5657188593959308,0.6060639285714289,0.6060639285714289
16332,0.59,0.6013237079280942,0.5743109523809528,0.5743109523809529
10302,0.55,0.6074901995312427,0.5789158333333313,0.5789158333333313
14494,0.27,0.21479043047447588,0.2787997434509934,0.2787997434509934
10440,0.31,0.2882825245373738,0.27325093073593065,0.27325093073593065
16092,0.56,0.46670939827883917,0.45768509226884224,0.45768509226884224
19973,0.53,0.6617527522954583,0.5534458333333352,0.5534458333333352
12965,0.74,0.7702853344763763,0.7561558333333334,0.7561558333333334
5345,0.41,0.42841167387463996,0.42222333333333334,0.42222333333333334
5067,0.3,0.2664473988676498,0.22350448051948063,0.22350448051948063
1717,0.24,0.19041888595317963,0.17185499999999995,0.17185499999999995
19889,0.22,0.27929794601403807,0.28263166666666684,0.28263166666666684
3112,0.68,0.7074035630017355,0.7422583333333346,0.7422583333333346
3054,0.45,0.4598543594903096,0.39661976190476234,0.39661976190476234
21039,0.6,0.577636086558567,0.6040083333333349,0.6040083333333349
20470,0.47,0.46658521150760135,0.4517135714285715,0.4517135714285715
5212,0.24,0.15317866830397042,0.1377966666666668,0.13779666666666682
119,0.52,0.5083934469131568,0.48407916666666595,0.48407916666666595
444,0.46,0.559058197175022,0.5326824999999994,0.5326824999999994
4517,0.33,0.4255024185576705,0.3969716666666669,0.3969716666666669
18203,0.31,0.35414734088206545,0.3429184523809525,0.3429184523809525
10096,0.44,0.4886328397264707,0.4613094859307358,0.4613094859307357
8525,0.74,0.6989929699446675,0.72686,0.72686
15273,0.91,0.8025704488181056,0.7780970238095237,0.7780970238095237
18769,0.33,0.27910356944641734,0.3057535317460309,0.3057535317460309
10347,0.25,0.29477220351299277,0.2614846428571426,0.2614846428571426
8508,0.33,0.3186677033980534,0.30735833333333373,0.30735833333333373
13864,0.31,0.42481387137228954,0.4068884523809531,0.4068884523809531
11371,0.56,0.5715163914294704,0.5063991666666667,0.5063991666666666
6336,0.24,0.23903778822453436,0.25583452380952393,0.25583452380952393
5088,0.11,0.05983867555339234,0.08255416666666654,0.08255416666666657
11273,0.56,0.5341222922395825,0.5567141666666674,0.5567141666666673
16682,0.59,0.6602010749227081,0.6282432738095237,0.6282432738095237
22025,0.47,0.4664979200066072,0.44268547619047605,0.44268547619047605
7155,0.23,0.18567526091793157,0.2230895238095232,0.22308952380952324
6215,0.22,0.18511192478070188,0.18829369047619046,0.18829369047619046
16902,0.17,0.2735004139804985,0.2610111309523814,0.26101113095238143
14506,0.62,0.5699683138134186,0.5676519029581526,0.5676519029581527
13696,0.66,0.6505279492139915,0.5804749999999977,0.5804749999999977
956,0.66,0.6505684442409336,0.656513333333334,0.656513333333334
2476,0.35,0.3781130305635091,0.36706416666666664,0.36706416666666664
12421,0.46,0.434212805664878,0.4364090130702629,0.4364090130702629
1935,0.68,0.685637602851481,0.7484533333333352,0.7484533333333352
5152,0.57,0.6412606783451273,0.6445980375180375,0.6445980375180376
14002,0.4,0.3478520384740672,0.32842369047619074,0.32842369047619074
15398,0.31,0.3814071621199318,0.3434891071428568,0.3434891071428568
9024,0.64,0.6883315030004303,0.6954017857142848,0.6954017857142848
10028,0.6,0.518070172378572,0.5348441666666666,0.5348441666666666
4678,0.41,0.3711696759970719,0.3377425685425687,0.3377425685425687
22012,0.04,-0.006461690400592912,0.022572023809523757,0.022572023809523764
6147,0.46,0.4507409701621242,0.4289216666666677,0.4289216666666677
18214,0.48,0.4585843501861742,0.4105269444444443,0.41052694444444426
14288,0.29,0.3363235644466725,0.288218750000001,0.288218750000001
22370,0.31,0.27345991895355637,0.23885749999999972,0.23885749999999978
1282,0.6,0.6939751534932913,0.7159996428571428,0.7159996428571428
8439,0.27,0.26059124582564347,0.24318285714285728,0.2431828571428573
20671,0.6,0.5785002410228497,0.5949059722222223,0.5949059722222223
14151,0.76,0.7553744131146514,0.8348716666666678,0.8348716666666678
8538,0.35,0.3545542199988316,0.37939555555555565,0.3793955555555556
14699,0.13,0.1690598049196913,0.20702355158730146,0.20702355158730146
707,0.11,0.2623554257475391,0.25009666666666663,0.25009666666666663
16692,0.22,0.20821705975456123,0.1479526190476192,0.1479526190476192
1407,0.19,0.1911074331385606,0.17693749999999986,0.17693749999999986
17801,0.54,0.5179423858506358,0.5084158333333331,0.5084158333333331
7613,0.4,0.4740586076851289,0.3849666017316021,0.3849666017316021
14161,0.65,0.6207611277423098,0.6437960714285716,0.6437960714285716
11945,0.58,0.6064326927762527,0.6345457142857135,0.6345457142857134
3531,0.35,0.3258044102551978,0.28118541666666685,0.28118541666666685
16987,0.76,0.6691019617017482,0.6831984307359313,0.6831984307359315
13193,0.23,0.27345991895355637,0.23885749999999972,0.23885749999999978
22070,0.51,0.5288855208634877,0.5342174603174612,0.5342174603174613
2768,0.33,0.28955253384150914,0.28903333333333386,0.2890333333333339
13981,0.51,0.517748009283015,0.51131018304408,0.51131018304408
209,0.63,0.5740382840562165,0.6089141666666658,0.6089141666666658
9047,0.45,0.48429609380798877,0.5203862896825401,0.5203862896825401
16655,0.43,0.3467108399747815,0.38923732142857176,0.3892373214285718
1122,0.41,0.3923577737852705,0.37834607142857235,0.37834607142857235
2859,0.42,0.4286933419432548,0.4140699999999999,0.41406999999999994
5357,0.49,0.4884753584290936,0.46789916666666637,0.46789916666666637
2288,0.47,0.44968706316383267,0.38707107142857167,0.38707107142857167
3243,0.53,0.5774417099909462,0.5579899999999987,0.5579899999999987
11247,0.49,0.4301172327880688,0.44921696428571417,0.44921696428571406
6076,0.59,0.5811969937906738,0.6019583333333345,0.6019583333333345
8074,0.48,0.5774417099909462,0.5579899999999987,0.5579899999999987
22547,0.23,0.25520059290887004,0.26537880952381004,0.26537880952381004
11258,0.46,0.3792074325887427,0.4002048412698415,0.40020484126984146
17942,0.35,0.49071558298722484,0.3955483333333344,0.3955483333333344
4533,0.73,0.6838003805143277,0.7577669642857151,0.7577669642857151
2731,0.33,0.27321874591188366,0.25184988095238064,0.25184988095238064
22170,0.7,0.7549685582747987,0.7733583333333333,0.7733583333333333
2334,0.3,0.280933315131084,0.28579392857142866,0.28579392857142866
6892,0.41,0.3213434775654781,0.29249142857142907,0.29249142857142907
19967,0.68,0.6655080360951859,0.6272625000000002,0.6272625000000002
3095,0.51,0.45511175873197507,0.3978975000000004,0.3978975000000004
9852,0.47,0.45927289737155524,0.4271198809523811,0.4271198809523811
15972,0.48,0.4529811947202554,0.4335994444444447,0.4335994444444447
16756,0.75,0.7784805723654242,0.7696,0.7696
10928,0.78,0.7711313629591343,0.8533515476190501,0.8533515476190501
15209,0.36,0.45086978096697394,0.34073815476190505,0.3407381547619051
9254,0.49,0.44608566090478374,0.4773068650793649,0.4773068650793649
6052,0.61,0.5464967947497353,0.5241150000000012,0.5241150000000012
2303,0.45,0.40199040446704504,0.33742292735042734,0.33742292735042734
2606,0.24,0.27889106689727194,0.27945476190476176,0.27945476190476176
12239,0.45,0.46621522766107887,0.4484014880952383,0.44840148809523833
7225,0.87,0.7552502263434135,0.7752221428571434,0.7752221428571434
22514,0.66,0.6544035428891686,0.5747450000000015,0.5747450000000015
21879,0.58,0.6143452383197723,0.5900676190476196,0.5900676190476196
16054,0.54,0.5469036738665014,0.5473856547619047,0.5473856547619047
14813,0.5,0.46621522766107887,0.4484014880952383,0.44840148809523833
1364,0.67,0.6089545854029987,0.6072000000000007,0.6072000000000007
4134,0.45,0.3989311445051852,0.3952387500000001,0.3952387500000001
6819,0.4,0.39158193509889533,0.42668946428571525,0.42668946428571525
13378,0.24,0.34416694447072255,0.40619583333333253,0.40619583333333253
17645,0.38,0.3241690411381519,0.31826142857142853,0.31826142857142853
21445,0.28,0.22744660105324346,0.23482063852813834,0.23482063852813834
12531,0.05,0.030566024699470895,0.0331608333333332,0.03316083333333321
6522,0.0,-0.05570642671343223,0.0,0.0
18262,0.4,0.4295979914344797,0.3580058333333339,0.358005833333334
11723,0.2,0.3408728129142998,0.35896976190476204,0.35896976190476204
18187,0.63,0.5555515630694539,0.6105765909090914,0.6105765909090914
21903,0.84,0.7030299218130098,0.6818366666666674,0.6818366666666675
20840,0.44,0.4509534727112696,0.4518697619047621,0.4518697619047621
18610,0.24,0.25153647750592484,0.2720659340659347,0.2720659340659347
22691,0.42,0.5049198311820442,0.5718458116883126,0.5718458116883126
15748,0.26,0.212466514172049,0.22368499999999997,0.22368499999999997
8310,0.35,0.3776593549726909,0.3447333333333333,0.3447333333333333
199,0.59,0.630226374935493,0.6052797619047618,0.6052797619047618
20067,0.42,0.4590785208039345,0.49283351190476166,0.49283351190476166
11443,0.36,0.43694720084076943,0.3908683333333339,0.3908683333333339
20836,0.75,0.619213050126258,0.5991315674603175,0.5991315674603175
19151,0.43,0.43285162796396026,0.3709050595238093,0.3709050595238093
22424,0.42,0.4209382776971124,0.4216396428571433,0.4216396428571432
7241,0.48,0.49806479239351464,0.5043141666666657,0.5043141666666657
14561,0.49,0.516324118438201,0.51743503968254,0.51743503968254
10335,0.44,0.4603304041265452,0.4737022619047625,0.4737022619047625
12756,0.54,0.5339981054683448,0.5489592857142849,0.5489592857142849
13476,0.44,0.5023979385552981,0.45501061868686904,0.45501061868686904
17395,0.47,0.39697258801566876,0.4168054761904763,0.4168054761904763
11985,0.36,0.4641038139077974,0.45221226190476166,0.45221226190476166
11792,0.62,0.562659599434071,0.5715175000000002,0.5715175000000002
20533,0.6,0.5849852959648567,0.6487491666666668,0.6487491666666668
20345,0.67,0.6751811618039025,0.677623571428572,0.6776235714285721
10280,0.35,0.4534753653380157,0.43240351190476195,0.43240351190476195
15377,0.37,0.40020115380932053,0.3895500000000005,0.3895500000000005
19941,0.26,0.23218274943600484,0.16472744047619042,0.16472744047619042
5831,0.37,0.39313001271494713,0.3502130465367968,0.3502130465367968
14634,0.51,0.4688218363090341,0.4380000000000006,0.4380000000000006
13676,0.45,0.49806479239351464,0.5043141666666657,0.5043141666666657
10143,0.26,0.31004848468762825,0.2611838095238089,0.2611838095238089
14636,0.46,0.5034554453102881,0.49331786179506765,0.49331786179506765
13422,0.54,0.5927917807186631,0.5443300000000011,0.5443300000000011
5986,0.22,0.28856419260598865,0.2530382738095236,0.2530382738095236
20845,0.51,0.4694032984277885,0.36790541666666793,0.36790541666666793
15418,0.46,0.47552299355688504,0.47326815476190426,0.47326815476190426
12861,0.54,0.5068378926446184,0.5559450000000017,0.5559450000000017
519,0.0,-0.05424204084167622,0.0,0.0
10780,0.52,0.49667059631814153,0.5128007142857143,0.5128007142857144
22724,0.37,0.37250987509759026,0.321330833333333,0.321330833333333
10041,0.18,0.11875653757494842,0.17023746753246777,0.1702374675324678
21421,0.47,0.36255045728664675,0.34676494047618983,0.34676494047618983
10886,0.45,0.4139112313863796,0.4214175000000009,0.42141750000000094
2993,0.43,0.4321630807785793,0.4188399999999999,0.4188399999999999
19443,0.44,0.48712165738066265,0.4927550847763342,0.49275508477633406
3891,0.68,0.6431787398077016,0.6178941666666674,0.6178941666666674
16669,0.31,0.2955075471724258,0.2957599999999999,0.2957599999999999
2336,0.34,0.44429641024705924,0.40069166666666695,0.40069166666666706
6263,0.3,0.26623489631850444,0.30109042388167373,0.3010904238816738
12689,0.54,0.5697271407717459,0.5529833333333335,0.5529833333333335
22056,0.55,0.5856369478799941,0.609320714285715,0.609320714285715
1490,0.22,0.31082432337400345,0.3525804166666663,0.35258041666666623
18984,0.67,0.6441489550616974,0.6299041666666672,0.6299041666666672
3644,0.73,0.6358295304014119,0.593498888888889,0.593498888888889
10873,0.64,0.6508096172826063,0.6901036525974021,0.6901036525974021
8309,0.42,0.4524178585830257,0.4776663888888894,0.4776663888888894
4173,0.65,0.6652263680265711,0.6487867261904764,0.6487867261904764
15801,0.45,0.39746675863342906,0.3701722742535243,0.3701722742535243
20869,0.24,0.30493949983946966,0.33904809523809526,0.33904809523809526
5983,0.69,0.6378572524103977,0.6188470238095244,0.6188470238095244
18431,0.41,0.43192190773690653,0.39870797619047627,0.39870797619047627
3287,0.48,0.513692931433148,0.5738575000000015,0.5738575000000015
20229,0.44,0.4556750948692047,0.4116888095238098,0.4116888095238099
5253,0.5,0.4861514421266668,0.4433495833333335,0.4433495833333335
488,0.33,0.301645368283047,0.30948999999999993,0.30948999999999993
16517,0.14,0.16632153284801154,0.17134999999999972,0.17134999999999972
11088,0.13,0.09838579777698053,0.07943642857142848,0.07943642857142848
7931,0.53,0.6140635702511573,0.5318206746031754,0.5318206746031754
10008,0.64,0.6875556643140552,0.6542650000000004,0.6542650000000004
12809,0.56,0.5942561665904192,0.5946650000000012,0.5946650000000012
5984,0.45,0.5068378926446184,0.5559450000000017,0.5559450000000017
19211,0.49,0.45123514077988447,0.42596535714285766,0.42596535714285755
9313,0.65,0.5862148102420499,0.5821544642857145,0.5821544642857146
6661,0.42,0.4790839007889918,0.5380622420634922,0.5380622420634921
4143,0.48,0.5181538641228676,0.4512952380952374,0.4512952380952374
7414,0.21,0.2815849670462213,0.28701499999999935,0.28701499999999935
7802,0.43,0.33287195159287275,0.3261497240259738,0.3261497240259738
9926,0.46,0.4872053491249583,0.46338642857142814,0.46338642857142814
12355,0.4,0.40199040446704504,0.33742292735042734,0.33742292735042734
14722,0.43,0.38227416920308926,0.40822329004328983,0.40822329004328983
5931,0.1,0.1566853024095386,0.18377321428571436,0.1837732142857144
18419,0.51,0.5509331490823571,0.5457253571428565,0.5457253571428565
2400,0.45,0.4797724479743728,0.5318241666666649,0.5318241666666649
20324,0.94,0.9179211745173094,0.9950159126984137,0.9950159126984137
15779,0.28,0.18856353763450168,0.22000500000000003,0.22000500000000003
20053,0.48,0.43681839003591977,0.4637154761904762,0.4637154761904761
1791,0.12,0.0596811942560152,0.04266365079365071,0.04266365079365071
3574,0.45,0.37185822318245293,0.3228870238095236,0.3228870238095236
6019,0.26,0.22871301060068036,0.23802857142857117,0.2380285714285712
2958,0.38,0.3402211609991625,0.3226923809523812,0.3226923809523812
17720,0.41,0.40832260214528693,0.3873065079365081,0.3873065079365081
22544,0.46,0.42134413253696507,0.4087565476190476,0.40875654761904756
12683,0.61,0.5614732818742313,0.5986882142857154,0.5986882142857154
2005,0.48,0.5031737772416732,0.4970749801587302,0.4970749801587302
5183,0.52,0.6024649064273798,0.6221187500000005,0.6221187500000005
10259,0.32,0.3855864267410366,0.38801154609279637,0.38801154609279637
12093,0.11,0.0654823260462532,0.05739499999999997,0.05739499999999998
8129,0.48,0.5179423858506358,0.5084158333333331,0.5084158333333331
16706,0.33,0.32608710260072615,0.2855727380952376,0.2855727380952376
19790,0.68,0.7247958819632645,0.7394515476190479,0.7394515476190479
13224,0.96,0.8365857004303615,0.8140566666666663,0.8140566666666664
10746,0.56,0.6838003805143277,0.7577669642857151,0.7577669642857151
1993,0.31,0.32106540925356175,0.2920166666666661,0.2920166666666661
130,0.46,0.38683831006364733,0.431905,0.431905
4863,0.33,0.3638204665907821,0.3382882954545456,0.3382882954545457
9860,0.68,0.6166691546221992,0.6069592261904763,0.6069592261904763
20670,0.16,0.23810806799748063,0.18288916666666646,0.18288916666666646
19364,0.6,0.6824466794658967,0.6496824999999994,0.6496824999999994
9531,0.61,0.5549882269322243,0.5539503463203466,0.5539503463203466
19595,0.3,0.4299633512473902,0.4632426785714287,0.4632426785714287
11846,0.65,0.6850742667142513,0.6939055952380951,0.6939055952380953
3869,0.31,0.4321630807785793,0.4188399999999999,0.4188399999999999
16678,0.26,0.27203602810874244,0.26184359126984125,0.2618435912698412
19922,0.42,0.4809136464736585,0.4845224999999989,0.484522499999999
21784,0.6,0.6323559146702993,0.6228666666666672,0.6228666666666673
18398,0.63,0.5770358551510936,0.6115513537851037,0.6115513537851037
10864,0.7,0.6596232125606523,0.6126849999999996,0.6126849999999996
5685,0.6,0.6287619890637369,0.6070970995670992,0.6070970995670992
13120,0.33,0.3050969811368468,0.2705748809523809,0.2705748809523809
1399,0.73,0.6491040583691775,0.6405695238095247,0.6405695238095247
4887,0.76,0.8157207900146334,0.7902277777777776,0.7902277777777776
18381,0.95,0.824705368537969,0.8024166666666672,0.8024166666666673
10459,0.41,0.41321908444430017,0.4502696626984132,0.4502696626984132
8795,0.3,0.24496310678601016,0.20784918650793646,0.2078491865079365
2851,0.2,0.23392880337637578,0.2338561309523812,0.2338561309523812
16345,0.18,0.2593798575299749,0.257960670995671,0.25796067099567094
688,0.12,0.16991933535036208,0.16317970238095245,0.16317970238095242
5940,0.25,0.21507209854309076,0.20484035714285695,0.20484035714285695
22345,0.47,0.3908060964125203,0.3906715782828281,0.3906715782828281
22276,0.2,0.15627842329277242,0.1826649999999998,0.1826649999999998
5864,0.52,0.6094487560207591,0.626895833333335,0.626895833333335
11772,0.03,-0.033658798494562936,0.006300000000000003,0.006300000000000003
2688,0.64,0.6517096427402193,0.7112609740259737,0.7112609740259735
13961,0.36,0.31817353278029314,0.32813583333333346,0.32813583333333346
1849,0.66,0.5737566159876016,0.6050973809523813,0.6050973809523813
15162,0.55,0.5056551748414772,0.4379495833333336,0.43794958333333367
15824,0.69,0.7197705888594015,0.7320172619047621,0.7320172619047621
9957,0.43,0.4828722029631748,0.48246535714285715,0.48246535714285715
10274,0.29,0.27427265291017516,0.2924633333333333,0.2924633333333333
5854,0.65,0.6972287900227719,0.7362813690476194,0.7362813690476194
10,0.5,0.37638934566855553,0.3591337500000001,0.3591337500000001
3616,0.57,0.5324869231225366,0.5547198809523798,0.5547198809523798
7249,0.92,0.8723147357337626,0.8871999999999991,0.887199999999999
11167,0.33,0.3310422059082061,0.335891071428571,0.335891071428571
12247,0.3,0.29612590456142385,0.29358923215673205,0.29358923215673205
1052,0.85,0.8262609228065074,0.8410500000000016,0.8410500000000016
5511,0.67,0.5994893382098155,0.6105012193362208,0.6105012193362208
14168,0.28,0.33364779027924785,0.35699875901875894,0.356998759018759
19566,0.18,0.26741761412164566,0.2698733333333336,0.2698733333333336
21670,0.5,0.4296816831787753,0.4496995238095237,0.4496995238095237
3240,0.63,0.6736330841878507,0.6668204761904768,0.6668204761904767
12217,0.58,0.5938456877169547,0.6289264285714288,0.6289264285714288
18831,0.25,0.31306454793213456,0.2799085714285711,0.2799085714285711
5388,0.39,0.3218376481832384,0.33550119047619076,0.33550119047619076
1257,0.7,0.7102918397183056,0.7345666666666658,0.7345666666666658
12110,0.53,0.5928286759889068,0.6855576190476182,0.6855576190476182
21791,0.36,0.4467742080901647,0.435609166666666,0.435609166666666
12978,0.33,0.38683831006364733,0.431905,0.431905
1119,0.25,0.3344938187620059,0.33425476190476205,0.3342547619047621
3155,0.68,0.6866259440870015,0.7040672023809529,0.7040672023809529
4023,0.54,0.5577881878708867,0.5968265476190469,0.5968265476190469
17275,0.5,0.5395831349527389,0.5370383333333332,0.5370383333333332
8293,0.45,0.39244146552956616,0.3832733111333112,0.38327331113331115
15549,0.46,0.5421195538043113,0.5626224837662341,0.5626224837662341
4083,0.41,0.38276833982084946,0.433254790764791,0.43325479076479106
16287,0.46,0.4587418314835513,0.44937327380952347,0.44937327380952347
5998,0.17,0.16979514857912426,0.1295695833333334,0.1295695833333334
8523,0.06,0.08201049054349946,0.10808666666666672,0.10808666666666672
17221,0.15,0.1256998921413855,0.15282833333333337,0.15282833333333337
12200,0.1,0.029424826200185328,0.060898333333333235,0.060898333333333235
11763,0.51,0.4612782503351236,0.5188858134920642,0.5188858134920642
11761,0.3,0.3034751139677136,0.34975771825396834,0.34975771825396834
799,0.09,0.014726407387605722,0.05794166666666675,0.05794166666666675
13021,0.36,0.44530982221840865,0.430294523809524,0.430294523809524
14355,0.42,0.38509225612327636,0.37921237727550233,0.37921237727550244
7637,0.39,0.38729198565446543,0.3387676497113995,0.3387676497113995
7178,0.4,0.4709588526963269,0.46942410714285715,0.4694241071428572
5520,0.05,-0.02456353514790216,0.027097499999999945,0.027097499999999945
18654,0.55,0.47597666914770315,0.5149520039682541,0.5149520039682541
3476,0.33,0.30425095265408875,0.32295666666666767,0.32295666666666767
22635,0.38,0.3687584681936509,0.4080239285714286,0.4080239285714286
18027,0.18,0.23017739647243646,0.21231110209235207,0.21231110209235207
21851,0.37,0.37328211402726685,0.33913212662337683,0.33913212662337694
13529,0.69,0.7359333935437371,0.7375416666666669,0.7375416666666669
21065,0.41,0.4159129845932495,0.4087833333333333,0.4087833333333332
15675,0.54,0.5433895631084467,0.5513299801587308,0.5513299801587308
1092,0.25,0.32568022348396003,0.28914000000000056,0.28914000000000056
20922,0.25,0.3284983104041472,0.3090652272727277,0.3090652272727277
550,0.41,0.4453503172453508,0.42740442030192044,0.42740442030192044
12134,0.33,0.34602229278940055,0.35876416666666633,0.3587641666666663
7171,0.28,0.3085004070715765,0.3305149512987011,0.33051495129870095
16238,0.69,0.6508096172826063,0.6901036525974021,0.6901036525974021
5138,0.2,0.24459774697309963,0.18059845238095232,0.18059845238095235
14536,0.31,0.35945070229784476,0.3631616666666666,0.36316166666666655
11545,0.72,0.754727385233126,0.8216866666666671,0.8216866666666669
15699,0.51,0.4850719324943639,0.46494499999999944,0.46494499999999944
21542,0.31,0.3335236035080101,0.35345999999999966,0.35345999999999966
19478,0.35,0.4079157230285208,0.42045740079365,0.4204574007936501
9488,0.69,0.6675502843289979,0.7228347619047614,0.7228347619047614
15537,0.34,0.3711696759970719,0.3377425685425687,0.3377425685425687
22530,0.44,0.4680495973793575,0.4526753571428565,0.4526753571428565
21437,0.59,0.4819721775055619,0.5279531547619051,0.527953154761905
14732,0.36,0.4384547834298791,0.36338750000000103,0.36338750000000103
8237,0.44,0.4525051500840198,0.41210089285714213,0.412100892857142
10045,0.59,0.5861311184977543,0.52935255952381,0.5293525595238101
21292,0.56,0.5773175232197084,0.5972443477355975,0.5972443477355975
3115,0.1,0.08160463570364679,0.10926166666666662,0.10926166666666662
16113,0.45,0.5077048997277759,0.5246499999999991,0.5246499999999992
16176,0.66,0.7022540831266348,0.7531732738095238,0.7531732738095238
12786,0.37,0.40832260214528693,0.3873065079365081,0.3873065079365081
2314,0.2,0.13819858142277602,0.18113708333333295,0.181137083333333
7619,0.0,-0.05068113360956933,0.0,0.0
10208,0.16,0.20821705975456123,0.1479526190476192,0.1479526190476192
498,0.7,0.7243017113455041,0.7126999999999991,0.7126999999999991
3601,0.26,0.28722861753908224,0.2537656547619045,0.2537656547619045
5011,0.42,0.4059986858428601,0.4062909523809521,0.4062909523809522
6790,0.5,0.4590785208039345,0.49283351190476166,0.49283351190476166
18403,0.36,0.4703735136817843,0.3846049999999991,0.3846049999999991
13527,0.4,0.32698712805833907,0.320642738095238,0.320642738095238
1161,0.28,0.3199195867206641,0.2732858333333332,0.2732858333333332
1314,0.99,0.8533263674767531,0.8878100000000001,0.8878100000000001
3850,0.26,0.28162186231646497,0.26532464285714297,0.26532464285714297
13449,0.93,0.851284119242941,0.8520225000000013,0.8520225000000013
2469,0.54,0.5839313889665652,0.5572364285714301,0.5572364285714301
4759,0.0,-0.06023007254704821,0.0,0.0
12123,0.52,0.4883511716578559,0.5449813528138528,0.5449813528138528
10662,0.57,0.5493850714663054,0.5022425000000003,0.5022425000000003
3342,0.7,0.7078977336194958,0.6833141666666676,0.6833141666666674
7034,0.53,0.5560457336872142,0.5553916666666664,0.5553916666666664
7949,0.36,0.3189493714666683,0.2690900000000003,0.2690900000000002
15306,0.42,0.41265934806376886,0.4219517857142867,0.4219517857142867
20577,0.41,0.4628338046036621,0.4689089880952379,0.4689089880952379
1493,0.55,0.5421195538043113,0.5626224837662341,0.5626224837662341
6501,0.4,0.37660184821770093,0.35617190476190486,0.35617190476190486
14765,0.33,0.3250285715688227,0.3095328571428574,0.30953285714285733
4751,0.62,0.6292966547084393,0.6244833333333325,0.6244833333333325
3721,0.15,0.27485411502892954,0.26836321428571425,0.26836321428571425
18347,0.33,0.3992965043180957,0.406047023809524,0.40604702380952395
20468,0.62,0.6660022067129461,0.6792603571428577,0.6792603571428576
17114,0.3,0.24614582458915138,0.220956666666667,0.220956666666667
4495,0.43,0.4878974960670377,0.4995270833333329,0.4995270833333329
4166,0.34,0.37746137864837176,0.3703375108225109,0.3703375108225109
17892,0.23,0.1713837212221182,0.20515208333333337,0.20515208333333337
4113,0.29,0.3044453292217094,0.35399154761904794,0.3539915476190479
1416,0.56,0.620636940971072,0.6028007142857156,0.6028007142857156
1628,0.36,0.3414911703032979,0.32678166666666686,0.3267816666666669
4737,0.55,0.5778116938374687,0.551724047619048,0.551724047619048
10856,0.43,0.46580937282122625,0.45200728174603183,0.45200728174603183
7340,0.12,0.05735727795358836,0.07956190476190454,0.07956190476190454
16685,0.0,0.01190084381493195,0.04626785714285709,0.04626785714285709
2147,0.48,0.48940867841284585,0.5343761904761897,0.5343761904761896
14226,0.53,0.630844732324491,0.6021191666666674,0.6021191666666674
7366,0.49,0.5328522829354472,0.4701249999999992,0.4701249999999992
18551,0.74,0.7000543535954457,0.7317791666666683,0.7317791666666683
353,0.47,0.4727049066366979,0.4762523809523806,0.4762523809523806
13260,0.06,0.13162521070286132,0.14171666666666666,0.14171666666666669
22065,0.66,0.6229608572734989,0.5992720238095223,0.5992720238095223
5626,0.5,0.5958042442064709,0.6220633333333342,0.6220633333333342
74,0.34,0.3405028290677774,0.33498071428571463,0.33498071428571463
8805,0.67,0.6645783158681322,0.7107083333333335,0.7107083333333335
20761,0.44,0.4557662632659871,0.46683809523809444,0.46683809523809444
6416,0.45,0.48972724175170435,0.47665460317460323,0.4766546031746033
6046,0.79,0.6517096427402193,0.7112609740259737,0.7112609740259735
19161,0.36,0.4288221527481046,0.4119475000000003,0.4119475000000003
11500,0.04,-0.033658798494562936,0.006300000000000003,0.006300000000000003
6695,0.55,0.5788656008357602,0.6315165079365077,0.6315165079365076
19117,0.04,0.09119406966806787,0.06650083333333334,0.06650083333333334
6776,0.63,0.6107843310876655,0.5870499999999982,0.5870499999999982
22449,0.29,0.25377670206405606,0.27249339285714264,0.2724933928571427
6273,0.24,0.20886511191300008,0.20534749999999996,0.2053475
18242,0.33,0.31972521015304345,0.2978008333333331,0.29780083333333307
10996,0.64,0.6361111984700267,0.6086015530303035,0.6086015530303035
19938,0.72,0.6903737512342424,0.66808857142857,0.6680885714285703
1920,0.21,0.28877669515513404,0.31133649059273993,0.31133649059273993
20240,0.35,0.41668882327962464,0.4446573881673884,0.4446573881673884
6340,0.51,0.5278316138651963,0.5042000000000001,0.5042000000000001
14018,0.54,0.5796414395221353,0.527205238095238,0.527205238095238
22092,0.85,0.7045779994290616,0.7078196428571433,0.7078196428571434
18207,0.39,0.3218376481832384,0.33550119047619076,0.33550119047619076
21231,0.5,0.591280598372855,0.5493477380952385,0.5493477380952385
12507,0.39,0.4154188139754892,0.425965654761905,0.4259656547619051
5572,0.04,0.07466128113720966,0.06153571428571427,0.06153571428571427
19893,0.13,0.13354327216543554,0.14862952380952393,0.14862952380952393
10399,0.27,0.36022654098421986,0.3613890079365082,0.3613890079365082
4246,0.41,0.47328276899875377,0.4343364880952385,0.43433648809523845
14487,0.56,0.5466506762904139,0.6152013095238089,0.6152013095238089
6801,0.2,0.2611259114703458,0.2698804166666663,0.2698804166666663
10098,0.23,0.16979514857912426,0.1295695833333334,0.1295695833333334
22002,0.1,0.03937961997751688,0.09201130952380947,0.09201130952380947
7564,0.46,0.39231727875832834,0.37589488095238033,0.37589488095238033
14541,0.4,0.3698996666929365,0.3736460119047617,0.3736460119047617
15628,0.44,0.4589543340326967,0.37085428571428536,0.37085428571428536
6113,0.81,0.6899200756434242,0.6739908333333331,0.6739908333333331
5565,0.4,0.40056651362223106,0.4034999801587303,0.4034999801587302
16052,0.18,0.23168857881824456,0.23475613095238101,0.234756130952381
20829,0.67,0.7243422063724463,0.6955949999999999,0.6955949999999999
14084,0.7,0.7392126327072291,0.7592630952380953,0.7592630952380953
19971,0.38,0.4481353857910825,0.46104456349206374,0.4610445634920637
11916,0.33,0.30425095265408875,0.32295666666666767,0.32295666666666767
22110,0.44,0.5649430207095557,0.4941652326839824,0.4941652326839824
5975,0.39,0.391047269454193,0.35569249999999963,0.3556924999999995
7540,0.5,0.4539695359557759,0.44271583333333475,0.44271583333333475
18177,0.44,0.3703938373106968,0.3629515873015878,0.3629515873015878
6565,0.72,0.6601173831784124,0.6815995833333344,0.6815995833333344
4878,0.84,0.7541927195884236,0.8011452380952393,0.8011452380952394
5795,0.16,0.20654119561057319,0.2170621428571426,0.2170621428571426
20243,0.38,0.3250285715688227,0.3095328571428574,0.30953285714285733
11621,0.85,0.8885243368921503,0.8978749999999996,0.8978749999999998
693,0.63,0.5819728324770489,0.6313399999999995,0.6313399999999995
22739,0.67,0.6794306162213903,0.6671963492063497,0.6671963492063497
6927,0.47,0.49095675602889755,0.4787275000000005,0.47872750000000047
1381,0.35,0.2817091538174591,0.2581246428571429,0.2581246428571429
18616,0.37,0.3462166693570213,0.37085053571428594,0.3708505357142859
6468,0.21,0.23005320970119866,0.21015583333333346,0.21015583333333343
1553,0.44,0.4593601888725493,0.45374465909091005,0.45374465909091005
10223,0.51,0.6105026630190505,0.527154604978355,0.527154604978355
6162,0.38,0.3218376481832384,0.33550119047619076,0.33550119047619076
12089,0.47,0.42175461141042964,0.39932642857142875,0.39932642857142864
2558,0.59,0.6307205455532533,0.5936558333333316,0.5936558333333316
14395,0.37,0.4833663735809351,0.45591666666666675,0.4559166666666667
13832,0.51,0.5241674984622511,0.5391216666666678,0.5391216666666678
3077,0.38,0.3280041397863869,0.29727392857142854,0.29727392857142854
18853,0.27,0.21429625985671563,0.24096249999999994,0.2409624999999999
7904,0.55,0.5838908939396231,0.5779644338702232,0.5779644338702232
10449,0.76,0.7402701394622191,0.7164849999999992,0.716484999999999
11015,0.63,0.600759347513951,0.6275541666666659,0.6275541666666659
3496,0.32,0.3710823844960778,0.3486116396103887,0.3486116396103886
4645,0.65,0.6666907538983271,0.7487750000000005,0.7487750000000005
3789,0.31,0.31817353278029314,0.32813583333333346,0.32813583333333346
18693,0.87,0.7409586866476001,0.6837024999999989,0.6837024999999987
12525,0.18,0.23197024688685944,0.26515416666666697,0.26515416666666697
16531,0.73,0.7049182885061434,0.7215999999999998,0.7215999999999998
7492,0.84,0.8637828085243315,0.9570999999999994,0.9570999999999994
20874,0.11,0.1347249656916633,0.14562714285714268,0.1456271428571427
13353,0.31,0.3545542199988316,0.37939555555555565,0.3793955555555556
14234,0.67,0.7045779994290616,0.7078196428571433,0.7078196428571434
3505,0.82,0.6531335335850332,0.6188036904761901,0.6188036904761901
20641,0.54,0.576947539373186,0.6210577380952383,0.6210577380952383
17818,0.73,0.7696669770873782,0.772493313492064,0.772493313492064
11385,0.41,0.35638396568349817,0.40067351648351635,0.40067351648351623
9730,0.27,0.28877669515513404,0.31133649059273993,0.31133649059273993
783,0.57,0.5994893382098155,0.6105012193362208,0.6105012193362208
3097,0.37,0.290522749095505,0.2431674999999996,0.24316749999999956
1969,0.43,0.47250693031237867,0.4645558333333328,0.4645558333333328
12052,0.51,0.5757658458469582,0.573457638888888,0.573457638888888
20035,0.18,0.26468681870245264,0.25659583333333336,0.2565958333333334
14146,0.69,0.6984987993269073,0.668477738095238,0.668477738095238
2207,0.66,0.6067548558718097,0.5800130952380945,0.5800130952380944
18255,0.54,0.6067143608448676,0.5888519047619047,0.5888519047619046
13951,0.25,0.31110599144261825,0.2963390097402604,0.2963390097402604
7787,0.85,0.8216461085761092,0.8290550000000007,0.8290550000000007
18790,0.2,0.18616943153569182,0.16203333333333308,0.16203333333333308
1294,0.32,0.40056651362223106,0.4034999801587303,0.4034999801587302
22477,0.57,0.5636730114054204,0.6095473214285715,0.6095473214285715
18734,0.26,0.2043414660793841,0.2148044642857144,0.2148044642857144
8225,0.59,0.5324464280955946,0.5260782142857147,0.5260782142857147
18773,0.33,0.315355445860106,0.3194083966033968,0.3194083966033968
20833,0.75,0.7630063148664694,0.7757499999999992,0.7757499999999992
4001,0.66,0.639705124076589,0.5633397619047628,0.5633397619047628
7938,0.4,0.46670939827883917,0.45768509226884224,0.45768509226884224
22302,0.17,0.17726854475665182,0.16510861291486287,0.16510861291486287
8627,0.38,0.4058698750380103,0.42853722222222346,0.42853722222222346
10993,0.66,0.6089545854029987,0.6072000000000007,0.6072000000000007
14564,0.38,0.3932173042159413,0.3852040476190468,0.3852040476190468
4245,0.18,0.19972665184898575,0.20456571428571416,0.2045657142857142
12830,0.24,0.2591673549808295,0.2794205952380953,0.2794205952380953
4724,0.45,0.4195143868522984,0.39178962301587283,0.39178962301587283
16318,0.48,0.5111746385631004,0.5540716666666677,0.5540716666666677
14740,0.22,0.18489942223155642,0.2291304635642132,0.2291304635642132
11993,0.25,0.19931617297552118,0.18735750000000068,0.18735750000000068
14148,0.28,0.21981572357833878,0.23104482142857097,0.23104482142857097
7615,0.49,0.49251231029743603,0.469076666666667,0.469076666666667
4322,0.05,0.06192141881414642,0.053816666666666624,0.053816666666666624
10067,0.2,0.21625481634623198,0.2350732142857144,0.2350732142857144
8874,0.54,0.6477428806682598,0.5495500000000003,0.5495500000000003
14969,0.54,0.5669927455958544,0.5703430952380955,0.5703430952380955
15924,0.16,0.21674898696399225,0.22879916666666655,0.22879916666666655
1986,0.04,0.08907803188117436,0.07403071428571434,0.07403071428571434
12219,0.31,0.32446883518829145,0.3058960714285715,0.3058960714285715
11834,0.35,0.3021214129192825,0.3003977182539686,0.3003977182539686
6652,0.52,0.5715163914294704,0.5063991666666667,0.5063991666666666
4769,0.28,0.20037367973051112,0.2584572619047618,0.25845726190476187
8006,0.5,0.3857808033086574,0.3393171338383832,0.33931713383838313
8904,0.73,0.7188408686323478,0.7582452380952386,0.7582452380952387
10310,0.09,0.09862697081865324,0.11087999999999987,0.11087999999999987
2054,0.27,0.2523123161923,0.2791279365079364,0.2791279365079364
7198,0.38,0.31923103953528315,0.32365999999999917,0.32365999999999917
244,0.78,0.7995579853302976,0.7164416666666666,0.7164416666666665
17201,0.44,0.3500517680052563,0.31842503968253977,0.31842503968253977
12834,0.5,0.44388593137359467,0.4114824639249639,0.4114824639249639
16973,0.61,0.6718402337734277,0.6897133333333335,0.6897133333333336
13462,0.41,0.3536531702643052,0.37098416666666695,0.3709841666666669
2398,0.74,0.7651358546012756,0.7613849206349199,0.7613849206349199
16026,0.44,0.3405028290677774,0.33498071428571463,0.33498071428571463
20677,0.79,0.6961748830244804,0.760333333333334,0.7603333333333339
6186,0.8,0.7240605383038314,0.7139870833333327,0.7139870833333327
20700,0.71,0.6576359855786085,0.6751983333333342,0.6751983333333343
10080,0.69,0.7058480087331971,0.6469016666666669,0.6469016666666669
20478,0.47,0.41672931830656673,0.41627343073593087,0.4162734307359308
14117,0.39,0.43110557402358934,0.3893750000000006,0.3893750000000006
22367,0.67,0.6021832383587649,0.5715007088744586,0.5715007088744586
21788,0.79,0.7620360996124735,0.7807265476190475,0.7807265476190475
12750,0.62,0.5412600233736404,0.5782645238095226,0.5782645238095226
21357,0.27,0.3057153385258448,0.28183565476190453,0.28183565476190453
17389,0.51,0.6140635702511573,0.5318206746031754,0.5318206746031754
3673,0.53,0.6050088019314388,0.5667910714285712,0.5667910714285711
5346,0.65,0.6725755774328608,0.6838814285714291,0.683881428571429
21896,0.85,0.8451176276397926,0.9456499999999992,0.9456499999999992
4573,0.5,0.4588660182547891,0.46529738636363577,0.46529738636363577
2132,0.67,0.5892308734865563,0.5524683333333341,0.5524683333333341
1606,0.8,0.8211114429314068,0.8319875000000008,0.8319875000000008
22231,0.25,0.20233223622002755,0.192666666666667,0.192666666666667
18045,0.31,0.39746675863342906,0.3701722742535243,0.3701722742535243
2185,0.72,0.7201810677328662,0.7195500000000002,0.7195500000000002
4961,0.63,0.6148394089375324,0.6470307142857149,0.6470307142857149
14191,0.61,0.555269895000839,0.5902603564491063,0.5902603564491063
1923,0.52,0.5158299478204408,0.46447416666666763,0.4644741666666675
12627,0.39,0.3880678243408406,0.3799608333333337,0.3799608333333337
16428,0.68,0.6265622595325478,0.5608439285714286,0.5608439285714285
18733,0.3,0.3503047655813438,0.3126408333333325,0.3126408333333325
20942,0.46,0.5400773055704993,0.5448960948773447,0.5448960948773446
17823,0.7,0.6589346653752712,0.6814541666666668,0.6814541666666666
13966,0.76,0.6903737512342424,0.66808857142857,0.6680885714285703
2546,0.44,0.476946884401699,0.49877026875901875,0.49877026875901875
17002,0.29,0.34339110578434745,0.34895767857142906,0.34895767857142906
22127,0.7,0.6485187193546349,0.6412483333333324,0.6412483333333324
11065,0.29,0.309554314069868,0.2788233333333328,0.27882333333333276
17613,0.44,0.46739794546422014,0.4710125793650796,0.4710125793650796
16138,0.52,0.5641671820231806,0.5912065927128419,0.5912065927128419
9321,0.56,0.6465601628651185,0.6371277380952383,0.6371277380952384
5145,0.16,0.19188327182493575,0.1979983333333331,0.1979983333333331
20103,0.52,0.5324464280955946,0.5260782142857147,0.5260782142857147
18902,0.45,0.4291875125610151,0.4304311605061604,0.4304311605061604
3592,0.53,0.5134148631212315,0.5029362500000002,0.5029362500000003
4593,0.48,0.556858467643833,0.5527328968253972,0.5527328968253972
21666,0.14,0.09438499305365211,0.11316250000000004,0.11316250000000004
2063,0.34,0.31110599144261825,0.2963390097402604,0.2963390097402604
16863,0.36,0.3748337914000171,0.37476482142857037,0.37476482142857037
2928,0.3,0.2801574764447089,0.2570721428571432,0.2570721428571432
3997,0.52,0.5325706148668323,0.4954025198412703,0.49540251984127026
2583,0.44,0.42735776687634847,0.4144804166666677,0.4144804166666677
475,0.5,0.5269269643739715,0.5453619047619049,0.5453619047619049
3767,0.72,0.7615419289947134,0.7754975000000003,0.7754975000000003
5473,0.79,0.7238661617362107,0.7595141666666673,0.7595141666666673
12894,0.7,0.6799247868391506,0.6875283333333327,0.6875283333333327
6883,0.74,0.7637821535528446,0.7667900000000003,0.7667900000000003
6887,0.39,0.4887570264977085,0.4477168253968253,0.4477168253968253
18994,0.56,0.6074901995312427,0.5789158333333313,0.5789158333333313
14600,0.05,0.0216687376771294,0.0480791666666667,0.048079166666666694
19664,0.44,0.4386527597541983,0.43125809523809516,0.43125809523809516
18402,0.37,0.3616909268559759,0.3340457142857149,0.33404571428571495
17051,0.51,0.5038254291568105,0.5329583333333336,0.5329583333333336
638,0.44,0.3992965043180957,0.406047023809524,0.40604702380952395
16093,0.33,0.2742357576399315,0.259825,0.259825
17152,0.17,0.11584728225797891,0.11284916666666657,0.11284916666666658
3918,0.23,0.1566853024095386,0.18377321428571436,0.1837732142857144
11750,0.4,0.4611945585908279,0.40997000000000094,0.40997000000000094
2440,0.32,0.28877669515513404,0.31133649059273993,0.31133649059273993
527,0.66,0.6074901995312427,0.5789158333333313,0.5789158333333313
20616,0.56,0.5780933619060835,0.5918654761904761,0.5918654761904761
12547,0.28,0.2890583632237489,0.2606778571428571,0.2606778571428571
5702,0.51,0.599083483369963,0.6510573484848505,0.6510573484848504
8673,0.18,0.21470673873018023,0.2004666666666667,0.20046666666666674
19278,0.2,0.2940836563276118,0.3062017857142857,0.3062017857142857
19679,0.51,0.4598543594903096,0.39661976190476234,0.39661976190476234
14053,0.32,0.35867098671568143,0.35523249999999995,0.35523249999999995
8859,0.42,0.4590785208039345,0.49283351190476166,0.49283351190476166
2945,0.43,0.509904629258965,0.4968199999999999,0.4968199999999999
7958,0.65,0.5699683138134186,0.5676519029581526,0.5676519029581527
22584,0.41,0.42686359625858816,0.4467198701298699,0.4467198701298699
14077,0.67,0.6723630748837155,0.6687827777777788,0.668782777777779
4388,0.41,0.36276295983579215,0.35304283730158753,0.35304283730158753
11535,0.15,0.21516041432099836,0.1899874999999999,0.18998749999999986
10879,0.42,0.364790681844778,0.39638904761904764,0.3963890476190477
15243,0.03,-0.0514164772690025,0.008428333333333338,0.008428333333333338
5331,0.45,0.3485405856594481,0.329701349206349,0.32970134920634897
11266,0.36,0.3951353656785155,0.37402708333333345,0.37402708333333345
13723,0.45,0.4468614995911589,0.4521346428571421,0.45213464285714217
11684,0.44,0.4908694645279035,0.4735124999999997,0.4735124999999997
16328,0.24,0.20589314345213436,0.21488166666666633,0.21488166666666633
20024,0.61,0.5400773055704993,0.5448960948773447,0.5448960948773446
14459,0.73,0.7035240924307702,0.7206649999999989,0.7206649999999989
2403,0.33,0.41668882327962464,0.4446573881673884,0.4446573881673884
15317,0.59,0.5339108139673506,0.5954865476190481,0.5954865476190481
20649,0.22,0.25966152559858974,0.24793099206349203,0.24793099206349203
10330,0.74,0.8142564041428773,0.8326163095238092,0.8326163095238089
19022,0.42,0.39669091994705397,0.43578920634920576,0.43578920634920576
2874,0.53,0.6242308665776343,0.6084208333333325,0.6084208333333325
10327,0.4,0.4301172327880688,0.44921696428571417,0.44921696428571406
2371,0.21,0.178201864740404,0.19174500000000003,0.19174500000000003
5880,0.37,0.38043694686593593,0.363071507936508,0.363071507936508
9336,0.3,0.33588801483737907,0.3366216666666666,0.3366216666666665
1008,0.18,0.17196518334087252,0.15714583333333337,0.15714583333333337
13730,0.48,0.4000723430044708,0.4343524603174604,0.4343524603174604
6160,0.44,0.36757575039050966,0.32897750000000053,0.32897750000000053
15172,0.3,0.26701073500487954,0.26281045995671,0.26281045995671
19499,0.22,0.19690108827631198,0.173369166666667,0.17336916666666696
16452,0.73,0.7812986592856113,0.796667500000001,0.7966675000000011
19256,0.49,0.468414957192268,0.42544333333333434,0.4254433333333344
15563,0.38,0.3421797174886789,0.33870388888888875,0.33870388888888875
104,0.39,0.402678951652426,0.3835264682539679,0.3835264682539679
1729,0.39,0.4529406996933133,0.47918523809523783,0.47918523809523783
5656,0.47,0.39011754922713926,0.37656051587301564,0.37656051587301564
10913,0.02,0.05379637072148158,0.04736805555555553,0.04736805555555553
15338,0.72,0.6741272548056111,0.6427303334165835,0.6427303334165835
6813,0.61,0.49378231960157143,0.4188183333333337,0.4188183333333337
20406,0.36,0.30493949983946966,0.33904809523809526,0.33904809523809526
21030,0.44,0.46070038797306767,0.4001699999999999,0.4001699999999999
3631,0.65,0.6449247937480727,0.6185600595238099,0.6185600595238099
14868,0.49,0.4588660182547891,0.46529738636363577,0.46529738636363577
12118,0.42,0.3855864267410366,0.38801154609279637,0.38801154609279637
12859,0.13,0.12087257536184182,0.13920000000000005,0.13920000000000005
2278,0.4,0.4357608832809297,0.41994940476190457,0.41994940476190457
20231,0.26,0.2506364520483119,0.25292749999999975,0.25292749999999975
22478,0.49,0.540890039527118,0.5320262499999996,0.5320262499999996
16393,0.83,0.8158449767858711,0.8504116666666672,0.8504116666666671
18537,0.25,0.2998811883611514,0.28619666666666627,0.28619666666666627
2726,0.9,0.8196002605855988,0.8559895833333332,0.8559895833333332
15282,0.51,0.5486092327799302,0.5718360074647569,0.5718360074647569
7477,0.4,0.443802239629299,0.4485392460317456,0.4485392460317456
19126,0.36,0.3816888301885466,0.3812972619047622,0.3812972619047622
11853,0.12,0.18356384716465013,0.16046805555555527,0.1604680555555553
20368,0.26,0.20682286367918803,0.17871249999999958,0.1787124999999996
15313,0.45,0.48209636427679975,0.475803727938728,0.475803727938728
15630,0.11,0.17154120251949523,0.20510499999999976,0.2051049999999998
9011,0.69,0.6875961593409974,0.6735008333333319,0.6735008333333319
1348,0.37,0.34416694447072255,0.40619583333333253,0.40619583333333253
18136,0.27,0.30382697183271146,0.27412500000000034,0.27412500000000034
14751,0.53,0.55595844218622,0.5796475475912977,0.5796475475912977
17349,0.49,0.4654393889747037,0.47056916666666637,0.47056916666666637
22142,0.34,0.3864324552237947,0.3583001190476189,0.3583001190476189
21257,0.48,0.5406083714585032,0.5329958333333326,0.5329958333333326
12437,0.54,0.6089545854029987,0.6072000000000007,0.6072000000000007
21658,0.02,0.052331984849725455,0.04101999999999986,0.04101999999999986
12551,0.61,0.5874848195461854,0.5451852976190488,0.5451852976190488
19368,0.39,0.39166562684319106,0.39782155665413044,0.39782155665413044
3275,0.19,0.24468143871739528,0.26241628066378136,0.2624162806637813
14686,0.3,0.3427025585989665,0.3562633333333329,0.3562633333333329
6910,0.44,0.5649430207095557,0.4941652326839824,0.4941652326839824
18335,0.78,0.7118435170910559,0.7539807142857144,0.7539807142857142
22539,0.55,0.4893213869118517,0.5189623809523808,0.5189623809523808
5131,0.24,0.26940484110368934,0.24156999999999987,0.24156999999999987
5501,0.49,0.47145302331408717,0.4018295238095238,0.4018295238095238
286,0.33,0.31584961647786636,0.3509504166666666,0.35095041666666665
3580,0.86,0.7632879829350843,0.7765624999999987,0.7765624999999987
5872,0.5,0.4975706217757544,0.48249391774891853,0.48249391774891853
17536,0.43,0.41321908444430017,0.4502696626984132,0.4502696626984132
16037,0.16,0.21315506135743,0.19817500000000013,0.19817500000000013
20347,0.93,0.8381337780464131,0.8504999999999991,0.8504999999999991
5232,0.64,0.6155279561229134,0.5741044606782105,0.5741044606782104
14825,0.64,0.5626191044071288,0.5725318488455988,0.5725318488455988
5845,0.53,0.5664985749780942,0.6409691666666685,0.6409691666666685
3870,0.41,0.4484170538596973,0.44835130952381,0.44835130952381
15773,0.23,0.14582945889768062,0.12732916666666663,0.12732916666666663
11822,0.2,0.14660529758405577,0.12977583333333306,0.12977583333333306
347,0.21,0.246668665699439,0.2599849999999995,0.2599849999999995
17146,0.55,0.5869906489284251,0.5770614682539681,0.5770614682539681
8606,0.55,0.5002645219247037,0.48368416666666647,0.4836841666666665
9217,0.65,0.6450084854923682,0.6305433333333321,0.6305433333333321
2814,0.83,0.7299453618383651,0.7232583333333348,0.7232583333333349
20439,0.27,0.19931617297552118,0.18735750000000068,0.18735750000000068
18760,0.48,0.49496503740471265,0.5257921428571425,0.5257921428571425
20463,0.12,0.19323697287336672,0.1381583333333332,0.13815833333333316
6871,0.38,0.45269952665164054,0.43406347222222225,0.43406347222222225
2802,0.23,0.30636339068428364,0.2679005555555549,0.2679005555555549
14664,0.62,0.6126396794063433,0.6428682142857126,0.6428682142857126
9935,0.23,0.3548358880674464,0.3771483333333336,0.37714833333333353
8548,0.35,0.47744105501945927,0.39983690476190487,0.39983690476190487
20939,0.9,0.7152469430257855,0.7126924404761901,0.7126924404761901
13590,0.52,0.5247272348427823,0.5040859523809522,0.5040859523809522
13483,0.51,0.5789060958627024,0.5719410714285706,0.5719410714285706
10133,0.09,0.10377645069375396,0.10616527777777789,0.1061652777777779
17300,0.5,0.516324118438201,0.51743503968254,0.51743503968254
19123,0.44,0.4686274597414134,0.4920947817460318,0.4920947817460317
9166,0.48,0.5196182499946237,0.5180920833333335,0.5180920833333335
9875,0.14,0.12976986238418342,0.10969059523809513,0.10969059523809514
17338,0.85,0.8370798710481218,0.8592347619047616,0.8592347619047616
17205,0.32,0.27407827634255444,0.2934161507936506,0.2934161507936506
5070,0.43,0.5383717466570704,0.5661849404761896,0.5661849404761896
10824,0.46,0.45877872675379494,0.46888809523809477,0.46888809523809477
9062,0.72,0.6698816772839115,0.6689500000000009,0.6689500000000009
16019,0.43,0.3746432917281846,0.38087238095238085,0.38087238095238085
4237,0.52,0.4736527528452763,0.4728217857142857,0.47282178571428574
14420,0.14,0.21364923197519026,0.2199239285714285,0.2199239285714285
5846,0.73,0.7336094772413103,0.7301110714285705,0.7301110714285705
11955,0.44,0.37774304671698655,0.37140899069884376,0.37140899069884376
4508,0.07,0.06849478953406113,0.0616240079365079,0.0616240079365079
16251,0.56,0.5141871020509082,0.5178142857142854,0.5178142857142854
21040,0.32,0.3583893186470666,0.31499999999999934,0.31499999999999934
20891,0.43,0.39231727875832834,0.37589488095238033,0.37589488095238033
22704,0.42,0.3353533491926767,0.30915041666666665,0.3091504166666666
709,0.53,0.5788656008357602,0.6315165079365077,0.6315165079365076
5118,0.09,0.03909795190890192,0.0455136904761904,0.045513690476190395
16982,0.64,0.6305917347484036,0.6166375000000011,0.6166375000000011
8023,0.47,0.44388593137359467,0.4114824639249639,0.4114824639249639
15246,0.27,0.18449356739170386,0.20995666666666632,0.20995666666666638
11146,0.69,0.6898795806164821,0.6877483333333343,0.6877483333333343
11817,0.6,0.5103987998767252,0.5331684848484849,0.5331684848484849
14245,0.37,0.37185822318245293,0.3228870238095236,0.3228870238095236
8844,0.52,0.5458748376040388,0.5665159722222218,0.5665159722222218
7754,0.45,0.4504593020935093,0.4340925000000004,0.4340925000000004
19905,0.41,0.4554845951973722,0.450645182178932,0.450645182178932
19304,0.58,0.6373812077741621,0.6007733333333333,0.6007733333333333
461,0.2,0.23752660587872623,0.23453559523809506,0.23453559523809506
8721,0.74,0.7674672475561892,0.7385275000000003,0.7385275000000004
4433,0.33,0.43114606905053143,0.39608,0.39608000000000004
7493,0.24,0.2593798575299749,0.257960670995671,0.25796067099567094
15875,0.47,0.45421070899744864,0.49795023809523786,0.49795023809523786
15834,0.49,0.537101737352935,0.5396810317460318,0.5396810317460318
11858,0.96,0.8730500793931955,0.8417600000000013,0.8417600000000012
9750,0.57,0.5341924820359655,0.48260749999999875,0.4826074999999987
6159,0.48,0.4879811878113334,0.47392583333333316,0.47392583333333316
12311,0.0,-0.0637909797791551,0.0,0.0
15197,0.0,-0.06525536565091111,0.0,0.0
20752,0.58,0.6226827889615826,0.5840316666666666,0.5840316666666666
9225,0.35,0.33498798937976615,0.3251558333333332,0.3251558333333332
4394,0.48,0.5010442375068671,0.48506249999999923,0.48506249999999923
18310,0.61,0.476946884401699,0.49877026875901875,0.49877026875901875
8909,0.12,0.046447161315191776,0.05832916666666667,0.05832916666666667
19536,0.62,0.6949453687472871,0.6558216666666665,0.6558216666666665
14128,0.47,0.4534753653380157,0.43240351190476195,0.43240351190476195
20207,0.49,0.3941875194699371,0.45150097222222135,0.45150097222222135
2595,0.2,0.2220154531095279,0.1978841666666669,0.19788416666666683
12117,0.39,0.42029022553867357,0.3561521861471864,0.3561521861471864
12076,0.66,0.6577051510980779,0.6699641666666665,0.6699641666666665
13819,0.45,0.41640715521100974,0.35893785714285725,0.35893785714285725
2978,0.33,0.31371260009057345,0.30697523809523797,0.30697523809523797
665,0.12,0.08907803188117436,0.07403071428571434,0.07403071428571434
19405,0.63,0.6292561596814972,0.569309583333332,0.569309583333332
17810,0.66,0.7338911453099252,0.6802449999999999,0.680245
13726,0.46,0.4874870171935731,0.4811516666666658,0.4811516666666658
1684,0.4,0.33789724469673565,0.327986174242424,0.3279861742424241
9270,0.25,0.18257550592912958,0.21136499999999994,0.21136499999999994
21197,0.32,0.3132184294728132,0.2852025,0.2852025
580,0.64,0.5946215264033298,0.6345200000000002,0.6345200000000003
6096,0.2,0.19188327182493575,0.1979983333333331,0.1979983333333331
15335,0.25,0.21556626916085103,0.22199761904761897,0.22199761904761897
1533,0.19,0.1860821400346977,0.17710416666666629,0.17710416666666626
7549,0.41,0.3711696759970719,0.3377425685425687,0.3377425685425687
16242,0.56,0.5791472689043751,0.5532986201298702,0.5532986201298702
20063,0.3,0.28142748574884424,0.2603077344877346,0.26030773448773464
21193,0.37,0.38636226542741176,0.3558820238095241,0.3558820238095241
3366,0.74,0.7058480087331971,0.6469016666666669,0.6469016666666669
2126,0.8,0.7863239523894743,0.7452999999999994,0.7452999999999994
846,0.32,0.25153647750592484,0.2720659340659347,0.2720659340659347
5264,0.43,0.4811261490228039,0.5056376190476191,0.5056376190476191
20352,0.34,0.4226141418411004,0.41278440476190426,0.41278440476190426
9335,0.73,0.6214127796574471,0.5818094642857139,0.581809464285714
17044,0.54,0.5938456877169547,0.6289264285714288,0.6289264285714288
18955,0.38,0.4534348703110736,0.4439648106060603,0.4439648106060603
19481,0.66,0.6960875915234863,0.6700172619047626,0.6700172619047626
13843,0.87,0.890072414508202,0.9406833333333318,0.9406833333333318
1866,0.9,0.8722742407068205,0.8865500000000017,0.8865500000000017
11784,0.45,0.4655681997795535,0.4225191666666673,0.4225191666666673
3960,0.56,0.6667780453993213,0.6260507900432905,0.6260507900432905
1276,0.72,0.6586529973066564,0.6556984686147185,0.6556984686147185
15303,0.82,0.815350806168111,0.8746500000000015,0.8746500000000015
9670,0.44,0.4255024185576705,0.3969716666666669,0.3969716666666669
13887,0.0,-0.06023007254704821,0.0,0.0
18725,0.64,0.555269895000839,0.5902603564491063,0.5902603564491063
13779,0.37,0.39158193509889533,0.42668946428571525,0.42668946428571525
9019,0.56,0.53371643739973,0.5419458333333335,0.5419458333333335
11951,0.25,0.23026468797343058,0.24053309523809488,0.24053309523809485
9250,0.72,0.6900920831656275,0.6764154166666673,0.6764154166666672
15842,0.2,0.20731703429694834,0.20064333333333326,0.20064333333333326
18474,0.58,0.6089545854029987,0.6072000000000007,0.6072000000000007
19855,0.84,0.7793401027960949,0.7146196626984123,0.7146196626984122
13387,0.53,0.5411061418329619,0.5110016666666676,0.5110016666666676
19065,0.47,0.5181538641228676,0.4512952380952374,0.4512952380952374
15051,0.45,0.48912701034423095,0.5150075396825398,0.5150075396825399
4871,0.39,0.3052211679080846,0.26867249999999987,0.2686724999999998
5263,0.28,0.31486127524234575,0.2902333333333328,0.2902333333333328
22267,0.35,0.4282874871034022,0.4011539880952379,0.4011539880952379
4780,0.55,0.6023776149263856,0.6531449801587307,0.6531449801587307
21580,1.0,0.9055466720071568,0.9641934523809518,0.9641934523809518
4422,0.46,0.5034554453102881,0.49331786179506765,0.49331786179506765
22442,0.47,0.5355461830843966,0.5121066666666675,0.5121066666666675
11570,0.28,0.20037367973051112,0.2584572619047618,0.25845726190476187
10629,0.4,0.34242089053035163,0.372104383116883,0.3721043831168831
17273,0.62,0.5596435361895646,0.6138634523809536,0.6138634523809536
21297,0.12,0.10414643454027639,0.0920149999999999,0.09201499999999992
3578,0.48,0.42183830315472526,0.4587822442834942,0.4587822442834941
9015,0.5,0.44311009268721957,0.4618474603174603,0.4618474603174603
10532,0.13,0.17950876931478305,0.19113083333333333,0.19113083333333333
1658,0.37,0.3638204665907821,0.3382882954545456,0.3382882954545457
19575,0.32,0.39215979746095125,0.40536045634920626,0.4053604563492063
10891,0.74,0.7045779994290616,0.7078196428571433,0.7078196428571434
12578,0.82,0.7874651508887598,0.818329404761906,0.818329404761906
767,0.25,0.3122887092457595,0.3290177380952381,0.3290177380952381
15143,0.37,0.4892511971154687,0.44689750000000017,0.44689750000000017
19915,0.52,0.6152462880542986,0.627631403318903,0.627631403318903
20014,0.26,0.3206549303800971,0.25739119047619063,0.25739119047619063
18543,0.34,0.3343363374646289,0.38783873376623385,0.3878387337662339
1972,0.74,0.7507191038573109,0.7705783333333333,0.7705783333333333
15426,0.48,0.3997906749358559,0.3901998809523809,0.3901998809523809
14016,0.48,0.46082457474430544,0.43053517857142865,0.43053517857142865
18922,0.53,0.6009132290546295,0.657441686507937,0.657441686507937
1511,0.45,0.42280851840872113,0.45036166666666594,0.45036166666666594
17294,0.51,0.566125738512697,0.5985066666666663,0.5985066666666663
20084,0.67,0.7141674333934827,0.737833095238095,0.7378330952380949
3039,0.7,0.6748994937352877,0.7059916666666649,0.705991666666665
8505,0.32,0.25271919530906606,0.21027285714285707,0.21027285714285707
17642,0.4,0.4504593020935093,0.4340925000000004,0.4340925000000004
13812,0.53,0.4869272808130419,0.4918303571428572,0.4918303571428572
1770,0.92,0.8536080355453679,0.884099999999999,0.884099999999999
376,0.56,0.5862148102420499,0.5821544642857145,0.5821544642857146
2922,0.48,0.4958947576317664,0.5114900000000007,0.5114900000000007
5818,0.05,-0.012189032637749453,0.03425833333333325,0.03425833333333325
22630,0.51,0.5221216504717405,0.49775125000000014,0.49775125000000014
18357,0.63,0.6939751534932913,0.7159996428571428,0.7159996428571428
6547,0.35,0.3480645410232126,0.33241833333333237,0.33241833333333237
8143,0.6,0.5785002410228497,0.5949059722222223,0.5949059722222223
3187,0.38,0.2735841057247942,0.24027388708513686,0.24027388708513686
6140,0.31,0.26084424340173096,0.24103742063492006,0.24103742063492004
18835,0.1,0.052331984849725455,0.04101999999999986,0.04101999999999986
11090,0.34,0.44608566090478374,0.4773068650793649,0.4773068650793649
10607,0.33,0.38565661653741956,0.3734574999999994,0.37345749999999944
6868,0.42,0.42804631406172944,0.4116135714285717,0.41161357142857163
19523,0.36,0.43625505389869,0.48857702380952284,0.48857702380952284
8923,0.37,0.3189493714666683,0.2690900000000003,0.2690900000000002
3259,0.56,0.6064326927762527,0.6345457142857135,0.6345457142857134
10262,0.4,0.3389547514517256,0.3504347222222213,0.3504347222222213
10094,0.76,0.7661060698552714,0.777830000000001,0.777830000000001
5585,0.72,0.64039367126197,0.623410773809523,0.623410773809523
14440,0.58,0.6089545854029987,0.6072000000000007,0.6072000000000007
20193,0.43,0.364468518749221,0.3373530158730151,0.3373530158730151
10424,0.67,0.6465601628651185,0.6371277380952383,0.6371277380952384
11321,0.54,0.5649430207095557,0.4941652326839824,0.4941652326839824
4626,0.44,0.4859389395775214,0.458456904761906,0.458456904761906
1201,0.23,0.2978314634748527,0.2992101569264066,0.29921015692640657
16624,0.2,0.3173140023496224,0.3155988095238094,0.3155988095238094
18318,0.35,0.3712398657934548,0.35463130952381,0.35463130952381
12062,0.54,0.5393014668841241,0.5411110119047613,0.5411110119047612
3875,0.75,0.704494307684766,0.6370857142857144,0.6370857142857144
2793,0.54,0.5618432657207537,0.5345048015873018,0.5345048015873018
18202,0.56,0.5649430207095557,0.4941652326839824,0.4941652326839824
21269,0.1,0.180244112974216,0.22084999999999946,0.22084999999999946
18234,0.04,-0.043207737432041815,0.0013,0.0013
19326,0.37,0.43731256065367996,0.38813333333333333,0.38813333333333333
1545,0.66,0.6370112239276396,0.6542122023809508,0.6542122023809508
17571,0.25,0.3037567820363285,0.28559640512265516,0.28559640512265516
18395,0.3,0.2844030539664084,0.26113642857142866,0.26113642857142866
12337,0.18,0.15026941298700097,0.14967416666666677,0.14967416666666677
12286,0.49,0.5103104840988176,0.46700749999999935,0.46700749999999935
689,0.75,0.702748253744395,0.7574532936507933,0.7574532936507933
6804,0.57,0.518805516038005,0.5446919841269835,0.5446919841269835
15837,0.58,0.6581588266888961,0.6504589285714286,0.6504589285714287
7110,0.85,0.7771403732649058,0.7893272619047618,0.7893272619047619
1492,0.72,0.7695094957900013,0.7329291666666657,0.7329291666666657
5127,0.48,0.5196182499946237,0.5180920833333335,0.5180920833333335
4948,0.39,0.3923577737852705,0.37834607142857235,0.37834607142857235
17092,0.62,0.6513037879003666,0.640046845238095,0.640046845238095
6295,0.31,0.27321874591188366,0.25184988095238064,0.25184988095238064
11047,0.57,0.6288861758349747,0.6332178860028863,0.6332178860028863
2323,0.39,0.3711696759970719,0.3377425685425687,0.3377425685425687
2585,0.31,0.4281336055627236,0.4029033333333328,0.4029033333333328
22087,0.31,0.28877669515513404,0.31133649059273993,0.31133649059273993
10343,0.15,0.2593798575299749,0.257960670995671,0.25796067099567094
12393,0.22,0.1926186154843687,0.15789999999999982,0.15789999999999982
17671,0.58,0.5613490951029935,0.5934361309523808,0.5934361309523809
3152,0.43,0.4382422808807337,0.4617033333333333,0.4617033333333333
1495,0.32,0.3997906749358559,0.3901998809523809,0.3901998809523809
223,0.47,0.45151680884849926,0.43620571428571375,0.43620571428571375
6109,0.45,0.5089749090319112,0.4862307792207792,0.4862307792207792
13138,0.49,0.5165184950058217,0.5014528174603176,0.5014528174603176
9054,0.26,0.2823977010028401,0.27860749999999945,0.27860749999999945
7396,0.15,0.14496245181452322,0.16842666666666695,0.16842666666666695
11276,0.45,0.35520124788035695,0.3865310119047615,0.3865310119047614
15424,0.36,0.3846864012834237,0.36082857142857094,0.360828571428571
19820,0.55,0.5633913433368055,0.5263700000000009,0.526370000000001
7537,0.53,0.5486965242809243,0.5720116666666661,0.5720116666666661
6396,0.47,0.4575304431878827,0.4198458333333328,0.4198458333333328
17564,0.4,0.3884747034576067,0.37072113095238096,0.37072113095238096
20640,0.84,0.7286714756384416,0.7631312500000001,0.7631312500000001
2369,0.97,0.9128958814134465,0.9949172023809523,0.9949172023809523
4053,0.66,0.6054443515407322,0.6180418452380949,0.6180418452380949
20251,0.83,0.744340109705017,0.8217166666666674,0.8217166666666672
21733,0.44,0.4881386691087105,0.5342220238095238,0.5342220238095238
21915,0.66,0.7440584416364022,0.7822316666666663,0.7822316666666663
19467,0.29,0.2727245752941234,0.25171928571428576,0.25171928571428576
19484,0.48,0.39313001271494713,0.3502130465367968,0.3502130465367968
10715,0.59,0.5907459327281527,0.5965347619047621,0.5965347619047621
22179,0.38,0.43771943977044614,0.370533333333334,0.370533333333334
12934,0.75,0.6726997642040986,0.707010833333333,0.707010833333333
9436,0.67,0.6164279815805264,0.5989749999999998,0.5989749999999998
3958,0.21,0.22282818706614668,0.19156273809523822,0.19156273809523822
8413,0.34,0.413435186750144,0.40240083333333393,0.40240083333333404
9982,0.62,0.612793560947022,0.6548983333333334,0.6548983333333334
3372,0.17,0.18511192478070188,0.18829369047619046,0.18829369047619046
7088,0.32,0.3343363374646289,0.38783873376623385,0.3878387337662339
16495,0.5,0.4770341759026931,0.5134598809523818,0.5134598809523818
14953,0.76,0.7129155500708719,0.7662808333333317,0.7662808333333317
9328,0.43,0.36729408232189475,0.3739372408147408,0.3739372408147408
16869,0.47,0.49667059631814153,0.5128007142857143,0.5128007142857144
7520,0.54,0.4989945126205684,0.5148466666666663,0.5148466666666663
12632,0.38,0.40987427951803723,0.3932050000000006,0.3932050000000006
11127,0.68,0.6941290350339698,0.6960500000000012,0.6960500000000011
15265,0.37,0.3410671894819206,0.35045916666666693,0.35045916666666693
22418,0.39,0.4206971046554397,0.39782166666666696,0.39782166666666696
2985,0.83,0.8768383815673786,0.8749625000000014,0.8749625000000014
20356,0.36,0.32776296674471417,0.31854875000000005,0.31854875000000005
19403,0.14,0.12350016261019642,0.1645998809523813,0.1645998809523813
9820,0.03,-0.008785606703019755,0.01721214285714283,0.01721214285714283
21752,0.55,0.5762600164647185,0.5395576641414153,0.5395576641414153
9915,0.47,0.4337186350471177,0.4237361507936497,0.4237361507936497
7334,0.38,0.45265903162469845,0.4536758495670995,0.4536758495670995
17887,0.39,0.40806960456919944,0.4081723214285716,0.4081723214285716
16449,0.43,0.43625505389869,0.48857702380952284,0.48857702380952284
8543,0.31,0.42147294334181473,0.386498273809524,0.3864982738095241
5468,0.57,0.5373142399020804,0.5465880952380958,0.5465880952380958
13764,0.58,0.5519906558373471,0.5712158333333331,0.5712158333333331
17957,0.64,0.6181335404939552,0.5975688293650792,0.5975688293650793
20913,1.0,0.8482173826285945,0.9009500000000004,0.9009500000000004
2381,0.44,0.46634403846592865,0.4262303571428573,0.4262303571428573
17443,0.52,0.5150541091340657,0.53250505952381,0.53250505952381
10334,0.47,0.466622106777845,0.4680613095238098,0.4680613095238098
5881,0.57,0.5218179795258129,0.5223338293650794,0.5223338293650793
5810,0.36,0.3583893186470666,0.31499999999999934,0.31499999999999934
12711,0.47,0.4226141418411004,0.41278440476190426,0.41278440476190426
16346,0.17,0.26468681870245264,0.25659583333333336,0.2565958333333334
15657,0.32,0.40832260214528693,0.3873065079365081,0.3873065079365081
16631,0.19,0.27126018942236735,0.31007749999999923,0.3100774999999993
5141,0.75,0.8180447063170603,0.8594817857142857,0.8594817857142857
18723,0.56,0.6378572524103977,0.6188470238095244,0.6188470238095244
6473,0.4,0.3690401362622658,0.33909916666666695,0.33909916666666695
14575,0.64,0.6553737581431643,0.6458666666666653,0.6458666666666655
17839,0.31,0.290522749095505,0.2431674999999996,0.24316749999999956
7910,0.28,0.22744660105324346,0.23482063852813834,0.23482063852813834
2995,0.38,0.43750693722130074,0.4202598809523809,0.4202598809523809
7399,0.61,0.5412600233736404,0.5782645238095226,0.5782645238095226
13018,0.19,0.20658169063751533,0.21559000000000014,0.21559000000000014
22147,0.33,0.333366122210633,0.32931666666666765,0.32931666666666765
17026,0.48,0.5181538641228676,0.4512952380952374,0.4512952380952374
7702,0.63,0.6095324477650548,0.5507689880952367,0.5507689880952367
654,0.48,0.46789211608198034,0.4670857936507938,0.4670857936507938
20720,0.56,0.630804237297549,0.6311590079365085,0.6311590079365085
1037,0.48,0.4283279821303443,0.46071833333333423,0.4607183333333343
3129,0.58,0.6581588266888961,0.6504589285714286,0.6504589285714287
5401,0.39,0.40806960456919944,0.4081723214285716,0.4081723214285716
18298,0.4,0.4887570264977085,0.4477168253968253,0.4477168253968253
2089,0.05,-0.004221465842461636,0.028472499999999932,0.028472499999999932
2212,0.52,0.5784119252449421,0.6152976190476193,0.6152976190476191
18540,0.74,0.6647321974088108,0.6508149999999988,0.6508149999999988
10750,0.58,0.6531335335850332,0.6188036904761901,0.6188036904761901
11386,0.48,0.509169285599532,0.4804899999999989,0.48048999999999886
15717,0.23,0.23606222000697014,0.21233672619047606,0.2123367261904761
2385,0.68,0.5489745925928408,0.5443358333333344,0.5443358333333344
18764,0.83,0.7548110769774216,0.7468309523809517,0.7468309523809518
14815,0.04,0.052331984849725455,0.04101999999999986,0.04101999999999986
5100,0.55,0.5677685842822295,0.5877131547619051,0.5877131547619051
8790,0.59,0.5645776608966452,0.5605716666666666,0.5605716666666666
8157,0.4,0.45086978096697394,0.34073815476190505,0.3407381547619051
6085,0.47,0.5596435361895646,0.6138634523809536,0.6138634523809536
13094,0.56,0.6178518724253403,0.6458799999999988,0.6458799999999988
7140,0.48,0.4978117948174271,0.46881000000000145,0.46881000000000145
14891,0.33,0.2639109800160775,0.2750438203463202,0.2750438203463202
5714,0.33,0.4097500927467994,0.3934666666666665,0.3934666666666664
5464,0.25,0.28035545276902807,0.2722757142857144,0.27227571428571445
18604,0.7,0.639705124076589,0.5633397619047628,0.5633397619047628
6217,0.37,0.4344944737334928,0.419001865079365,0.41900186507936504
15695,0.54,0.5202663021530626,0.49745499999999987,0.49745499999999987
11566,0.62,0.5947503372081795,0.5821845238095229,0.5821845238095229
16712,0.8,0.777704733679049,0.8232016666666673,0.8232016666666673
6041,0.39,0.30493949983946966,0.33904809523809526,0.33904809523809526
5184,0.18,0.15571508715554272,0.1336064835164836,0.1336064835164836
7095,0.33,0.3845980855055161,0.4123752615440111,0.4123752615440111
1171,0.66,0.5328522829354472,0.4701249999999992,0.4701249999999992
8937,0.73,0.6522038133579795,0.6163958333333335,0.6163958333333336
21684,0.85,0.7240605383038314,0.7139870833333327,0.7139870833333327
13030,0.93,0.8328342935264221,0.9062816666666669,0.9062816666666669
3469,0.25,0.23017739647243646,0.21231110209235207,0.21231110209235207
9986,0.48,0.3696179986243217,0.40316154761904777,0.4031615476190478
22389,0.81,0.6736330841878507,0.6668204761904768,0.6668204761904767
12606,0.48,0.4646635502883287,0.49140583333333304,0.49140583333333304
13842,0.52,0.6236530042155783,0.612737500000001,0.6127375000000009
15896,0.08,0.07437961306859475,0.10949692460317455,0.10949692460317452
6112,0.91,0.8517782898607013,0.8526000000000006,0.8526000000000005
20173,0.14,0.26750490562263973,0.2618681818181827,0.2618681818181827
5083,0.68,0.6953990443381053,0.6747263095238085,0.6747263095238085
18841,0.1,0.14998774491838612,0.16072166666666704,0.16072166666666704
8183,0.86,0.7152469430257855,0.7126924404761901,0.7126924404761901
10421,0.4,0.47597666914770315,0.5149520039682541,0.5149520039682541
14241,0.36,0.280933315131084,0.28579392857142866,0.28579392857142866
7206,0.66,0.5826613796624298,0.611999999999999,0.611999999999999
3470,0.57,0.5796414395221353,0.527205238095238,0.527205238095238
15681,0.8,0.7286714756384416,0.7631312500000001,0.7631312500000001
22114,0.41,0.43285162796396026,0.3709050595238093,0.3709050595238093
2103,0.64,0.6575071747737589,0.6641150000000006,0.6641150000000008
4835,0.23,0.32552274218658295,0.2990719047619045,0.29907190476190443
20375,0.53,0.5132168867969124,0.5213470833333339,0.5213470833333339
11791,0.58,0.5113690151307211,0.5342866666666657,0.5342866666666657
1165,0.31,0.40713988434214576,0.4114185119047616,0.4114185119047617
21496,0.42,0.46082457474430544,0.43053517857142865,0.43053517857142865
14098,0.12,0.09862697081865324,0.11087999999999987,0.11087999999999987
12113,0.62,0.6226827889615826,0.5840316666666666,0.5840316666666666
15812,0.58,0.49753012674881225,0.5031595833333333,0.5031595833333333
20675,0.39,0.4437617446023569,0.44260773809523785,0.44260773809523785
5715,0.27,0.22964633058443254,0.21263035714285705,0.2126303571428571
19861,0.34,0.4210624644683502,0.42762583333333304,0.42762583333333304
8962,0.6,0.5700925005846564,0.5250244047619036,0.5250244047619035
1954,0.1,0.08392855200607363,0.0872416666666666,0.0872416666666666
12431,0.15,0.16837125773431022,0.1650491666666667,0.1650491666666667
14972,0.51,0.6417548489628877,0.6727585912698412,0.6727585912698412
14543,0.59,0.6105026630190505,0.527154604978355,0.527154604978355
1380,0.39,0.4534348703110736,0.4439648106060603,0.4439648106060603
12952,0.61,0.6439950735210189,0.6209666666666664,0.6209666666666664
20153,0.65,0.6681136204662276,0.6493257142857145,0.6493257142857144
17,0.59,0.5699683138134186,0.5676519029581526,0.5676519029581527
6621,0.21,0.1553783978351595,0.14885083333333332,0.14885083333333332
3603,0.33,0.3335236035080101,0.35345999999999966,0.35345999999999966
8238,0.25,0.26623489631850444,0.30109042388167373,0.3010904238816738
18102,0.58,0.5134985548655272,0.5331495238095252,0.5331495238095252
21616,0.43,0.4257840866262853,0.3940075,0.3940075
15479,0.39,0.4605429066756906,0.4210673809523808,0.42106738095238083
21984,0.61,0.6060627089297302,0.6162017460317466,0.6162017460317465
5535,0.75,0.750437435788696,0.7819108333333346,0.7819108333333343
10841,0.65,0.6819525088481364,0.6548553571428571,0.6548553571428571
15004,0.13,0.19246113418699168,0.1549198214285712,0.1549198214285712
3962,0.56,0.6344056395565979,0.5825470634920644,0.5825470634920644
15744,0.25,0.17020100341897687,0.21239966269841262,0.21239966269841262
9648,0.61,0.6221886183438222,0.6348402849927847,0.6348402849927846
4669,0.22,0.2591673549808295,0.2794205952380953,0.2794205952380953
18475,0.5,0.42431970075452924,0.3963611904761908,0.3963611904761908
10618,0.55,0.5339108139673506,0.5954865476190481,0.5954865476190481
7988,0.14,0.17776271537441207,0.195941666666667,0.195941666666667
11279,0.47,0.4299633512473902,0.4632426785714287,0.4632426785714287
6622,0.34,0.3331536196614876,0.30382733225108194,0.30382733225108194
3483,0.31,0.3685640916260302,0.3661316666666671,0.3661316666666671
7842,0.73,0.6491040583691775,0.6405695238095247,0.6405695238095247
5134,0.14,0.10597618022494304,0.11279166666666664,0.11279166666666664
4257,0.25,0.2951375633259033,0.26789333333333326,0.26789333333333326
20642,0.0,-0.07085852111683005,0.0003666666666666666,0.0003666666666666666
21245,0.35,0.29244081055807924,0.23982500000000048,0.23982500000000048
14779,0.5,0.4520811692626425,0.4337236507936511,0.43372365079365105
8886,0.06,0.05028973661591346,0.08017916666666658,0.08017916666666655
12279,0.35,0.33867308338311075,0.349513095238095,0.34951309523809504
2775,0.5,0.44156201507116777,0.3981684884559884,0.3981684884559883
11824,0.17,0.21528460109223616,0.20325446428571423,0.20325446428571423
1031,0.62,0.6090382771472944,0.6052694336219334,0.6052694336219333
19670,0.48,0.4602062173553074,0.44956249999999903,0.44956249999999903
12966,0.25,0.3864324552237947,0.3583001190476189,0.3583001190476189
6957,0.34,0.31767936216253295,0.3132020039682538,0.3132020039682538
10733,0.56,0.5000740222528712,0.46330380952380906,0.46330380952380906
9603,0.97,0.829730661641832,0.7904741666666675,0.7904741666666675
16479,0.53,0.49145092664665785,0.49148250000000027,0.4914825000000003
12191,0.69,0.6743216313732318,0.6850333333333343,0.6850333333333343
9292,0.37,0.36397434813146073,0.38502482142857175,0.38502482142857175
19231,0.08,0.020611230922139456,0.0655238095238094,0.0655238095238094
11802,0.42,0.49067508796028275,0.49110400793650805,0.4911040079365081
19888,0.32,0.3122887092457595,0.3290177380952381,0.3290177380952381
21601,0.33,0.2853732692204043,0.23472553571428537,0.23472553571428537
12800,0.47,0.4226141418411004,0.41278440476190426,0.41278440476190426
11979,0.46,0.5077048997277759,0.5246499999999991,0.5246499999999992
334,0.3,0.3845980855055161,0.4123752615440111,0.4123752615440111
11537,0.52,0.490591396215987,0.48159319444444376,0.48159319444444376
21170,0.53,0.5939744985218043,0.5840867857142853,0.5840867857142853
3541,0.78,0.8092311110390144,0.7772222817460316,0.7772222817460316
1441,0.56,0.47377693961651407,0.4419752813852816,0.4419752813852816
7622,0.11,0.11615095320390662,0.16285166666666723,0.16285166666666723
5446,0.24,0.27500799656960817,0.25407166666666653,0.25407166666666653
14063,0.63,0.6098141158336696,0.6124251984126985,0.6124251984126985
11876,0.79,0.6756753324216628,0.6417694642857137,0.6417694642857137
16660,0.56,0.5113690151307211,0.5342866666666657,0.5342866666666657
12858,0.43,0.473158582227516,0.5360607142857144,0.5360607142857144
16239,0.61,0.6748994937352877,0.7059916666666649,0.705991666666665
15048,0.4,0.34744618363421453,0.38914702380952365,0.38914702380952365
7068,0.51,0.4711713552454723,0.4608283333333329,0.46082833333333295
16275,1.0,0.8734559342330481,0.9517658333333326,0.9517658333333326
10069,0.39,0.38431641743690126,0.3710474080086578,0.3710474080086578
8248,0.56,0.5851609032437585,0.5396334920634924,0.5396334920634925
904,0.69,0.6457843241787433,0.6581215241702746,0.6581215241702746
8173,0.67,0.5544940563144639,0.6059186847874352,0.605918684787435
11430,0.19,0.1209562671061375,0.1393113690476186,0.1393113690476186
8042,0.42,0.35511755613606133,0.38675583333333313,0.38675583333333313
6064,0.42,0.44891122447745757,0.45815734126984076,0.45815734126984076
10218,0.39,0.3754191304145597,0.40028162698412717,0.40028162698412717
14848,0.38,0.40121456578066994,0.45125587301587283,0.45125587301587283
17385,0.58,0.5640834902788849,0.5618568398268411,0.5618568398268411
9196,0.47,0.5642076770501228,0.609638333333333,0.609638333333333
3743,0.07,0.11287171404041474,0.1211335714285715,0.12113357142857151
5124,0.23,0.2043414660793841,0.2148044642857144,0.2148044642857144
4005,0.74,0.7109974886082977,0.7059083333333337,0.7059083333333337
1662,0.74,0.6870328232037677,0.715414285714286,0.715414285714286
16833,0.16,0.1186323508037106,0.13738583333333346,0.13738583333333346
13062,0.4,0.389623378609379,0.4598135515873008,0.4598135515873008
2714,0.21,0.26961734365283474,0.2387875,0.2387875
16224,0.33,0.4378067312714402,0.4310570238095239,0.4310570238095239
2769,0.09,0.013543689584464502,0.057476309523809416,0.057476309523809416
9762,0.36,0.4299633512473902,0.4632426785714287,0.4632426785714287
2813,0.12,0.19380133328750998,0.1932700000000003,0.1932700000000003
15829,0.26,0.24670916072638113,0.2730975595238093,0.2730975595238093
8288,0.66,0.6807006255255257,0.6318353210678213,0.6318353210678213
20773,0.77,0.7748164569624789,0.8206873809523819,0.8206873809523819
19384,0.51,0.5288855208634877,0.5342174603174612,0.5342174603174613
9752,0.28,0.3493164243458233,0.32646619047619096,0.32646619047619096
15217,0.29,0.22242130794938056,0.23242916666666616,0.23242916666666616
17679,0.32,0.3424613855572938,0.3537750000000002,0.3537750000000001
3510,0.32,0.2793852375150322,0.2562789357864358,0.2562789357864357
4417,0.73,0.7109101971073035,0.7099491666666665,0.7099491666666664
3409,0.4,0.3206549303800971,0.25739119047619063,0.25739119047619063
5876,0.24,0.30192703635166185,0.30095714285714203,0.30095714285714203
14762,0.73,0.7174466725569747,0.6986774999999991,0.6986774999999991
3028,0.5,0.45192368796526544,0.4444350000000001,0.444435
7083,0.36,0.29563173394366354,0.3335270115995118,0.3335270115995118
7021,0.54,0.5038254291568105,0.5329583333333336,0.5329583333333336
14941,0.41,0.4229841256876229,0.3885958333333335,0.38859583333333353
17355,0.63,0.6384351147724536,0.6211829996392499,0.6211829996392499
20803,0.42,0.44522613047411297,0.35202333333333485,0.35202333333333485
10149,0.62,0.5114932019019588,0.5131587590187587,0.5131587590187587
661,0.34,0.3037567820363285,0.28559640512265516,0.28559640512265516
55,0.39,0.4828722029631748,0.48246535714285715,0.48246535714285715
19030,0.6,0.7058480087331971,0.6469016666666669,0.6469016666666669
12705,0.01,-0.05113480920038754,0.02430999999999997,0.024309999999999974
5238,0.8,0.7679614181739495,0.8010354761904762,0.801035476190476
9624,0.54,0.5241674984622511,0.5391216666666678,0.5391216666666678
15248,0.31,0.3168198317318621,0.3154091666666673,0.3154091666666673
12043,0.73,0.6816708407795216,0.6880442857142849,0.6880442857142849
21868,0.69,0.5960859122750859,0.6227650000000005,0.6227650000000005
16623,0.88,0.7919089818738683,0.8536464285714284,0.8536464285714283
3264,0.36,0.47957807140675207,0.4243663492063494,0.4243663492063494
17301,0.48,0.43849527845682124,0.3576638690476204,0.3576638690476204
5973,0.81,0.7260658912673998,0.753481666666667,0.753481666666667
9355,0.24,0.25377670206405606,0.27249339285714264,0.2724933928571427
2587,0.58,0.6194947181948729,0.5873966666666672,0.5873966666666672
10210,0.11,0.07690150569534088,0.08598499999999999,0.08598500000000002
21326,0.59,0.655959097157707,0.6655666666666665,0.6655666666666664
6923,0.45,0.4729174091858433,0.4360121428571421,0.4360121428571421
19634,0.19,0.20939977755770248,0.2038133333333333,0.2038133333333333
4849,0.84,0.7668819085416466,0.8316250000000003,0.8316250000000003
19188,0.19,0.2063873140698946,0.14394763888888884,0.1439476388888888
5033,0.32,0.2967775564765611,0.2532219047619047,0.25322190476190476
4356,0.29,0.25181814557453963,0.24970765373515377,0.24970765373515377
10740,0.52,0.5976595925251489,0.6165645238095245,0.6165645238095245
19878,0.29,0.31082432337400345,0.3525804166666663,0.35258041666666623
3327,0.27,0.26875678894525046,0.299699047619048,0.2996990476190479
12973,0.02,0.050008068547298556,0.06436666666666664,0.06436666666666664
11692,0.31,0.32629858087295804,0.2840416666666663,0.2840416666666663
20562,0.3,0.28722861753908224,0.2537656547619045,0.2537656547619045
5742,0.49,0.4588660182547891,0.46529738636363577,0.46529738636363577
10585,0.55,0.6082624384609193,0.6068770238095231,0.6068770238095231
2973,0.6,0.5869906489284251,0.5770614682539681,0.5770614682539681
5960,0.31,0.28056795531817347,0.23143972222222195,0.23143972222222192
14805,0.2,0.18229383786051473,0.19157011904761898,0.191570119047619
20462,0.21,0.3064506821852778,0.3121383333333328,0.3121383333333328
11201,0.7,0.6807006255255257,0.6318353210678213,0.6318353210678213
11005,0.44,0.4260877575722131,0.4821729166666664,0.4821729166666664
5254,0.14,0.0893596999497892,0.13495166666666703,0.13495166666666703
21843,0.4,0.2904822540685629,0.32828761904761883,0.3282876190476189
11444,0.41,0.4507409701621242,0.4289216666666677,0.4289216666666677
5257,0.06,0.10377645069375396,0.10616527777777789,0.1061652777777779
22411,0.49,0.3911714562254308,0.38544869047619046,0.38544869047619046
2669,0.54,0.5556757498406917,0.6026077380952382,0.602607738095238
15444,0.33,0.4291875125610151,0.4304311605061604,0.4304311605061604
20968,0.39,0.39378166463008446,0.39541999999999994,0.39541999999999994
8477,0.4,0.39994815623323304,0.41995059523809625,0.41995059523809614
1548,0.55,0.5641671820231806,0.5912065927128419,0.5912065927128419
18822,0.48,0.48565727150890653,0.46968646825396804,0.46968646825396804
17384,0.77,0.7495779053580253,0.7437605555555554,0.7437605555555554
7121,0.23,0.24533309063253264,0.21797333333333338,0.2179733333333334
21134,0.39,0.4783080621026167,0.4456401785714285,0.44564017857142846
10365,0.66,0.6384756097993958,0.6359167857142847,0.6359167857142847
17531,0.47,0.4260877575722131,0.4821729166666664,0.4821729166666664
21704,0.48,0.4631154726722769,0.43650458333333403,0.4365045833333341
1601,0.14,0.18709915176274555,0.25264250000000055,0.25264250000000055
1732,0.79,0.7775103571114284,0.790980000000001,0.790980000000001
21007,0.67,0.704494307684766,0.6370857142857144,0.6370857142857144
8308,0.39,0.4648796525941725,0.4222711904761902,0.4222711904761902
17759,0.32,0.3576539749876335,0.34366833333333324,0.34366833333333324
5039,0.59,0.6530498418407376,0.6640358333333354,0.6640358333333353
21566,0.65,0.590592051187474,0.6240559920634925,0.6240559920634925
10391,0.86,0.7772105630612888,0.8477341666666675,0.8477341666666676
4469,0.62,0.6150337855051532,0.6200912500000016,0.6200912500000016
15564,0.1,0.01528974352483542,0.0662041666666666,0.06620416666666662
17344,0.41,0.45421070899744864,0.49795023809523786,0.49795023809523786
18744,0.45,0.4767525078340783,0.48611136904761937,0.48611136904761937
1184,0.68,0.5979412605937638,0.5750305952380941,0.5750305952380941
10684,0.4,0.47328276899875377,0.4343364880952385,0.43433648809523845
11536,0.73,0.6633083065639968,0.7725234523809522,0.7725234523809523
12691,0.32,0.43694720084076943,0.3908683333333339,0.3908683333333339
282,0.98,0.9179211745173094,0.9950159126984137,0.9950159126984137
7470,0.41,0.40035503534999917,0.3508295238095232,0.35082952380952326
1102,0.51,0.5628134809747496,0.6427283333333322,0.6427283333333322
18337,0.35,0.42097877272405454,0.4417905952380955,0.4417905952380955
18700,0.58,0.5867089808598103,0.53123261904762,0.53123261904762
1841,0.47,0.48209636427679975,0.475803727938728,0.475803727938728
11728,0.6,0.6574234830294631,0.6318100000000008,0.6318100000000009
20762,0.52,0.4399191693016352,0.38680041666666687,0.38680041666666687
1927,0.76,0.7734552792615613,0.7474216666666668,0.7474216666666669
1384,0.25,0.318455200848908,0.2641355032467532,0.2641355032467532
21769,0.27,0.24186335179720816,0.22801799603174608,0.22801799603174608
14865,0.16,0.13317328831891312,0.16831146284271284,0.16831146284271284
6392,0.69,0.5224033185403555,0.4793966666666661,0.4793966666666661
21789,0.24,0.25451204572348907,0.2632384920634916,0.26323849206349165
715,0.56,0.47520083046132805,0.48550749999999954,0.48550749999999954
19303,0.66,0.6060627089297302,0.6162017460317466,0.6162017460317465
1024,0.14,0.23789658972524869,0.19611309523809517,0.19611309523809517
13024,0.28,0.3400086584500171,0.296121547619048,0.296121547619048
13044,0.49,0.4752413254882702,0.4591806150793652,0.45918061507936514
7332,0.65,0.6802064549077654,0.6623930952380962,0.6623930952380962
17435,0.25,0.25280648681006024,0.25312166666666674,0.25312166666666674
16430,0.63,0.6890200501858114,0.6727416666666673,0.6727416666666671
22085,0.27,0.27443013420755225,0.2576966666666664,0.25769666666666635
19515,0.31,0.2917522633726982,0.262553869047619,0.262553869047619
14650,0.64,0.5740382840562165,0.6089141666666658,0.6089141666666658
21737,0.29,0.39746675863342906,0.3701722742535243,0.3701722742535243
586,0.49,0.5024015383119965,0.4694969047619049,0.4694969047619049
12787,0.27,0.315355445860106,0.3194083966033968,0.3194083966033968
10816,0.6,0.6166691546221992,0.6069592261904763,0.6069592261904763
9274,0.42,0.4140832389085829,0.38426857142857107,0.38426857142857107
5812,0.07,0.12067459903752259,0.13535803571428556,0.13535803571428556
16880,0.09,0.07910123522653001,0.07581500000000008,0.07581500000000008
9506,0.79,0.7940385216086745,0.762873333333334,0.7628733333333337
5707,0.21,0.26940484110368934,0.24156999999999987,0.24156999999999987
14203,0.38,0.3703938373106968,0.3629515873015878,0.3629515873015878
17558,0.16,0.26332564100153494,0.2944525000000002,0.2944525000000001
9112,0.6,0.6697905088871291,0.6429199999999995,0.6429199999999993
451,0.22,0.2271649329846286,0.2084061507936508,0.20840615079365077
20419,0.6,0.5539998856967037,0.555908273809524,0.555908273809524
6681,0.92,0.9179211745173094,0.9950159126984137,0.9950159126984137
8745,0.3,0.31005208444432675,0.2976387499999994,0.2976387499999994
21003,0.2,0.19330716266974973,0.20614833333333316,0.20614833333333318
8777,0.43,0.39994815623323304,0.41995059523809625,0.41995059523809614
20846,0.41,0.38431641743690126,0.3710474080086578,0.3710474080086578
2049,0.54,0.5146812726686685,0.5327812500000003,0.5327812500000003
1819,0.23,0.2661512045742087,0.2587427380952374,0.2587427380952374
14524,0.81,0.7357390169761164,0.7589416666666672,0.7589416666666672
19709,0.43,0.39766113520104984,0.41671735930735987,0.4167173593073599
15531,0.43,0.42677242786180586,0.36028749999999954,0.36028749999999954
4608,0.03,0.010436457943175825,0.052052500000000015,0.0520525
19177,0.46,0.4129410161323837,0.40478321428571395,0.40478321428571395
5529,0.82,0.6766455476756585,0.7577933333333317,0.7577933333333317
14331,0.69,0.6844889276997087,0.6391522619047619,0.6391522619047618
21194,0.33,0.3483462090918274,0.3380120830558331,0.33801208305583313
7105,0.36,0.47601716417464524,0.4225013888888889,0.4225013888888889
11533,0.34,0.2902410810268901,0.2894046428571427,0.28940464285714274
9396,0.48,0.5328522829354472,0.4701249999999992,0.4701249999999992
1436,0.4,0.3593595339010624,0.37144583333333253,0.37144583333333253
19891,0.45,0.4371883738824422,0.4303320238095244,0.4303320238095244
17419,0.34,0.3761949691009348,0.35699273809523746,0.3569927380952375
5944,0.16,0.10377645069375396,0.10616527777777789,0.1061652777777779
5128,0.54,0.621536966428685,0.5948318452380953,0.5948318452380953
16493,0.38,0.3133057209738074,0.29654757936507903,0.296547579365079
4668,0.27,0.3776188599457488,0.30740833333333234,0.30740833333333234
13063,0.18,0.2271649329846286,0.2084061507936508,0.20840615079365077
3055,0.6,0.5252214054605425,0.4969815674603171,0.4969815674603171
14637,0.6,0.6171633252399593,0.6466836309523791,0.6466836309523791
18370,0.16,0.08319320834664068,0.14008035714285705,0.14008035714285705
1736,0.55,0.6609769136090832,0.6651799999999999,0.6651799999999998
21874,0.55,0.5329405987133549,0.5681178571428567,0.5681178571428567
21416,0.33,0.26623489631850444,0.30109042388167373,0.3010904238816738
9961,0.32,0.3951353656785155,0.37402708333333345,0.37402708333333345
5154,0.39,0.3353938442196188,0.3724570833333329,0.372457083333333
11139,0.57,0.5544940563144639,0.6059186847874352,0.605918684787435
5752,0.07,0.037055703675089924,0.03776083333333326,0.03776083333333326
938,0.88,0.8317547838941193,0.9442666666666659,0.9442666666666659
12153,0.46,0.4131353927000045,0.3908441666666663,0.3908441666666663
21161,0.67,0.6612585816776981,0.6994316666666669,0.699431666666667
16414,0.56,0.5185238479693901,0.5744982142857132,0.5744982142857132
17447,0.23,0.19224863163784622,0.21942023809523814,0.21942023809523814
10685,0.53,0.5912401033459129,0.5952913769563765,0.5952913769563765
18009,0.3,0.3533715021956903,0.3550326190476189,0.35503261904761885
17162,0.31,0.2765596739423584,0.2535540476190472,0.2535540476190472
17748,0.41,0.47858973017123163,0.43955496031746044,0.43955496031746044
11390,0.44,0.45192368796526544,0.4444350000000001,0.444435
9771,0.83,0.7321855863964963,0.7564450000000005,0.7564450000000004
10498,0.7,0.6536277042027935,0.6289145260295268,0.6289145260295268
15065,0.7,0.676169503039423,0.7095454761904763,0.7095454761904761
15190,0.08,0.08250466116125971,0.10824999999999972,0.10824999999999972
16580,0.65,0.5412600233736404,0.5782645238095226,0.5782645238095226
22382,0.15,0.23144740577657183,0.20324499999999998,0.20324500000000004
14755,0.78,0.7906570985512575,0.7867500000000001,0.78675
12099,0.53,0.6109968336368108,0.5445691666666664,0.5445691666666664
16283,0.31,0.43703089258506517,0.3912503968253967,0.3912503968253967
12432,0.28,0.2661512045742087,0.2587427380952374,0.2587427380952374
2791,0.47,0.5348108394249637,0.5029454058441557,0.5029454058441556
1044,0.32,0.42183830315472526,0.4587822442834942,0.4587822442834941
21336,0.19,0.12582407891262332,0.138885082001332,0.138885082001332
10910,0.43,0.46817378415059524,0.40388471500721507,0.40388471500721507
21451,0.22,0.27386577379340904,0.2571607738095242,0.2571607738095242
14726,0.54,0.6081787467166238,0.5790361309523822,0.5790361309523822
3805,0.57,0.5457209560633601,0.561571277056277,0.561571277056277
13670,0.45,0.41526493243481066,0.4079297226384729,0.4079297226384728
8270,0.55,0.527337443247436,0.5539577976190476,0.5539577976190476
14056,0.83,0.7174466725569747,0.6986774999999991,0.6986774999999991
4836,0.17,0.14276272228333414,0.159066666666667,0.15906666666666702
13538,0.03,0.007658866049930768,0.05967583333333341,0.05967583333333341
14407,0.11,0.08328049984763475,0.09604999999999977,0.09604999999999977
2404,0.16,0.13643052460509214,0.16420166666666677,0.16420166666666677
10198,0.65,0.612793560947022,0.6548983333333334,0.6548983333333334
16637,0.36,0.4281336055627236,0.4029033333333328,0.4029033333333328
2068,0.52,0.4980242973665725,0.5398345238095241,0.5398345238095241
7825,0.12,0.1635034459278244,0.18337833333333356,0.18337833333333353
13806,0.41,0.3633262959730219,0.4073515476190463,0.4073515476190463
10402,0.37,0.3578951480293063,0.33444778860028757,0.33444778860028757
3604,0.87,0.7828542135541499,0.7849708333333341,0.7849708333333341
12197,0.59,0.6376592760860785,0.5976525,0.5976525
18326,0.4,0.4473556702089191,0.3356790476190469,0.3356790476190469
13950,0.56,0.6067143608448676,0.5888519047619047,0.5888519047619046
5979,0.18,0.18709915176274555,0.25264250000000055,0.25264250000000055
15121,0.31,0.30996479294333257,0.3306365584415576,0.33063655844155754
6459,0.15,0.18375822373227085,0.21083999999999992,0.21083999999999997
21957,0.13,0.18461775416294157,0.20378706890331844,0.2037870689033185
2532,0.63,0.555112413703462,0.6059898809523816,0.6059898809523816
17756,0.38,0.333366122210633,0.32931666666666765,0.32931666666666765
4513,0.32,0.39166562684319106,0.39782155665413044,0.39782155665413044
13712,0.87,0.7770161864936681,0.7598943253968254,0.7598943253968254
21442,0.36,0.4240380326859144,0.42052708333333333,0.42052708333333333
21247,0.35,0.3403786422965396,0.32848500000000025,0.3284850000000003
18995,0.81,0.7463493395643734,0.8185249999999981,0.818524999999998
14791,0.5,0.48867333475341285,0.4615950000000006,0.4615950000000006
2025,0.22,0.26084424340173096,0.24103742063492006,0.24103742063492004
14404,0.56,0.6384351147724536,0.6211829996392499,0.6211829996392499
5868,0.53,0.4736527528452763,0.4728217857142857,0.47282178571428574
7780,0.26,0.2161306295749942,0.21895666666666685,0.21895666666666685
2534,0.41,0.3835441785072246,0.32512666666666684,0.32512666666666684
17187,0.64,0.702748253744395,0.7574532936507933,0.7574532936507933
8976,0.82,0.7027887487713372,0.6802868650793648,0.6802868650793648
2950,0.81,0.8211114429314068,0.8319875000000008,0.8319875000000008
2538,0.21,0.20821705975456123,0.1479526190476192,0.1479526190476192
1146,0.6,0.6031534536127607,0.5258647619047632,0.5258647619047632
17687,0.0,-0.07085852111683005,0.0003666666666666666,0.0003666666666666666
7712,0.54,0.6067143608448676,0.5888519047619047,0.5888519047619046
4958,0.51,0.5355461830843966,0.5121066666666675,0.5121066666666675
6514,0.54,0.4619667975205046,0.43907559523809536,0.43907559523809536
18052,0.88,0.7468435101821337,0.7728915079365088,0.7728915079365088
17480,0.58,0.5166057865068159,0.5262541666666669,0.5262541666666669
7253,0.35,0.36450901377616307,0.34718844516594527,0.34718844516594527
21082,0.41,0.4050103446073396,0.4205875000000004,0.4205875000000004
16901,0.59,0.4952062104463854,0.6155992857142845,0.6155992857142845
6363,0.61,0.6384351147724536,0.6211829996392499,0.6211829996392499
15214,0.08,0.07600148023772796,0.08638416666666685,0.08638416666666685
12878,0.35,0.40701569757090794,0.3618796282883783,0.3618796282883783
10211,0.52,0.5127227161791521,0.5846310714285717,0.5846310714285717
10267,0.63,0.5611952135623148,0.5690649999999993,0.5690649999999993
18037,0.37,0.3885619949586008,0.360738333333333,0.360738333333333
1151,0.8,0.8358098617439863,0.8476500000000009,0.8476500000000009
13016,0.1,0.09438499305365211,0.11316250000000004,0.11316250000000004
19559,0.58,0.623736695959874,0.6198031331168834,0.6198031331168834
15858,0.06,0.10552250463412494,0.14195000000000046,0.14195000000000046
9386,0.49,0.5228974891581157,0.552611024114774,0.5526110241147741
15790,0.29,0.28043914451332375,0.24901500000000037,0.24901500000000035
2574,0.24,0.21364923197519026,0.2199239285714285,0.2199239285714285
5469,0.52,0.44608566090478374,0.4773068650793649,0.4773068650793649
1307,0.16,0.10377645069375396,0.10616527777777789,0.1061652777777779
1502,0.66,0.669014670200754,0.6829274999999997,0.6829274999999997
17102,0.43,0.4740586076851289,0.3849666017316021,0.3849666017316021
1785,0.0,-0.06525536565091111,0.0,0.0
14695,0.65,0.5854425713123733,0.6223746031746036,0.6223746031746036
9632,0.63,0.6234550278912592,0.5985621428571433,0.5985621428571433
22674,0.65,0.5644488500917955,0.5435527777777776,0.5435527777777776
9149,0.13,0.05735727795358836,0.07956190476190454,0.07956190476190454
500,0.25,0.31216452247452176,0.3119813095238101,0.3119813095238101
14584,0.5,0.4491056010450783,0.4769250000000003,0.47692500000000027
10084,0.23,0.24050217409629046,0.2573613095238094,0.2573613095238094
10547,0.17,0.21218484610343416,0.22841583333333332,0.22841583333333332
12195,0.63,0.5618432657207537,0.5345048015873018,0.5345048015873018
14470,0.5,0.5198594230362965,0.4913749206349204,0.4913749206349204
16832,0.21,0.21315506135743,0.19817500000000013,0.19817500000000013
10322,0.33,0.4590785208039345,0.49283351190476166,0.49283351190476166
6507,0.5,0.5796414395221353,0.527205238095238,0.527205238095238
5428,0.58,0.5587765291064072,0.5903448809523812,0.5903448809523812
16578,0.35,0.4703735136817843,0.3846049999999991,0.3846049999999991
10286,0.75,0.6090382771472944,0.6052694336219334,0.6052694336219333
1073,0.15,0.22580375528371086,0.23717696428571414,0.23717696428571414
22212,0.51,0.5714326996851747,0.5414915259740257,0.5414915259740257
12269,0.35,0.34274305362590857,0.38145,0.38145
13089,0.4,0.33461800553324367,0.3245584523809525,0.32455845238095243
1401,0.6,0.6705663475735042,0.675409087301588,0.6754090873015879
8062,0.35,0.3383914153144959,0.33312208333333354,0.33312208333333354
17561,0.33,0.3116001620603785,0.27351892857142834,0.27351892857142834
3888,0.92,0.896562093483821,0.921858333333335,0.921858333333335
14620,0.59,0.6387167828410685,0.6131758333333335,0.6131758333333335
19884,0.51,0.4622484655891194,0.463107853535353,0.463107853535353
17256,0.2,0.26100172469910804,0.22958083333333376,0.22958083333333376
10844,0.33,0.4291875125610151,0.4304311605061604,0.4304311605061604
7586,0.42,0.42955749640753754,0.440904031385282,0.440904031385282
15677,0.54,0.5780060704050893,0.6269856746031729,0.6269856746031729
16081,0.43,0.34841639888821035,0.3676733333333335,0.3676733333333335
19672,0.54,0.5482023536631642,0.6243533333333331,0.6243533333333331
2464,0.61,0.5930698490305795,0.5965041666666656,0.5965041666666656
3535,0.36,0.4892511971154687,0.44689750000000017,0.44689750000000017
9462,0.16,0.1330491015476753,0.15457541666666663,0.15457541666666663
3471,0.67,0.6604827429913229,0.6072308333333332,0.607230833333333
15414,0.67,0.6181335404939552,0.5975688293650792,0.5975688293650793
2279,0.55,0.5484148562123096,0.5582992261904772,0.5582992261904772
18586,0.72,0.6087566090786796,0.5916846596459099,0.5916846596459099
287,0.44,0.4240380326859144,0.42052708333333333,0.42052708333333333
18116,0.32,0.4553934268005899,0.386022857142857,0.386022857142857
18811,0.52,0.5765416845333333,0.5547438492063494,0.5547438492063494
1210,0.0,-0.03598271479698978,0.020899999999999988,0.020899999999999988
12402,0.08,0.06849478953406113,0.0616240079365079,0.0616240079365079
16116,0.23,0.1921649398935506,0.21451166666666655,0.21451166666666657
18217,0.83,0.8064130241188272,0.7717416666666665,0.7717416666666665
15268,0.6,0.6539093722714082,0.7050658333333331,0.705065833333333
15647,0.02,0.04440491308137978,0.05267333333333317,0.05267333333333317
19465,0.32,0.3997906749358559,0.3901998809523809,0.3901998809523809
19507,0.84,0.8730500793931955,0.8417600000000013,0.8417600000000012
9469,0.27,0.33287195159287275,0.3261497240259738,0.3261497240259738
8953,0.29,0.25656177060978774,0.2534311038961042,0.2534311038961042
21735,0.47,0.45201097946625957,0.42484607683982695,0.42484607683982695
11579,0.71,0.6656322228664237,0.6924789285714299,0.6924789285714299
4909,0.77,0.8436532417680365,0.9069300000000001,0.9069300000000001
4201,0.51,0.562337436338514,0.5350309126984127,0.5350309126984127
15074,0.65,0.6960875915234863,0.6700172619047626,0.6700172619047626
9795,0.36,0.4059986858428601,0.4062909523809521,0.4062909523809522
13223,0.58,0.5383717466570704,0.5661849404761896,0.5661849404761896
16913,0.71,0.7393368194784669,0.7344066666666668,0.7344066666666668
19041,0.6,0.635181478242973,0.622291666666667,0.622291666666667
21363,0.47,0.5188424113082486,0.48285904761904724,0.48285904761904724
3245,0.71,0.702748253744395,0.7574532936507933,0.7574532936507933
16136,0.37,0.3723523938002131,0.36117940476190485,0.36117940476190474
18215,0.57,0.5913642901171507,0.5924744047619054,0.5924744047619054
20414,0.44,0.364790681844778,0.39638904761904764,0.3963890476190477
14630,0.61,0.6674665925847022,0.6705649999999995,0.6705649999999995
14145,0.46,0.4468614995911589,0.4521346428571421,0.45213464285714217
15629,0.05,0.10597618022494304,0.11279166666666664,0.11279166666666664
10783,0.64,0.6128340559739641,0.623941666666666,0.623941666666666
20914,0.75,0.7109974886082977,0.7059083333333337,0.7059083333333337
1822,0.71,0.6705663475735042,0.675409087301588,0.6754090873015879
5653,0.51,0.5846667326259982,0.6080745634920635,0.6080745634920635
12866,0.45,0.5180296773516299,0.5141641269841273,0.5141641269841272
12179,0.17,0.24446893616824988,0.2595302331002332,0.2595302331002332
21153,0.94,0.9264531017267403,0.9686504166666665,0.9686504166666665
18992,0.49,0.4647923610931784,0.46123000000000064,0.46123000000000064
4307,0.47,0.5172538386652548,0.5512183333333328,0.5512183333333328
7494,0.44,0.5340350007385885,0.5409961904761902,0.5409961904761902
4711,0.56,0.6645783158681322,0.7107083333333335,0.7107083333333335
1665,0.65,0.5643651583474998,0.5877133333333323,0.5877133333333323
9552,0.56,0.5768233526019482,0.5434458333333333,0.5434458333333334
14010,0.55,0.4686274597414134,0.4920947817460318,0.4920947817460317
9208,0.39,0.46082457474430544,0.43053517857142865,0.43053517857142865
16966,0.23,0.25181814557453963,0.24970765373515377,0.24970765373515377
22349,0.44,0.4806319784050436,0.4470326984126997,0.44703269841269966
11365,0.86,0.7873778593877658,0.7921333333333338,0.7921333333333338
5035,0.19,0.24418726809963506,0.29479845238095237,0.29479845238095237
18087,0.57,0.5402898081196447,0.5736601082251076,0.5736601082251076
22392,0.38,0.35638396568349817,0.40067351648351635,0.40067351648351623
196,0.44,0.43653672196730486,0.43189321414696397,0.43189321414696397
18219,0.52,0.5854425713123733,0.6223746031746036,0.6223746031746036
13054,0.53,0.5850736117427643,0.5844413888888887,0.5844413888888889
10155,0.25,0.29321664924445434,0.27316625000000044,0.27316625000000044
21530,0.34,0.3781130305635091,0.36706416666666664,0.36706416666666664
13803,0.43,0.41873854816592326,0.4056284523809529,0.40562845238095285
20334,0.12,0.15211728465319224,0.11865000000000009,0.1186500000000001
8885,0.7,0.6523981899256002,0.6405950000000012,0.6405950000000012
22088,0.21,0.2881988327930781,0.2825384523809528,0.2825384523809528
16711,0.48,0.5023979385552981,0.45501061868686904,0.45501061868686904
11510,0.28,0.2220154531095279,0.1978841666666669,0.19788416666666683
19120,0.4,0.43653672196730486,0.43189321414696397,0.43189321414696397
2388,0.6,0.584015080710861,0.6068438888888886,0.6068438888888886
14142,0.36,0.42500824793991027,0.44024999999999936,0.44024999999999936
2406,0.53,0.46931600692679437,0.4565427777777773,0.4565427777777773
19404,0.31,0.350180578810106,0.3286666666666658,0.32866666666666566
2077,0.64,0.619213050126258,0.5991315674603175,0.5991315674603175
817,0.54,0.5346866526537258,0.5623525595238098,0.5623525595238098
12822,0.4,0.41575910305257086,0.4155718452380943,0.4155718452380943
1976,0.23,0.2251152080983299,0.2043099999999999,0.20430999999999994
13941,0.67,0.5869906489284251,0.5770614682539681,0.5770614682539681
14197,0.67,0.68677982562768,0.6874000000000017,0.6874000000000017
677,0.47,0.5393419619110662,0.5592873809523811,0.5592873809523811
9163,0.43,0.3749249597967994,0.4064019841269841,0.4064019841269842
3465,0.59,0.5200719255854419,0.510788749999999,0.510788749999999
8257,0.5,0.42686359625858816,0.4467198701298699,0.4467198701298699
4605,0.55,0.5507387725147364,0.5667564592352088,0.5667564592352088
1641,0.59,0.59511569702109,0.6242183333333334,0.6242183333333334
7076,0.61,0.5479206855945493,0.5373320634920631,0.5373320634920631
17866,0.41,0.4743413000306573,0.49702277777777815,0.4970227777777781
12361,0.86,0.7189110584287308,0.7316474999999991,0.7316474999999991
3413,0.32,0.31740129385061655,0.30986107142857194,0.30986107142857194
3558,0.33,0.3799427762481757,0.37642583333333346,0.37642583333333346
485,0.63,0.5903103831188592,0.5825020634920627,0.5825020634920627
11870,0.59,0.513004384247767,0.43351756493506505,0.43351756493506516
592,0.43,0.47455277830288917,0.4155564285714284,0.4155564285714284
18736,0.75,0.6956807124067201,0.7210550000000007,0.7210550000000004
9385,0.18,0.20192638138017488,0.18440250000000036,0.18440250000000036
21502,0.8,0.7477435356397466,0.7883036904761903,0.7883036904761903
20709,0.51,0.4486295564088427,0.4447188762626268,0.4447188762626268
11917,0.4,0.34744618363421453,0.38914702380952365,0.38914702380952365
3971,0.2,0.2520306481236851,0.2555267857142856,0.25552678571428555
12664,0.35,0.3865566419950324,0.38029272727272734,0.38029272727272734
19335,0.42,0.3698159749486409,0.394691666666667,0.39469166666666694
18697,0.51,0.46131874536206574,0.4069992857142861,0.4069992857142861
2048,0.77,0.7267544384527808,0.7488172619047618,0.7488172619047618
14099,0.38,0.34416694447072255,0.40619583333333253,0.40619583333333253
6636,0.45,0.4356771915366341,0.41804083333333386,0.41804083333333386
8647,0.27,0.21450876240586103,0.20865720238095228,0.2086572023809522
8703,0.25,0.2757838352559833,0.279520833333334,0.279520833333334
13132,0.76,0.7558685837324116,0.8262441666666668,0.8262441666666668
9005,0.29,0.2218579718121508,0.19765648809523836,0.19765648809523836
9061,0.89,0.7775103571114284,0.790980000000001,0.790980000000001
13882,0.65,0.6059385221584925,0.5839761904761912,0.5839761904761912
17965,0.59,0.6214127796574471,0.5818094642857139,0.581809464285714
12115,0.4,0.41265934806376886,0.4219517857142867,0.4219517857142867
9662,0.59,0.537101737352935,0.5396810317460318,0.5396810317460318
3297,0.47,0.5452267854455999,0.5568391666666662,0.5568391666666662
10516,0.38,0.4453503172453508,0.42740442030192044,0.42740442030192044
6837,0.64,0.555269895000839,0.5902603564491063,0.5902603564491063
16672,0.61,0.5479206855945493,0.5373320634920631,0.5373320634920631
18635,0.24,0.18539359284931672,0.1813339285714285,0.1813339285714285
12620,0.07,0.04575861412981075,0.02937499999999991,0.029374999999999915
19678,0.11,0.05220779807848758,0.04318333333333328,0.04318333333333328
4990,0.58,0.5496667395349202,0.5873416666666647,0.5873416666666647
3530,0.3,0.3701121692420819,0.3714509126984123,0.3714509126984123
20923,0.56,0.6683666180423151,0.682461796536797,0.682461796536797
2123,0.85,0.7415770440365982,0.7569066666666662,0.7569066666666662
18957,0.51,0.5310225372507806,0.5676842857142852,0.5676842857142852
13835,0.62,0.6728572455014756,0.6940071428571433,0.6940071428571432
19389,0.23,0.31448843877694854,0.3434458333333336,0.3434458333333336
16412,0.55,0.6009132290546295,0.657441686507937,0.657441686507937
16940,0.48,0.3865566419950324,0.38029272727272734,0.38029272727272734
6912,0.29,0.31082432337400345,0.3525804166666663,0.35258041666666623
8174,0.53,0.5344886763294066,0.5201488293650801,0.5201488293650801
14274,0.78,0.6910622984196234,0.6917691666666663,0.6917691666666663
14393,0.8,0.6991873465122882,0.7301127579365079,0.7301127579365079
21283,0.06,0.10629834332050003,0.12026416666666664,0.12026416666666663
9037,0.36,0.327722471717772,0.31196714285714194,0.31196714285714194
16948,0.29,0.3474866786611567,0.37561666666666665,0.37561666666666665
9623,0.6,0.5943398583347148,0.566479027777778,0.5664790277777779
815,0.39,0.36072071160198016,0.3432366666666667,0.3432366666666667
17116,0.3,0.30927624575795165,0.2985370238095243,0.2985370238095243
7855,0.55,0.5339108139673506,0.5954865476190481,0.5954865476190481
19549,0.68,0.5943398583347148,0.566479027777778,0.5664790277777779
13580,0.69,0.7103791312192997,0.7148328571428577,0.7148328571428577
10943,0.45,0.4876995197427185,0.4327628571428584,0.4327628571428584
21389,0.67,0.6741272548056111,0.6427303334165835,0.6427303334165835
9141,0.57,0.620636940971072,0.6028007142857156,0.6028007142857156
8530,0.11,0.16750425065115282,0.16813333333333338,0.16813333333333338
7796,0.09,0.041297681440091105,0.054745833333333334,0.054745833333333334
6899,0.16,0.12879964713018754,0.13058666666666663,0.13058666666666663
6518,0.59,0.6279861503773618,0.6089116071428571,0.6089116071428571
13083,0.61,0.5341924820359655,0.48260749999999875,0.4826074999999987
9447,0.3,0.3834568870062305,0.4432654365079359,0.4432654365079359
15551,0.66,0.6148394089375324,0.6470307142857149,0.6470307142857149
18508,0.66,0.6375755843417827,0.6279534523809525,0.6279534523809525
6490,0.56,0.5925101126500483,0.5954109523809517,0.5954109523809517
731,0.47,0.47287691415890115,0.5082669444444452,0.5082669444444452
6976,0.51,0.509904629258965,0.4968199999999999,0.4968199999999999
17229,0.59,0.509904629258965,0.4968199999999999,0.4968199999999999
5144,0.22,0.2770538445601186,0.24873351190476234,0.24873351190476234
19925,0.3,0.3242527328824476,0.2873019047619042,0.28730190476190415
3016,0.49,0.4529406996933133,0.47918523809523783,0.47918523809523783
2509,0.67,0.6515854559689814,0.6334457738095236,0.6334457738095236
11911,0.41,0.4605429066756906,0.4210673809523808,0.42106738095238083
10240,0.75,0.7900090463928187,0.7418649999999991,0.741864999999999
22643,0.43,0.3680699210082699,0.3482317063492063,0.3482317063492063
8236,0.52,0.4612782503351236,0.5188858134920642,0.5188858134920642
4927,0.37,0.4043217974219586,0.42094951298701416,0.42094951298701416
20396,0.55,0.46580937282122625,0.45200728174603183,0.45200728174603183
17930,0.49,0.4525051500840198,0.41210089285714213,0.412100892857142
1435,0.4,0.3873324806814076,0.36822916666666705,0.36822916666666705
18732,0.63,0.5775118997873292,0.6109411904761903,0.6109411904761903
8714,0.39,0.46584986784816834,0.4784426190476191,0.4784426190476191
8898,0.43,0.4878570010400956,0.5128049999999991,0.5128049999999991
5186,0.22,0.19522419985541045,0.2185491666666662,0.21854916666666624
2735,0.72,0.6958932149558655,0.7196633333333331,0.7196633333333332
11195,0.33,0.3166254551642414,0.288188095238095,0.288188095238095
18662,0.75,0.71087330183706,0.7271429166666671,0.7271429166666671
6877,0.7,0.6661263934841839,0.637104166666666,0.6371041666666661
12238,0.0,-0.06525536565091111,0.0,0.0
16341,0.41,0.3911714562254308,0.38544869047619046,0.38544869047619046
9329,0.68,0.5666890746499267,0.609465833333333,0.609465833333333
9772,0.0,-0.07232290698858607,0.0003666666666666666,0.0003666666666666666
5482,0.49,0.40199040446704504,0.33742292735042734,0.33742292735042734
7589,0.68,0.5819728324770489,0.6313399999999995,0.6313399999999995
5664,0.45,0.4585006584418786,0.4691945238095241,0.46919452380952414
1703,0.34,0.35703561759863556,0.3271916666666675,0.32719166666666744
11166,0.33,0.36524435743559613,0.3045016071428568,0.3045016071428568
14360,0.51,0.48128363032018096,0.46018499999999984,0.46018499999999973
9237,0.61,0.48429609380798877,0.5203862896825401,0.5203862896825401
16829,0.41,0.3986494764365703,0.4269050000000004,0.4269050000000004
21954,0.81,0.6883719980273725,0.7088470238095238,0.7088470238095239
9650,0.49,0.4423378537575429,0.44142416666666656,0.44142416666666656
19318,0.39,0.5056551748414772,0.4379495833333336,0.43794958333333367
17437,0.5,0.4226141418411004,0.41278440476190426,0.41278440476190426
13989,0.64,0.5976595925251489,0.6165645238095245,0.6165645238095245
823,0.55,0.5824670030948091,0.5643263095238086,0.5643263095238086
7346,0.93,0.7818839983001539,0.7943895238095244,0.7943895238095243
21576,0.82,0.8228574968717777,0.8428999999999996,0.8428999999999996
17567,0.23,0.35569541849811726,0.33404240620490633,0.33404240620490633
16000,0.49,0.5252214054605425,0.4969815674603171,0.4969815674603171
14646,0.3,0.3642273457075482,0.3516383333333344,0.3516383333333344
17683,0.37,0.39852066563172056,0.4458699603174606,0.4458699603174606
5850,0.8,0.6964529513363968,0.7276833333333329,0.7276833333333329
5981,0.73,0.7030299218130098,0.6818366666666674,0.6818366666666675
10425,0.26,0.23091274013186947,0.19557011904761878,0.19557011904761878
4435,0.24,0.3028567565787156,0.2967008333333331,0.2967008333333331
1021,0.36,0.30800623645381625,0.3276799512987013,0.3276799512987012
16930,0.51,0.4944708667869524,0.4778742063492065,0.4778742063492065
21480,0.66,0.6633083065639968,0.7725234523809522,0.7725234523809523
8633,0.39,0.36602019612197123,0.36013238095238104,0.36013238095238104
17693,0.6,0.5943398583347148,0.566479027777778,0.5664790277777779
14038,0.08,0.1430038953250068,0.1837852380952382,0.18378523809523822
8495,0.38,0.35511755613606133,0.38675583333333313,0.38675583333333313
16627,0.74,0.7696669770873782,0.772493313492064,0.772493313492064
6120,0.43,0.47319907725445814,0.4699341666666671,0.4699341666666671
3556,0.27,0.3483462090918274,0.3380120830558331,0.33801208305583313
13258,0.43,0.400636703418614,0.42096785714285667,0.42096785714285667
18854,0.65,0.6067143608448676,0.5888519047619047,0.5888519047619046
14802,0.52,0.48912701034423095,0.5150075396825398,0.5150075396825399
14394,0.67,0.6961748830244804,0.760333333333334,0.7603333333333339
13799,0.85,0.6903737512342424,0.66808857142857,0.6680885714285703
3546,0.37,0.4306518984327712,0.3817509199134201,0.3817509199134201
11656,0.27,0.21479043047447588,0.2787997434509934,0.2787997434509934
14323,0.25,0.2756299537153047,0.27690000000000053,0.27690000000000053
1627,0.86,0.747619348868509,0.7152654761904755,0.7152654761904755
3032,0.89,0.7316509207517939,0.7218374999999994,0.7218374999999994
18936,0.19,0.1334549563875279,0.19906666666666706,0.19906666666666706
487,0.32,0.29836612911955507,0.2915875000000005,0.2915875000000005
10323,0.59,0.6477428806682598,0.5495500000000003,0.5495500000000003
13146,0.42,0.4286933419432548,0.4140699999999999,0.41406999999999994
20811,0.52,0.516324118438201,0.51743503968254,0.51743503968254
1332,0.26,0.15550258460639732,0.13869916666666637,0.13869916666666637
20994,0.28,0.2423575224149684,0.2215316666666668,0.2215316666666668
11025,0.3,0.38276833982084946,0.433254790764791,0.43325479076479106
17577,0.48,0.49574087609108775,0.45502500000000057,0.45502500000000057
10380,0.67,0.5122285455613919,0.5605498051948065,0.5605498051948065
12184,0.18,0.17726854475665182,0.16510861291486287,0.16510861291486287
15590,0.81,0.8284606523376965,0.8452833333333354,0.8452833333333354
14118,0.37,0.4900972255982268,0.46811995670995615,0.46811995670995615
11504,0.75,0.7180650299459727,0.7665083333333336,0.7665083333333336
15998,0.14,0.16024620964164538,0.1398762500000002,0.1398762500000002
12375,0.39,0.3995090068672411,0.33556380952380954,0.33556380952380954
13104,0.3,0.24785138350258024,0.23112916666666652,0.23112916666666655
12152,0.4,0.39541703374713033,0.3422227380952379,0.342222738095238
16070,0.0,-0.03954362202909656,0.01216666666666667,0.01216666666666667
10451,0.36,0.3190195612630512,0.3040019047619049,0.3040019047619049
3974,0.76,0.742594055764646,0.8190496428571421,0.8190496428571421
3296,0.47,0.49977035130694347,0.5434310714285718,0.5434310714285718
14372,0.38,0.3429150611481119,0.3265849206349211,0.3265849206349211
11631,0.64,0.6093199452159094,0.543799166666666,0.543799166666666
15611,0.19,0.2529603683507389,0.21154999999999977,0.21154999999999974
1939,0.21,0.3037567820363285,0.28559640512265516,0.28559640512265516
5547,0.4,0.40652152695314764,0.39410017857142887,0.39410017857142887
5295,0.45,0.4144890937484355,0.4001476014263514,0.4001476014263514
17416,0.07,0.03423014010241615,0.054987499999999974,0.054987499999999974
13470,0.35,0.33287195159287275,0.3261497240259738,0.3261497240259738
2860,0.56,0.544945117376985,0.5817335119047611,0.5817335119047611
21872,0.38,0.47625833721631805,0.47849565476190503,0.478495654761905
50,0.65,0.6284803209951221,0.5487365476190484,0.5487365476190486
3228,0.5,0.4777227230880742,0.5171101190476195,0.5171101190476194
20262,0.47,0.4329427963607427,0.4384349999999989,0.4384349999999989
12904,0.39,0.4828317079362327,0.40358333333333385,0.40358333333333385
21191,0.39,0.48761582799842285,0.4799664880952381,0.47996648809523806
2591,0.6,0.5428953924906864,0.5027696681096675,0.5027696681096675
15324,0.38,0.30742089743927364,0.3340150000000002,0.3340150000000002
4406,0.1,0.1731765716365411,0.2085500000000003,0.20855000000000032
10778,0.69,0.7022540831266348,0.7531732738095238,0.7531732738095238
17164,0.31,0.3754191304145597,0.40028162698412717,0.40028162698412717
7790,0.72,0.6679607632024624,0.6907214285714294,0.6907214285714295
10495,0.31,0.27631850090068566,0.2925969047619046,0.2925969047619046
13867,0.3,0.26672906693626464,0.26087667207792203,0.2608766720779221
12068,0.53,0.4892511971154687,0.44689750000000017,0.44689750000000017
7857,0.93,0.7886478686919011,0.7598058333333334,0.7598058333333334
2273,0.65,0.7250775500318793,0.7088948611111132,0.7088948611111131
16306,0.51,0.5934803279040441,0.602259898989899,0.6022598989898988
445,0.37,0.34242089053035163,0.372104383116883,0.3721043831168831
18609,0.13,0.226579593970086,0.20727374999999992,0.20727374999999992
15361,0.6,0.6054443515407322,0.6180418452380949,0.6180418452380949
16732,0.26,0.22388569382113666,0.24362232142857135,0.24362232142857135
12132,0.66,0.55595844218622,0.5796475475912977,0.5796475475912977
12220,0.41,0.41216517744600867,0.4169661284548788,0.41696612845487885
20578,0.52,0.45421070899744864,0.49795023809523786,0.49795023809523786
12258,0.36,0.3414911703032979,0.32678166666666686,0.3267816666666669
1654,0.53,0.4590785208039345,0.49283351190476166,0.49283351190476166
4370,0.54,0.516324118438201,0.51743503968254,0.51743503968254
5545,0.1,0.10455228938012906,0.11882666666666677,0.11882666666666677
3979,0.69,0.7454196193373198,0.7680070238095233,0.7680070238095233
7398,0.36,0.4161109609175687,0.3814766666666666,0.3814766666666666
18935,0.74,0.6953990443381053,0.6747263095238085,0.6747263095238085
4120,0.38,0.39718509056481416,0.3925673124098126,0.3925673124098125
4293,0.56,0.5375959079706953,0.6476949999999978,0.6476949999999978
2194,0.38,0.43166891016081904,0.431795158730158,0.431795158730158
9749,0.27,0.3211491009978574,0.31074499999999927,0.31074499999999927
21973,0.16,0.142722227256392,0.14729345238095262,0.14729345238095262
15222,0.33,0.33511217615100397,0.36868162698412704,0.36868162698412704
20174,0.53,0.6373812077741621,0.6007733333333333,0.6007733333333333
18383,0.48,0.4437617446023569,0.44260773809523785,0.44260773809523785
12560,0.09,0.042073520126466146,0.030549999999999914,0.030549999999999914
12063,0.42,0.4600487360579303,0.500957400793651,0.500957400793651
9677,0.35,0.3928519444030308,0.35474166666666695,0.35474166666666695
16280,0.34,0.30298094334995335,0.2569363095238089,0.25693630952380897
4828,0.16,0.13683740372185832,0.13939726190476168,0.13939726190476168
7388,0.0,-0.00568585171421776,0.0012916666666666664,0.0012916666666666664
15653,0.47,0.510522986647963,0.5470118242868232,0.5470118242868232
20362,0.57,0.5691924751270435,0.5660512950937953,0.5660512950937953
16629,0.38,0.3906117198448995,0.34874071428571396,0.34874071428571396
711,0.2,0.22050427076371978,0.2058360714285717,0.2058360714285717
18124,0.37,0.41420742567982066,0.4531606547619041,0.4531606547619041
11838,0.37,0.3493164243458233,0.32646619047619096,0.32646619047619096
9949,0.5,0.4953303972176231,0.4469022366522364,0.4469022366522365
18619,0.29,0.2587615001409769,0.24921833333333335,0.24921833333333335
22126,0.49,0.49728895370713955,0.5096976984126984,0.5096976984126984
6044,0.42,0.48708116235372045,0.4649999999999996,0.4649999999999996
11604,0.29,0.3183310140776703,0.3166358333333335,0.3166358333333335
22100,0.61,0.5302466985644054,0.5491033333333337,0.5491033333333337
10703,0.49,0.4043217974219586,0.42094951298701416,0.42094951298701416
11170,0.54,0.5785002410228497,0.5949059722222223,0.5949059722222223
8752,0.51,0.5142782704476905,0.4947049999999994,0.4947049999999994
16825,0.25,0.3056748434989027,0.3318299734987239,0.33182997349872395
19207,0.59,0.5103987998767252,0.5331684848484849,0.5331684848484849
21322,0.75,0.7430045346381106,0.7437375000000003,0.7437375000000003
5899,0.86,0.7890207051572983,0.8312250000000014,0.8312250000000013
8717,0.32,0.2593798575299749,0.257960670995671,0.25796067099567094
15145,0.3,0.3997906749358559,0.3901998809523809,0.3901998809523809
5753,0.08,0.010718126011790619,0.0359291666666666,0.0359291666666666
15117,0.49,0.43681839003591977,0.4637154761904762,0.4637154761904761
15509,0.12,0.20278591181084563,0.14210833333333334,0.14210833333333334
8983,0.19,0.19547719743149794,0.17823000000000028,0.17823000000000025
320,0.61,0.6303100666797887,0.5940517460317473,0.5940517460317473
16615,0.34,0.3888475399230039,0.36218833333333306,0.36218833333333306
10984,0.4,0.3711696759970719,0.3377425685425687,0.3377425685425687
10922,0.98,0.8784812273369111,0.9427524999999991,0.9427524999999991
3628,0.61,0.5180296773516299,0.5141641269841273,0.5141641269841272
721,0.98,0.8803992887994854,0.8473974999999999,0.8473974999999997
18538,0.31,0.2875102856076971,0.3178864285714283,0.31788642857142835
21661,0.36,0.3199195867206641,0.2732858333333332,0.2732858333333332
16752,0.63,0.6449247937480727,0.6185600595238099,0.6185600595238099
22164,0.53,0.510522986647963,0.5470118242868232,0.5470118242868232
16197,0.75,0.7183466980145875,0.7582333333333338,0.7582333333333338
21541,0.27,0.269745130180771,0.25369666666666696,0.25369666666666696
8980,0.42,0.39031192579476,0.44266833333333444,0.44266833333333444
22526,0.34,0.4108039997450909,0.4089733333333336,0.4089733333333336
16962,0.57,0.49164530321427863,0.4867537499999994,0.4867537499999993
15654,0.26,0.24716283631719924,0.25227436507936507,0.25227436507936507
1604,0.46,0.44205618568892807,0.4162893253968263,0.4162893253968263
16044,0.07,0.027960440328429204,0.06356666666666654,0.06356666666666654
2051,0.33,0.4313035503479085,0.4503774999999996,0.4503774999999996
14354,0.8,0.7697074721143204,0.8355000000000018,0.8355000000000018
13680,0.43,0.45772481975550344,0.4305849999999991,0.43058499999999905
16949,0.77,0.7430045346381106,0.7437375000000003,0.7437375000000003
18135,0.02,-0.01381089980688266,0.012954642857142838,0.012954642857142838
5532,0.01,-0.012064845866511742,0.03850273809523802,0.03850273809523802
8705,0.43,0.42078439615643376,0.4099533333333321,0.4099533333333321
21714,0.86,0.8586333286492308,0.8954500000000006,0.8954500000000004
8364,0.44,0.3543012224227441,0.39149954212454174,0.39149954212454174
5213,0.28,0.36255045728664675,0.34676494047618983,0.34676494047618983
7098,0.15,0.25345453896849907,0.2561101190476196,0.2561101190476196
19060,0.32,0.26672906693626464,0.26087667207792203,0.2608766720779221
18582,0.74,0.7477435356397466,0.7883036904761903,0.7883036904761903
552,0.74,0.7866893122023847,0.7977083333333339,0.797708333333334
637,0.54,0.5544940563144639,0.6059186847874352,0.605918684787435
17800,0.32,0.4291875125610151,0.4304311605061604,0.4304311605061604
18962,0.52,0.5025554198526752,0.5995033333333329,0.5995033333333329
22697,0.48,0.39108776448113514,0.4222420238095236,0.4222420238095236
15843,0.44,0.42686359625858816,0.4467198701298699,0.4467198701298699
4755,0.86,0.9070110578789128,0.9656383333333329,0.9656383333333329
338,0.38,0.39718509056481416,0.3925673124098126,0.3925673124098125
9050,0.56,0.5770763501780357,0.5863320833333323,0.5863320833333323
3845,0.69,0.6371651054683183,0.6511191666666661,0.6511191666666661
18334,0.52,0.5773175232197084,0.5972443477355975,0.5972443477355975
8370,0.47,0.42302102095786653,0.3758002976190477,0.3758002976190477
1948,0.22,0.23218274943600484,0.16472744047619042,0.16472744047619042
3318,0.51,0.5261547254442948,0.5453787301587298,0.5453787301587297
12631,0.7,0.690784230107707,0.7181499999999993,0.7181499999999993
4798,0.26,0.280933315131084,0.28579392857142866,0.28579392857142866
1194,0.16,0.141986883596959,0.17433892857142852,0.17433892857142852
11398,0.36,0.3796611081795608,0.3688355158730159,0.36883551587301583
18185,0.3,0.29836612911955507,0.2915875000000005,0.2915875000000005
13333,0.81,0.7423528827229733,0.8169849999999991,0.8169849999999991
11899,0.0,-0.0637909797791551,0.0,0.0
11851,0.56,0.48128363032018096,0.46018499999999984,0.46018499999999973
14705,0.43,0.40782843152752674,0.3726920238095239,0.37269202380952393
14811,0.16,0.24496310678601016,0.20784918650793646,0.2078491865079365
16709,0.36,0.5039496159280483,0.5174636507936499,0.5174636507936499
11969,0.47,0.43114606905053143,0.39608,0.39608000000000004
21362,0.51,0.4599245492866926,0.3854386309523809,0.3854386309523809
1280,0.43,0.3574414724384882,0.39154238095238136,0.39154238095238136
22425,0.46,0.40628035391147493,0.4410349999999997,0.4410349999999996
19920,0.72,0.7314934394544168,0.7454185714285715,0.7454185714285715
5379,0.34,0.42183830315472526,0.4587822442834942,0.4587822442834941
16215,0.56,0.4958245678353834,0.4711209523809523,0.4711209523809523
22148,0.52,0.5329405987133549,0.5681178571428567,0.5681178571428567
21620,0.38,0.3427025585989665,0.3562633333333329,0.3562633333333329
22648,0.33,0.4009733927389972,0.3655864484126984,0.3655864484126984
12499,0.11,0.11912652142147084,0.14163333333333303,0.14163333333333303
17130,0.31,0.3097704163757119,0.2949033333333338,0.2949033333333338
7730,0.4,0.40925592212903916,0.3891827380952385,0.3891827380952385
16555,0.67,0.5699683138134186,0.5676519029581526,0.5676519029581527
9792,0.24,0.32996269627590324,0.31637500000000074,0.31637500000000074
14388,0.18,0.15513722479348685,0.16051083333333355,0.16051083333333352
9955,0.57,0.4921394738320388,0.3937385317460314,0.3937385317460314
20524,0.43,0.465933559592464,0.4553185112110114,0.45531851121101136
4164,0.0,-0.018184540995608234,0.012700000000000006,0.01270000000000001
13400,0.27,0.2739540895713167,0.2886266666666673,0.2886266666666673
12919,0.57,0.5393014668841241,0.5411110119047613,0.5411110119047612
16524,0.59,0.6292561596814972,0.569309583333332,0.569309583333332
9653,0.79,0.8403740026045445,0.8830500000000018,0.8830500000000018
20805,0.82,0.7666002404730318,0.7572774999999994,0.7572774999999994
22091,0.43,0.49707645115799415,0.48372416666666695,0.48372416666666695
18699,0.57,0.6009132290546295,0.657441686507937,0.657441686507937
9056,0.74,0.7291656462562017,0.7511316666666664,0.7511316666666664
16512,0.52,0.5038254291568105,0.5329583333333336,0.5329583333333336
8051,0.39,0.39697258801566876,0.4168054761904763,0.4168054761904763
22277,0.16,0.12582407891262332,0.138885082001332,0.138885082001332
17170,0.22,0.3064506821852778,0.3121383333333328,0.3121383333333328
20202,0.07,0.0027910542434450014,0.06358666666666671,0.06358666666666671
11119,0.44,0.47328276899875377,0.4343364880952385,0.43433648809523845
3084,0.25,0.22263381049852596,0.22124585317460319,0.22124585317460319
8465,0.28,0.23168857881824456,0.23475613095238101,0.234756130952381
6131,0.48,0.3696179986243217,0.40316154761904777,0.4031615476190478
400,0.55,0.5867089808598103,0.53123261904762,0.53123261904762
5852,0.0,-0.011611170275693583,0.006000000000000003,0.006000000000000003
14462,0.28,0.22136380119439059,0.22468416666666638,0.22468416666666635
3239,0.38,0.44457447855897564,0.47074666666666665,0.47074666666666665
20328,0.6,0.4681332891236531,0.5052814285714287,0.5052814285714287
4554,0.67,0.6370814137240226,0.6363933333333339,0.636393333333334
3857,0.62,0.6310859053661638,0.6339280357142862,0.6339280357142862
13382,0.4,0.34602229278940055,0.35876416666666633,0.3587641666666663
16861,0.66,0.5858494504291395,0.6236791468253969,0.6236791468253969
3006,0.53,0.5096229611903501,0.47550583333333263,0.47550583333333263
5028,0.27,0.22998301990481573,0.16995916666666627,0.16995916666666627
22230,0.67,0.5832428417811842,0.6006577777777775,0.6006577777777776
664,0.44,0.4093396138733348,0.40623958333333315,0.40623958333333315
7360,0.5,0.4289058444924002,0.39968315476190486,0.39968315476190486
14863,0.43,0.4744285915316514,0.4242095833333328,0.42420958333333275
18914,0.67,0.6799247868391506,0.6875283333333327,0.6875283333333327
7427,0.75,0.7833078891449679,0.7701208333333333,0.7701208333333333
15711,0.44,0.42686359625858816,0.4467198701298699,0.4467198701298699
14216,0.35,0.37908324581750485,0.3443791666666662,0.34437916666666624
21493,0.02,-0.03508268933937697,0.0043500000000000014,0.0043500000000000014
2623,0.27,0.22360402575252178,0.2084463492063492,0.2084463492063492
16220,0.7,0.7549685582747987,0.7733583333333333,0.7733583333333333
17665,0.0,-0.010146784403937459,0.020825714285714253,0.020825714285714256
22238,0.71,0.8047074652053984,0.824789285714285,0.8247892857142851
11062,0.54,0.4883511716578559,0.5449813528138528,0.5449813528138528
4984,0.63,0.5674869162136147,0.5506445634920627,0.5506445634920627
16314,0.48,0.5134985548655272,0.5331495238095252,0.5331495238095252
8542,0.55,0.5843850645573834,0.6207283405483424,0.6207283405483424
4178,0.18,0.2644051506338378,0.2583751461038963,0.2583751461038963
5611,0.58,0.6508096172826063,0.6901036525974021,0.6901036525974021
2004,0.19,0.19498302681373775,0.17886428571428584,0.17886428571428584
225,0.34,0.42302102095786653,0.3758002976190477,0.3758002976190477
13520,0.48,0.476946884401699,0.49877026875901875,0.49877026875901875
18644,0.66,0.550526269965591,0.5767100000000009,0.5767100000000009
20284,0.48,0.5317947761804572,0.4889541666666659,0.4889541666666659
13287,0.45,0.3698996666929365,0.3736460119047617,0.3736460119047617
17136,0.26,0.28487909860264404,0.2680500000000001,0.2680500000000001
373,0.26,0.24630330588652846,0.18472964285714366,0.1847296428571436
14167,0.41,0.37696720803061146,0.3862079705710957,0.3862079705710957
13130,0.25,0.20086785034827143,0.14519833333333348,0.14519833333333348
21739,0.58,0.5907459327281527,0.5965347619047621,0.5965347619047621
8929,0.48,0.5475507017480268,0.5054833333333325,0.5054833333333325
12954,0.57,0.5055714830971816,0.5493433333333333,0.5493433333333333
15277,0.34,0.4158292928489538,0.42019750000000067,0.4201975000000006
14387,0.36,0.3652848524625382,0.3621844642857144,0.3621844642857144
4693,0.51,0.42183830315472526,0.4587822442834942,0.4587822442834941
294,0.39,0.4296816831787753,0.4496995238095237,0.4496995238095237
10718,0.53,0.5659132359635516,0.5741253174603176,0.5741253174603177
18499,0.47,0.39492286312937014,0.4107607738095237,0.4107607738095237
20574,0.38,0.4681332891236531,0.5052814285714287,0.5052814285714287
10075,0.68,0.6170760337389652,0.6441291666666664,0.6441291666666664
15198,0.88,0.8806809568681002,0.9410841071428563,0.9410841071428563
16288,0.79,0.6891073416868054,0.7618250000000004,0.7618250000000004
21722,0.64,0.6032446220095431,0.648943928571429,0.648943928571429
8134,0.54,0.5875253145731275,0.5979016666666661,0.5979016666666661
3526,0.58,0.5623779313654561,0.5523700000000004,0.5523700000000002
6303,0.6,0.6300319983678723,0.6179297619047619,0.6179297619047619
20666,0.53,0.5582823584886469,0.5617792857142844,0.5617792857142844
13028,0.51,0.5118631857484813,0.4438884559884563,0.4438884559884563
11884,0.18,0.23095323515881158,0.22909422619047617,0.22909422619047617
17704,0.42,0.40056651362223106,0.4034999801587303,0.4034999801587302
17599,0.53,0.5050081469599518,0.482648333333333,0.4826483333333329
21694,0.15,0.1640345118158284,0.21763949675324676,0.21763949675324679
5662,0.38,0.37724887609922636,0.4339797420634915,0.4339797420634915
21420,0.32,0.3320124211622019,0.3147489285714279,0.3147489285714279
20763,0.81,0.7968640851813482,0.7944166666666673,0.7944166666666673
316,0.02,0.024681201164937272,0.05108083333333324,0.051080833333333235
10366,0.66,0.7402701394622191,0.7164849999999992,0.716484999999999
22086,0.48,0.3845980855055161,0.4123752615440111,0.4123752615440111
6780,0.0,-0.044067267862712534,0.01447833333333332,0.01447833333333332
19773,0.35,0.4752413254882702,0.4591806150793652,0.45918061507936514
14932,0.54,0.6090787721742366,0.6424933333333324,0.6424933333333324
11733,0.59,0.49679478308937924,0.4684415584415584,0.46844155844155844
22029,0.64,0.5816911644084339,0.6141851190476183,0.6141851190476183
10522,0.38,0.3515161538770124,0.36515539682539666,0.36515539682539666
11138,0.18,0.15231166122081302,0.16674166666666695,0.16674166666666695
9283,0.43,0.417223488924327,0.3696262500000006,0.36962625000000054
17711,0.54,0.623001352300441,0.6162812499999992,0.6162812499999992
8757,0.31,0.30502679134046384,0.2991208333333327,0.29912083333333267
4075,0.04,0.013543689584464502,0.057476309523809416,0.057476309523809416
19656,0.49,0.49242114190065367,0.5386889285714297,0.5386889285714297
21758,0.51,0.5274616300186737,0.5098950090187592,0.5098950090187592
20265,0.44,0.45172931139764466,0.4278562914862911,0.4278562914862911
21783,0.36,0.4409766760566252,0.41823077380952384,0.4182307738095239
4258,0.01,0.04718250497462467,0.053007499999999944,0.053007499999999944
19892,0.73,0.7937568535400596,0.7719164285714286,0.7719164285714286
15264,0.61,0.555269895000839,0.5902603564491063,0.5902603564491063
21603,0.32,0.29759029043317997,0.28157612179487146,0.2815761217948714
5803,0.56,0.5281969736781068,0.504629761904761,0.504629761904761
6233,0.22,0.18229383786051473,0.19157011904761898,0.191570119047619
19671,0.1,0.046447161315191776,0.05832916666666667,0.05832916666666667
11859,0.72,0.7252900525810246,0.7657432142857146,0.7657432142857147
6859,0.67,0.6082624384609193,0.6068770238095231,0.6068770238095231
21546,0.71,0.6685204995829938,0.6685500000000006,0.6685500000000006
496,0.11,0.22263381049852596,0.22124585317460319,0.22124585317460319
10900,0.41,0.40170873639843013,0.3793669246031744,0.37936692460317445
10748,0.41,0.38248667175223466,0.3925064448051947,0.3925064448051947
15504,0.63,0.6001778853951966,0.6134783333333338,0.6134783333333338
16514,0.48,0.49369502810057725,0.46184166666666543,0.46184166666666543
575,0.68,0.6589346653752712,0.6814541666666668,0.6814541666666666
13885,0.43,0.4709588526963269,0.46942410714285715,0.4694241071428572
10113,0.6,0.6016890677410047,0.5347509325396832,0.5347509325396831
21174,0.22,0.3344938187620059,0.33425476190476205,0.3342547619047621
8555,0.0,-0.05570642671343223,0.0,0.0
408,0.62,0.5704624844311789,0.542375,0.542375
16817,0.32,0.3850085643789807,0.3538558333333334,0.3538558333333335
12527,0.48,0.4727049066366979,0.4762523809523806,0.4762523809523806
15908,0.32,0.3857808033086574,0.3393171338383832,0.33931713383838313
22051,0.27,0.2043414660793841,0.2148044642857144,0.2148044642857144
1097,0.47,0.5030495904704354,0.5203645833333345,0.5203645833333345
9641,0.49,0.4797724479743728,0.5318241666666649,0.5318241666666649
17509,0.86,0.8811751274858604,0.8546725000000005,0.8546725000000005
16932,0.7,0.6794711112483325,0.671905,0.671905
561,0.49,0.36165043182903384,0.31804261904761844,0.31804261904761844
12617,0.51,0.49145092664665785,0.49148250000000027,0.4914825000000003
9866,0.51,0.5126390244348564,0.5512725000000005,0.5512725000000005
19411,0.68,0.7359333935437371,0.7375416666666669,0.7375416666666669
10034,0.57,0.5942561665904192,0.5946650000000012,0.5946650000000012
13724,0.88,0.776858705196291,0.7448629166666659,0.744862916666666
7678,0.35,0.44891122447745757,0.45815734126984076,0.45815734126984076
17018,0.72,0.6603990512470272,0.6334139285714273,0.6334139285714274
3165,0.39,0.3997069831915603,0.40145571428571514,0.4014557142857151
9259,0.62,0.5783714302179999,0.6056324999999996,0.6056324999999996
8850,0.61,0.6009132290546295,0.657441686507937,0.657441686507937
9950,0.29,0.19727392474170913,0.1829861309523808,0.18298613095238087
18888,0.65,0.547426514976789,0.5739259523809522,0.5739259523809522
12186,0.39,0.35557123172687943,0.32362166666666675,0.3236216666666668
12532,0.36,0.3331536196614876,0.30382733225108194,0.30382733225108194
3719,0.42,0.49164530321427863,0.4867537499999994,0.4867537499999993
21863,0.39,0.3549195798117421,0.37320635669885666,0.37320635669885666
13586,0.56,0.5768233526019482,0.5434458333333333,0.5434458333333334
8585,0.25,0.24468143871739528,0.26241628066378136,0.2624162806637813
10209,0.2,0.23578415169505376,0.20921333333333336,0.20921333333333333
2136,0.23,0.30298094334995335,0.2569363095238089,0.25693630952380897
20177,0.14,0.14353856096970924,0.17380166666666677,0.17380166666666677
19865,0.64,0.5927917807186631,0.5443300000000011,0.5443300000000011
5936,0.25,0.22282818706614668,0.19156273809523822,0.19156273809523822
11343,0.28,0.2507606388195497,0.27250666666666723,0.27250666666666723
22447,0.51,0.47625833721631805,0.47849565476190503,0.478495654761905
16811,0.7,0.5861311184977543,0.52935255952381,0.5293525595238101
15342,0.56,0.5266857913322986,0.584262281746032,0.584262281746032
19264,0.4,0.3576134799606915,0.38238249999999846,0.38238249999999846
13515,0.42,0.40782843152752674,0.3726920238095239,0.37269202380952393
14311,0.17,0.29690174324779894,0.3157800000000004,0.3157800000000004
1726,0.43,0.4811261490228039,0.5056376190476191,0.5056376190476191
6950,0.84,0.6934809828755311,0.6825225000000016,0.6825225000000017
8181,0.27,0.30093869511614135,0.2579350198412698,0.2579350198412698
6337,0.47,0.4554845951973722,0.450645182178932,0.450645182178932
13614,0.42,0.33789724469673565,0.327986174242424,0.3279861742424241
11451,0.54,0.5362347302697775,0.598642023809525,0.598642023809525
7035,0.83,0.6743216313732318,0.6850333333333343,0.6850333333333343
20894,0.29,0.22871301060068036,0.23802857142857117,0.2380285714285712
7858,0.58,0.6168816571713445,0.5978170833333326,0.5978170833333326
15811,0.47,0.4952467054733275,0.48952678571428493,0.48952678571428493
20963,0.4,0.4494053950952178,0.3779783388833389,0.3779783388833388
9123,0.21,0.2389540964802387,0.20906785714285758,0.20906785714285758
4859,0.54,0.5669015771990721,0.5327808333333335,0.5327808333333335
4019,0.2,0.22136380119439059,0.22468416666666638,0.22468416666666635
1854,0.54,0.5325706148668323,0.4954025198412703,0.49540251984127026
6604,0.76,0.7917146053062476,0.7706315476190478,0.7706315476190478
13482,0.51,0.46699209062436753,0.4939944047619047,0.4939944047619047
16182,0.37,0.4869272808130419,0.4918303571428572,0.4918303571428572
3754,0.69,0.6829408500836569,0.7507583333333333,0.7507583333333332
20555,0.35,0.3987367679375644,0.3847438888888886,0.3847438888888886
16702,0.42,0.38798053283984646,0.3716413293650793,0.3716413293650793
6733,0.42,0.5253788867579197,0.5040922420634925,0.5040922420634925
13548,0.23,0.2826388740445128,0.2570908333333337,0.2570908333333337
10046,0.13,0.17621463775836033,0.14573805555555558,0.14573805555555558
8554,0.49,0.5100288160302028,0.5138072691197695,0.5138072691197694
19178,0.58,0.620636940971072,0.6028007142857156,0.6028007142857156
21962,0.43,0.5231791572267306,0.47972500000000023,0.47972500000000035
12112,0.49,0.5034554453102881,0.49331786179506765,0.49331786179506765
12321,0.59,0.5913642901171507,0.5924744047619054,0.5924744047619054
22000,0.5,0.42841167387463996,0.42222333333333334,0.42222333333333334
20008,0.39,0.42078439615643376,0.4099533333333321,0.4099533333333321
4456,0.31,0.2815849670462213,0.28701499999999935,0.28701499999999935
18668,0.66,0.6370112239276396,0.6542122023809508,0.6542122023809508
11909,0.67,0.6667780453993213,0.6260507900432905,0.6260507900432905
8046,0.28,0.362426270515409,0.32391166666666693,0.3239116666666668
5417,0.7,0.5839313889665652,0.5572364285714301,0.5572364285714301
12103,0.25,0.26509369781921877,0.25701666666666667,0.25701666666666667
21124,0.28,0.3300538646726856,0.3040044047619046,0.3040044047619046
21931,0.37,0.4605429066756906,0.4210673809523808,0.42106738095238083
17415,0.57,0.46580937282122625,0.45200728174603183,0.45200728174603183
4172,0.84,0.7149432720798578,0.7789766666666678,0.7789766666666678
6998,0.47,0.4260877575722131,0.4821729166666664,0.4821729166666664
12350,0.44,0.4833663735809351,0.45591666666666675,0.4559166666666667
4544,0.81,0.7740406182761037,0.8049666666666678,0.8049666666666678
16460,0.59,0.6593415444920373,0.677380357142857,0.6773803571428572
4112,0.59,0.6013237079280942,0.5743109523809528,0.5743109523809529
13785,0.25,0.21556626916085103,0.22199761904761897,0.22199761904761897
4548,0.62,0.6310859053661638,0.6339280357142862,0.6339280357142862
3597,0.46,0.5077048997277759,0.5246499999999991,0.5246499999999992
17083,0.51,0.4949245423777705,0.4583235714285715,0.4583235714285714
7310,0.56,0.5236733278444908,0.5410641666666669,0.5410641666666669
17370,0.68,0.5915217714145278,0.6390644047619052,0.6390644047619051
17565,0.61,0.5657188593959308,0.6060639285714289,0.6060639285714289
2638,0.74,0.7955029074804306,0.7630324999999997,0.7630324999999997
11354,0.37,0.37696720803061146,0.3862079705710957,0.3862079705710957
13744,0.44,0.3984369738874249,0.4255939285714289,0.4255939285714289
22016,0.31,0.319143748034289,0.2899109722222227,0.2899109722222227
16152,0.31,0.43188141270996444,0.40721244047619026,0.4072124404761903
6682,0.46,0.4709588526963269,0.46942410714285715,0.4694241071428572
20247,0.43,0.3965997515502716,0.39825833333333177,0.39825833333333177
20928,0.36,0.3929356361473264,0.3964080952380952,0.3964080952380952
2474,0.52,0.5073320632623787,0.5238975000000012,0.5238975000000013
20614,0.73,0.6425306876492628,0.5444216666666671,0.5444216666666671
10142,0.11,0.0604570329423903,0.06514999999999992,0.06514999999999992
12634,0.19,0.14632362951544092,0.1238575,0.12385749999999998
14647,0.28,0.23752660587872623,0.23453559523809506,0.23453559523809506
10202,0.28,0.3578078565283122,0.33167982142857144,0.3316798214285715
8536,0.32,0.3331536196614876,0.30382733225108194,0.30382733225108194
8736,0.45,0.4983059654351874,0.4247814285714291,0.4247814285714291
16534,0.73,0.6536681992297355,0.6374383333333329,0.6374383333333329
9855,0.29,0.24524477485462504,0.2789362698412697,0.2789362698412696
18132,0.46,0.4978117948174271,0.46881000000000145,0.46881000000000145
21212,0.18,0.22030989419609906,0.21410178571428562,0.2141017857142856
15229,0.79,0.6787825640629515,0.6864203571428571,0.686420357142857
7725,0.64,0.549468763210601,0.5704442735042733,0.5704442735042733
291,0.25,0.18709915176274555,0.25264250000000055,0.25264250000000055
8472,0.3,0.33808774436856814,0.3239999999999999,0.3239999999999999
5121,0.75,0.7138857653248679,0.7377821031746029,0.7377821031746029
8438,0.36,0.39158193509889533,0.42668946428571525,0.42668946428571525
6673,0.46,0.41321908444430017,0.4502696626984132,0.4502696626984132
9708,0.42,0.4320757892775852,0.3833183333333331,0.3833183333333331
21622,0.41,0.5324464280955946,0.5260782142857147,0.5260782142857147
10907,0.73,0.7770161864936681,0.7598943253968254,0.7598943253968254
12233,0.43,0.35597708656673205,0.4017473809523814,0.4017473809523813
22195,0.27,0.22871301060068036,0.23802857142857117,0.2380285714285712
15386,0.8,0.7431287214093484,0.7551187500000002,0.7551187500000002
1626,0.52,0.6014073996723898,0.6220416666666658,0.6220416666666658
17958,0.24,0.19699225667309428,0.19967357142857167,0.19967357142857164
21509,0.13,0.19233694741575386,0.19546916666666672,0.19546916666666672
15276,0.51,0.5108929704944855,0.5277034325396829,0.5277034325396829
16439,0.43,0.4053101386574791,0.4078702380952366,0.4078702380952366
22216,0.51,0.5169721705966399,0.4781373809523808,0.47813738095238073
8397,0.54,0.5398361325288266,0.5393282142857143,0.5393282142857143
14611,0.62,0.5644488500917955,0.5435527777777776,0.5435527777777776
7719,0.15,0.09670890935607901,0.10854333333333348,0.10854333333333348
11967,0.63,0.6146819276401554,0.6482035714285713,0.6482035714285713
18934,0.33,0.2983256340926129,0.2924399267399273,0.2924399267399273
1771,0.77,0.8064130241188272,0.7717416666666665,0.7717416666666665
16350,0.23,0.23111071645618864,0.2536333333333337,0.2536333333333337
19959,0.69,0.7119272088353514,0.7419966666666666,0.7419966666666666
14532,0.78,0.6953990443381053,0.6747263095238085,0.6747263095238085
2603,0.27,0.2081297682535671,0.18206583333333343,0.18206583333333343
9300,0.3,0.38651614696809034,0.3360254924242423,0.3360254924242423
13459,0.82,0.7220108134175327,0.7585816666666676,0.7585816666666675
1252,0.12,0.11847486950633351,0.15389985209235205,0.15389985209235205
11920,0.6,0.5335039348505846,0.5625716666666658,0.5625716666666658
19328,0.62,0.6214127796574471,0.5818094642857139,0.581809464285714
11450,0.49,0.42171411638348755,0.3520528571428564,0.3520528571428564
14921,0.17,0.2436094057375791,0.23310488095238113,0.23310488095238113
21407,0.58,0.4893213869118517,0.5189623809523808,0.5189623809523808
17629,0.56,0.5354588915834024,0.5243362499999996,0.5243362499999996
5329,0.66,0.6211311115888323,0.5327628174603177,0.5327628174603176
19232,0.67,0.6655080360951859,0.6272625000000002,0.6272625000000002
1466,0.19,0.20233223622002755,0.192666666666667,0.192666666666667
16925,0.55,0.5103987998767252,0.5331684848484849,0.5331684848484849
17080,0.55,0.5734749479189868,0.5956652777777771,0.5956652777777771
17409,0.5,0.48022612356519095,0.48716142857142875,0.48716142857142875
16394,0.52,0.4612782503351236,0.5188858134920642,0.5188858134920642
11762,0.68,0.5562401102548349,0.5062372763347763,0.5062372763347763
17563,0.44,0.48237803234541454,0.4720720238095237,0.4720720238095237
16434,0.56,0.5195777549676817,0.4934777380952392,0.4934777380952392
5597,0.54,0.5803299867075163,0.5670511904761918,0.5670511904761918
486,0.43,0.413435186750144,0.40240083333333393,0.40240083333333404
17620,0.55,0.5947503372081795,0.5821845238095229,0.5821845238095229
10050,0.35,0.483325878553993,0.5301771626984128,0.5301771626984126
13560,0.85,0.7758703639607705,0.8467916666666676,0.8467916666666676
3985,0.33,0.3241690411381519,0.31826142857142853,0.31826142857142853
12874,0.15,0.12806430347075454,0.15624833333333346,0.15624833333333343
12297,0.61,0.6417548489628877,0.6727585912698412,0.6727585912698412
1756,0.82,0.8129863948387419,0.8229958333333309,0.822995833333331
17566,0.27,0.31613128454648115,0.29707666666666666,0.29707666666666666
5577,0.48,0.466622106777845,0.4680613095238098,0.4680613095238098
15401,0.4,0.39011754922713926,0.37656051587301564,0.37656051587301564
8987,0.39,0.3961055809325113,0.33922428571428676,0.3392242857142868
20397,0.52,0.6008295373103338,0.5867382521645006,0.5867382521645006
11012,0.39,0.33867308338311075,0.349513095238095,0.34951309523809504
5681,0.55,0.62231280511506,0.5999578571428568,0.599957857142857
16274,0.62,0.6358295304014119,0.593498888888889,0.593498888888889
15256,0.33,0.23520268957629936,0.24083087301587305,0.24083087301587305
6689,0.47,0.4151776409338165,0.4072079166666668,0.4072079166666668
9743,0.87,0.890848253194577,0.8787499999999981,0.8787499999999981
20966,0.58,0.5751177936885193,0.5283555447330436,0.5283555447330436
21612,0.0,-0.006545382144888479,0.03215999999999991,0.03215999999999991
21101,0.14,0.08250466116125971,0.10824999999999972,0.10824999999999972
824,0.56,0.5641671820231806,0.5912065927128419,0.5912065927128419
3472,0.37,0.37696720803061146,0.3862079705710957,0.3862079705710957
3358,0.4,0.38627497392641763,0.4002030663780661,0.4002030663780661
1824,0.31,0.3665182436355197,0.36066166666666666,0.3606616666666666
11864,0.29,0.3585836952146873,0.30759309523809586,0.30759309523809586
17208,0.48,0.44764121517332217,0.4392160714285725,0.4392160714285725
19945,0.43,0.45654210195236217,0.44816746031746085,0.44816746031746085
1510,0.52,0.6214127796574471,0.5818094642857139,0.581809464285714
19766,0.51,0.4709588526963269,0.46942410714285715,0.4694241071428572
22707,0.55,0.5339981054683448,0.5489592857142849,0.5489592857142849
19660,0.69,0.5622491205606064,0.5827244047619047,0.5827244047619048
19407,0.41,0.4231083124588607,0.42224583333333243,0.42224583333333243
1557,0.3,0.3848105880546615,0.38632433621933565,0.38632433621933565
18192,0.45,0.478802232720377,0.39082660714285716,0.39082660714285716
4423,0.14,0.1330491015476753,0.15457541666666663,0.15457541666666663
2391,0.64,0.5621249337893686,0.5656576154401152,0.5656576154401152
2689,0.1,0.0229351472245663,0.024119999999999916,0.02411999999999991
9928,0.52,0.47821689370583437,0.4602791666666666,0.4602791666666666
12183,0.62,0.5517089877687322,0.5283614285714289,0.5283614285714289
4569,0.56,0.5904642646595377,0.5730841666666641,0.5730841666666641
695,0.46,0.39669091994705397,0.43578920634920576,0.43578920634920576
19995,0.38,0.3353938442196188,0.3724570833333329,0.372457083333333
12231,0.37,0.3034751139677136,0.34975771825396834,0.34975771825396834
12327,0.26,0.27427265291017516,0.2924633333333333,0.2924633333333333
18628,0.52,0.5889492054179415,0.5672278571428557,0.5672278571428557
16202,0.84,0.806694692187442,0.8130883333333336,0.8130883333333335
14567,0.4,0.40559180672609396,0.3961748809523808,0.39617488095238074
22344,0.42,0.3698996666929365,0.3736460119047617,0.3736460119047617
13171,0.63,0.5855667580836111,0.6423327777777784,0.6423327777777784
22507,0.73,0.7053538381154368,0.7240809523809532,0.724080952380953
7889,0.42,0.41765903853362046,0.4592579166666665,0.45925791666666654
13472,0.24,0.2641926480846924,0.2884699999999999,0.2884699999999999
19977,0.54,0.5649430207095557,0.4941652326839824,0.4941652326839824
12729,0.29,0.20828724955094416,0.2133058333333331,0.21330583333333308
21884,0.62,0.6365170533098794,0.6406166666666679,0.6406166666666679
18530,0.69,0.6236530042155783,0.612737500000001,0.6127375000000009
4698,0.45,0.4798561397186685,0.4559108333333329,0.4559108333333329
4219,0.25,0.27039318233920984,0.24697250000000007,0.24697250000000007
11578,0.17,0.18701546001844993,0.17873916666666645,0.17873916666666645
11465,0.35,0.414123733935525,0.40277785714285746,0.40277785714285746
9867,0.2,0.26030957775702857,0.23065750000000004,0.23065750000000002
7829,0.39,0.39215979746095125,0.40536045634920626,0.4053604563492063
14308,0.53,0.49647621975052075,0.5351761904761896,0.5351761904761896
22039,0.59,0.5989114758477596,0.6163624999999997,0.6163624999999997
15396,0.36,0.45257533988040277,0.47807421536796535,0.47807421536796535
10677,0.24,0.212466514172049,0.22368499999999997,0.22368499999999997
17853,0.4,0.32037326231148233,0.33035077380952393,0.3303507738095239
21799,0.84,0.8137622335251171,0.8228092857142855,0.8228092857142855
18316,0.0,-0.03954362202909656,0.01216666666666667,0.01216666666666667
16841,0.53,0.5400773055704993,0.5448960948773447,0.5448960948773446
17021,0.6,0.48712165738066265,0.4927550847763342,0.49275508477633406
2116,0.17,0.23144740577657183,0.20324499999999998,0.20324500000000004
2654,0.71,0.6256952524493904,0.6284249999999993,0.6284249999999993
8083,0.42,0.38606247137727223,0.3630418650793655,0.3630418650793654
14515,0.52,0.43787692106782317,0.38707750000000024,0.38707750000000024
16364,0.37,0.315355445860106,0.3194083966033968,0.3194083966033968
2742,0.23,0.31110599144261825,0.2963390097402604,0.2963390097402604
16778,0.48,0.3713640525646926,0.319702208485958,0.319702208485958
17701,0.3,0.26595322824988954,0.25722418650793677,0.25722418650793677
1454,0.29,0.33237778097511245,0.33908476190476167,0.3390847619047617
6158,0.27,0.3280041397863869,0.29727392857142854,0.29727392857142854
4760,0.86,0.8381337780464131,0.8504999999999991,0.8504999999999991
21075,0.58,0.6596232125606523,0.6126849999999996,0.6126849999999996
8641,0.39,0.42097877272405454,0.4417905952380955,0.4417905952380955
6504,0.68,0.638351423028158,0.6670402976190475,0.6670402976190474
9840,0.51,0.5066435160769976,0.49550571428571444,0.4955057142857145
3053,0.61,0.6090382771472944,0.6052694336219334,0.6052694336219333
18866,0.22,0.1764090143259811,0.19865374999999996,0.19865374999999996
22484,0.21,0.17464095750829722,0.17887333333333358,0.17887333333333355
22210,0.66,0.6146819276401554,0.6482035714285713,0.6482035714285713
14763,0.3,0.3840347493682864,0.36842043359418386,0.36842043359418386
7387,0.28,0.18856353763450168,0.22000500000000003,0.22000500000000003
11407,0.41,0.5030495904704354,0.5203645833333345,0.5203645833333345
16928,0.18,0.10377645069375396,0.10616527777777789,0.1061652777777779
1922,0.61,0.5310225372507806,0.5676842857142852,0.5676842857142852
467,0.2,0.16285179401268712,0.18515166666666627,0.18515166666666627
22301,0.32,0.394147024442995,0.43108266955266994,0.43108266955266994
1219,0.55,0.5588638206074014,0.5426272023809527,0.5426272023809527
19651,0.2,0.16837125773431022,0.1650491666666667,0.1650491666666667
15633,0.48,0.4491928925460724,0.481301666666667,0.481301666666667
3387,0.43,0.43653672196730486,0.43189321414696397,0.43189321414696397
7390,0.65,0.6098141158336696,0.6124251984126985,0.6124251984126985
3572,0.82,0.8600977145209869,0.9260000000000005,0.9260000000000005
255,0.36,0.4050976361083337,0.36268726190476186,0.36268726190476186
10712,0.11,0.08539293787782976,0.0854722619047619,0.0854722619047619
12255,0.31,0.26778657369125464,0.27483154761904754,0.27483154761904754
3218,0.42,0.4783080621026167,0.4456401785714285,0.44564017857142846
19033,0.24,0.23724853756680986,0.20526000000000036,0.2052600000000004
5877,0.36,0.3635387985221673,0.35611218253968313,0.35611218253968313
17543,0.35,0.4306518984327712,0.3817509199134201,0.3817509199134201
14435,0.17,0.252100837920068,0.2634862698412696,0.2634862698412696
21970,0.69,0.6135693996333971,0.6310113690476188,0.6310113690476188
7556,0.15,0.1729353985948684,0.18608750000000007,0.18608750000000004
14441,0.51,0.4371010823814481,0.3910632142857136,0.3910632142857136
4445,0.11,0.17522629652283978,0.2113180952380952,0.2113180952380952
4715,0.46,0.5016256996256214,0.45607047619047597,0.45607047619047597
21022,0.02,-0.006545382144888479,0.03215999999999991,0.03215999999999991
4098,0.59,0.5047956444108064,0.5025940476190487,0.5025940476190487
13214,0.14,0.21479043047447588,0.2787997434509934,0.2787997434509934
13741,0.7,0.7255717206496395,0.7283936904761898,0.7283936904761898
7643,0.34,0.4156718115515768,0.3809000595238091,0.38090005952380923
10375,0.55,0.4824663481233222,0.5297850000000007,0.5297850000000007
11959,0.74,0.6695088408185143,0.6719658333333335,0.6719658333333335
11970,0.21,0.1470121767008219,0.1790614285714285,0.1790614285714285
21988,0.25,0.26015569621635,0.26013333333333394,0.26013333333333394
8188,0.69,0.650315446664846,0.6354366666666672,0.6354366666666671
5648,0.47,0.36679991170413456,0.3677316666666667,0.3677316666666667
21259,0.55,0.5509331490823571,0.5457253571428565,0.5457253571428565
9293,0.47,0.37638934566855553,0.3591337500000001,0.3591337500000001
19031,0.61,0.5778116938374687,0.551724047619048,0.551724047619048
5475,0.86,0.7731736111929464,0.775607500000001,0.775607500000001
7785,0.68,0.7013243628995811,0.7004833333333326,0.7004833333333326
18414,0.48,0.44515594067773007,0.402601428571429,0.40260142857142894
7268,0.57,0.5999835088275759,0.5676292261904752,0.5676292261904752
1405,0.54,0.5030900854973775,0.4949273809523806,0.4949273809523806
18178,0.62,0.6837130890133335,0.7279499999999985,0.7279499999999985
10885,0.69,0.7169525019392142,0.7485666666666669,0.7485666666666669
9681,0.33,0.33789724469673565,0.327986174242424,0.3279861742424241
6766,0.56,0.5546182430857017,0.5471947619047615,0.5471947619047614
9761,0.77,0.6976392688962365,0.7227955952380947,0.7227955952380947
972,0.11,0.10291692026308319,0.10459999999999994,0.10459999999999996
4220,0.73,0.7922087759240078,0.7586549999999991,0.7586549999999991
349,0.37,0.3999850515034767,0.42561642857142934,0.42561642857142934
7451,0.11,0.08250466116125971,0.10824999999999972,0.10824999999999972
12459,0.62,0.6004190584368694,0.5920071428571426,0.5920071428571426
3281,0.29,0.3571598043698733,0.3487552380952379,0.3487552380952379
6897,0.44,0.4113893387596335,0.39905761904761894,0.3990576190476189
19112,0.25,0.3035453037640965,0.28995000000000026,0.2899500000000002
18501,0.27,0.2243798644388969,0.23686150793650818,0.23686150793650818
2482,0.57,0.6358295304014119,0.593498888888889,0.593498888888889
5607,0.0,-0.032882959808187784,0.0029366666666666673,0.0029366666666666673
13856,0.37,0.32776296674471417,0.31854875000000005,0.31854875000000005
19297,0.46,0.43923062211625424,0.4313323809523812,0.4313323809523812
446,0.36,0.36778825293965506,0.3767529166666671,0.376752916666667
3848,0.44,0.4441675994422095,0.4445938095238098,0.44459380952380967
19093,0.28,0.25966152559858974,0.24793099206349203,0.24793099206349203
11698,0.13,0.12145043772389774,0.1119916666666664,0.11199166666666642
12819,0.66,0.6872739962454404,0.6649857142857144,0.6649857142857144
13326,0.65,0.6341058455064584,0.6495700000000005,0.6495700000000005
20884,0.76,0.741240354716215,0.7564666666666672,0.7564666666666672
7274,0.38,0.31584961647786636,0.3509504166666666,0.35095041666666665
9790,0.47,0.5393419619110662,0.5592873809523811,0.5592873809523811
9316,0.23,0.24515748335363086,0.23669607142857138,0.23669607142857138
3434,0.47,0.43343696697850287,0.4664548809523804,0.4664548809523804
2970,0.55,0.4883511716578559,0.5449813528138528,0.5449813528138528
13070,0.46,0.4735644370673687,0.4274344444444443,0.4274344444444443
6794,0.1,0.05379637072148158,0.04736805555555553,0.04736805555555553
14727,0.62,0.6462784947965037,0.675198211094461,0.675198211094461
18726,0.47,0.4636096432900371,0.4266268975468974,0.4266268975468974
15876,0.61,0.5829611737125694,0.6113308333333327,0.6113308333333327
15954,0.6,0.6323559146702993,0.6228666666666672,0.6228666666666673
19625,0.57,0.5274211349917317,0.5484383207070709,0.548438320707071
14217,0.37,0.4276394349449633,0.46517166666666687,0.46517166666666687
10231,0.54,0.5613490951029935,0.5934361309523808,0.5934361309523809
2588,0.43,0.38395105762399073,0.3704210714285714,0.3704210714285714
125,0.34,0.42735776687634847,0.4144804166666677,0.4144804166666677
13715,0.66,0.5751177936885193,0.5283555447330436,0.5283555447330436
18979,0.42,0.45172931139764466,0.4278562914862911,0.4278562914862911
9803,0.67,0.5867089808598103,0.53123261904762,0.53123261904762
58,0.26,0.2625498023151598,0.25831214285714327,0.25831214285714327
8114,0.38,0.33364779027924785,0.35699875901875894,0.356998759018759
12584,0.46,0.3853739241918912,0.4635299999999992,0.4635299999999992
11823,0.67,0.639705124076589,0.5633397619047628,0.5633397619047628
16628,0.17,0.11507144357160382,0.1306000000000002,0.1306000000000002
471,0.46,0.5195777549676817,0.4934777380952392,0.4934777380952392
19753,0.3,0.24186335179720816,0.22801799603174608,0.22801799603174608
6886,0.62,0.6148394089375324,0.6470307142857149,0.6470307142857149
2617,0.38,0.41309489767306234,0.37679101190476144,0.37679101190476144
14335,0.36,0.3799427762481757,0.37642583333333346,0.37642583333333346
6014,0.28,0.26332564100153494,0.2944525000000002,0.2944525000000001
3764,0.58,0.6434604078763165,0.6492245436507937,0.6492245436507936
18626,0.4,0.4210624644683502,0.42762583333333304,0.42762583333333304
13370,0.51,0.5515146112011116,0.5399652380952387,0.5399652380952387
6929,0.24,0.20968144562631733,0.22781666666666667,0.22781666666666667
10586,0.32,0.27910356944641734,0.3057535317460309,0.3057535317460309
18870,0.0,-0.04333192420327964,0.012850000000000002,0.012850000000000004
20687,0.44,0.4433917607558344,0.40981003968254015,0.40981003968254015
21009,0.53,0.6161058184849694,0.5798869895382397,0.5798869895382397
9045,0.28,0.3125703773143743,0.2768800000000002,0.2768800000000002
6554,0.32,0.28955253384150914,0.28903333333333386,0.2890333333333339
7042,0.6,0.6896384075748093,0.757988809523808,0.757988809523808
20227,0.46,0.5497504312792159,0.5764262301587304,0.5764262301587304
21476,0.35,0.3498105949635835,0.3637532738095238,0.36375327380952377
2468,0.57,0.5818816640802664,0.5887225000000011,0.5887225000000013
7529,0.3,0.3665182436355197,0.36066166666666666,0.3606616666666666
12762,0.38,0.37908324581750485,0.3443791666666662,0.34437916666666624
2030,0.81,0.6816006509831386,0.7120545238095234,0.7120545238095234
19035,0.41,0.37793742328460733,0.4195666666666657,0.4195666666666657
13916,0.38,0.4124468455146235,0.42756083333333317,0.42756083333333306
20982,0.5,0.509169285599532,0.4804899999999989,0.48048999999999886
5219,0.44,0.4027662431534202,0.3985708333333317,0.3985708333333317
13352,0.57,0.5175068362413423,0.5696010714285709,0.5696010714285709
19842,0.43,0.41420742567982066,0.4531606547619041,0.4531606547619041
14124,0.42,0.34841639888821035,0.3676733333333335,0.3676733333333335
7744,0.24,0.30742089743927364,0.3340150000000002,0.3340150000000002
537,0.51,0.5243618750298717,0.5244513884726383,0.5244513884726384
13845,0.3,0.32037326231148233,0.33035077380952393,0.3303507738095239
10896,0.29,0.39746675863342906,0.3701722742535243,0.3701722742535243
18930,0.79,0.7787622404340391,0.8300366666666679,0.8300366666666679
1899,0.23,0.27253019872650264,0.2234834523809523,0.2234834523809523
13634,0.49,0.41455928354481847,0.41857934523809504,0.41857934523809504
13965,0.36,0.41498326436619576,0.44664214285714215,0.44664214285714215
15768,0.26,0.2890583632237489,0.2606778571428571,0.2606778571428571
14143,0.42,0.5158299478204408,0.46447416666666763,0.4644741666666675
12718,0.36,0.3452464541030254,0.36320161019536007,0.36320161019536007
4598,0.52,0.5354624913401009,0.548045833333333,0.548045833333333
8599,0.17,0.22998301990481573,0.16995916666666627,0.16995916666666627
8304,0.65,0.6898795806164821,0.6877483333333343,0.6877483333333343
22379,0.56,0.6206774359980142,0.5904321428571442,0.5904321428571442
22120,0.73,0.7335392874449274,0.7627119047619049,0.7627119047619049
16958,0.52,0.6601173831784124,0.6815995833333344,0.6815995833333344
21404,0.13,0.11974487881046891,0.12298333333333325,0.12298333333333325
3907,0.14,0.12427600129657157,0.13499000000000022,0.13499000000000022
18394,0.37,0.4004792221212369,0.35277767857143,0.35277767857143
15685,0.62,0.6465601628651185,0.6371277380952383,0.6371277380952384
3065,0.35,0.31767936216253295,0.3132020039682538,0.3132020039682538
21944,0.63,0.6365170533098794,0.6406166666666679,0.6406166666666679
1153,0.37,0.3087820751401914,0.3305663888888885,0.3305663888888885
14534,0.64,0.5522943267832748,0.5540893470418468,0.5540893470418468
3905,0.53,0.5484553512392516,0.5268208333333342,0.5268208333333342
6110,0.27,0.318455200848908,0.2641355032467532,0.2641355032467532
18844,0.21,0.19274280225560653,0.17724551587301576,0.17724551587301576
17422,0.66,0.5934803279040441,0.602259898989899,0.6022598989898988
4953,0.32,0.3193562505834344,0.3284877380952381,0.3284877380952381
9365,0.51,0.438736451498494,0.40798392857142896,0.40798392857142896
16883,0.24,0.2897064153821878,0.2691571428571432,0.2691571428571432
12974,0.88,0.8211114429314068,0.8319875000000008,0.8319875000000008
14672,0.68,0.6375755843417827,0.6279534523809525,0.6279534523809525
21371,0.0,-0.006180022331978008,0.0028541666666666676,0.0028541666666666676
19414,0.3,0.3849680693520386,0.35994773809523795,0.359947738095238
9649,0.58,0.5205660962032022,0.518006250000001,0.518006250000001
11883,0.55,0.5851609032437585,0.5396334920634924,0.5396334920634925
303,0.33,0.3056748434989027,0.3318299734987239,0.33182997349872395
11830,0.3,0.24410357635533936,0.16321845238095228,0.16321845238095228
2930,0.43,0.3427025585989665,0.3562633333333329,0.3562633333333329
13439,0.5,0.45744315168688865,0.4395355158730147,0.4395355158730147
554,0.54,0.5785002410228497,0.5949059722222223,0.5949059722222223
5148,0.36,0.46789211608198034,0.4670857936507938,0.4670857936507938
522,0.23,0.3343363374646289,0.38783873376623385,0.3878387337662339
20283,0.15,0.14750634731858214,0.16493571428571485,0.16493571428571485
17688,0.63,0.7278956369520664,0.7577302380952382,0.7577302380952382
10787,0.33,0.4531936972694008,0.4041318452380954,0.4041318452380955
16522,0.16,0.2611259114703458,0.2698804166666663,0.2698804166666663
20484,0.66,0.5715568864564126,0.5616333333333325,0.5616333333333325
16946,0.62,0.5715568864564126,0.5616333333333325,0.5616333333333325
18576,0.26,0.3452464541030254,0.36320161019536007,0.36320161019536007
2691,0.43,0.4154593090024314,0.4392070707070704,0.4392070707070704
2242,0.6,0.5344049845851109,0.5545772023809525,0.5545772023809525
836,0.32,0.35259566350931526,0.39437978479853475,0.39437978479853475
21453,0.67,0.7053538381154368,0.7240809523809532,0.724080952380953
10257,0.51,0.5274211349917317,0.5484383207070709,0.548438320707071
21187,0.72,0.6984987993269073,0.668477738095238,0.668477738095238
7892,0.6,0.5471448469081741,0.5520389880952385,0.5520389880952384
22627,0.77,0.7519929900572344,0.7558916666666664,0.7558916666666664
2018,0.63,0.636605369087787,0.6131077380952384,0.6131077380952384
18970,0.18,0.13190687877147617,0.15159166666666685,0.15159166666666685
9367,0.56,0.5751177936885193,0.5283555447330436,0.5283555447330436
12622,0.61,0.6168816571713445,0.5978170833333326,0.5978170833333326
6346,0.7,0.6968634302098614,0.7406806547619051,0.7406806547619051
5554,0.71,0.6498798970555526,0.6048166666666673,0.6048166666666673
5017,0.49,0.520847764271817,0.4938336904761906,0.4938336904761906
6318,0.9,0.7940385216086745,0.762873333333334,0.7628733333333337
1434,0.5,0.355889795065738,0.3824692857142856,0.3824692857142856
12890,0.35,0.37746137864837176,0.3703375108225109,0.3703375108225109
22556,0.12,0.17231704120587032,0.15300000000000014,0.15300000000000014
12688,0.58,0.4878570010400956,0.5128049999999991,0.5128049999999991
19963,0.73,0.7271602932926335,0.7344758333333331,0.7344758333333332
19503,0.72,0.630804237297549,0.6311590079365085,0.6311590079365085
22602,0.13,0.1577023141375864,0.1674133333333332,0.1674133333333332
19740,0.68,0.6446431256794577,0.6501350000000001,0.6501350000000001
19351,0.47,0.35520124788035695,0.3865310119047615,0.3865310119047614
19837,0.85,0.7549685582747987,0.7733583333333333,0.7733583333333333
9715,0.41,0.2970961198154196,0.3001595238095245,0.3001595238095245
2101,0.64,0.6800489736103884,0.7081166666666668,0.7081166666666668
13783,0.59,0.6161058184849694,0.5798869895382397,0.5798869895382397
19935,0.5,0.4648796525941725,0.4222711904761902,0.4222711904761902
8089,0.65,0.5808241573252766,0.6209590277777767,0.6209590277777767
7142,0.32,0.36100237967059495,0.4085239285714282,0.40852392857142833
5177,0.49,0.502679606623913,0.4758774999999995,0.4758774999999995
1826,0.83,0.7105033179905376,0.8063875000000006,0.8063875000000007
11892,0.3,0.3474866786611567,0.37561666666666665,0.37561666666666665
19136,0.68,0.7110676784046807,0.8170150000000015,0.8170150000000015
18991,0.61,0.6697905088871291,0.6429199999999995,0.6429199999999993
17551,0.14,0.15599675522415757,0.15562654220779218,0.15562654220779215
19943,0.37,0.35259566350931526,0.39437978479853475,0.39437978479853475
7245,0.17,0.17494462845422498,0.18731940476190467,0.18731940476190467
1169,0.46,0.4299633512473902,0.4632426785714287,0.4632426785714287
1921,0.28,0.2831735396892152,0.27210250000000036,0.27210250000000036
19353,0.72,0.7045779994290616,0.7078196428571433,0.7078196428571434
84,0.39,0.3549195798117421,0.37320635669885666,0.37320635669885666
11774,0.34,0.4079157230285208,0.42045740079365,0.4204574007936501
9481,0.46,0.548044872365787,0.5963034523809535,0.5963034523809535
21381,0.36,0.40056651362223106,0.4034999801587303,0.4034999801587302
20746,0.09,0.03791523410576075,0.08001666666666661,0.08001666666666661
21217,0.21,0.19274280225560653,0.17724551587301576,0.17724551587301576
7284,0.11,0.17041350596812227,0.18200404761904776,0.18200404761904776
8611,0.25,0.2639109800160775,0.2750438203463202,0.2750438203463202
680,0.69,0.5934803279040441,0.602259898989899,0.6022598989898988
460,0.45,0.4144890937484355,0.4001476014263514,0.4001476014263514
16260,0.54,0.6006315609860147,0.5666570869408365,0.5666570869408365
18980,0.0,-0.06023007254704821,0.0,0.0
16803,0.38,0.3855864267410366,0.38801154609279637,0.38801154609279637
4511,0.59,0.6457006324344478,0.6066416666666684,0.6066416666666684
20518,0.26,0.25656177060978774,0.2534311038961042,0.2534311038961042
20588,0.62,0.6054443515407322,0.6180418452380949,0.6180418452380949
8411,0.44,0.4460019691604881,0.4210429761904765,0.4210429761904765
18657,0.65,0.551214817150972,0.5015826587301581,0.5015826587301582
5351,0.58,0.677915556979794,0.703219462481963,0.7032194624819629
7868,0.45,0.49071558298722484,0.3955483333333344,0.3955483333333344
16856,0.39,0.39138755853127466,0.37252083333333347,0.3725208333333335
20125,0.3,0.4084098936462811,0.39439500000000005,0.39439500000000005
6256,0.05,0.05388366222247565,0.057799999999999956,0.057799999999999956
11538,0.55,0.5121448538170962,0.4655019047619062,0.4655019047619062
18797,0.55,0.5765416845333333,0.5547438492063494,0.5547438492063494
20988,0.52,0.5141871020509082,0.5178142857142854,0.5178142857142854
9694,0.65,0.661171290176704,0.6637275000000002,0.6637275000000002
1306,0.58,0.5988709808208176,0.642582083333333,0.642582083333333
7324,0.62,0.6148394089375324,0.6470307142857149,0.6470307142857149
8032,0.76,0.7053538381154368,0.7240809523809532,0.724080952380953
7646,0.59,0.5644488500917955,0.5435527777777776,0.5435527777777776
6470,0.02,0.054813382449529435,0.09288333333333335,0.09288333333333335
6560,0.37,0.356665633752113,0.35768329365079377,0.3576832936507938
20011,0.72,0.7400289664205464,0.7485972222222219,0.7485972222222217
14826,0.81,0.7202647594771617,0.7629166666666659,0.7629166666666659
22280,0.0,-0.0637909797791551,0.0,0.0
19422,0.29,0.22242130794938056,0.23242916666666616,0.23242916666666616
10789,0.32,0.3135182235229528,0.3147088888888888,0.3147088888888888
16086,0.48,0.44156201507116777,0.3981684884559884,0.3981684884559883
8970,0.62,0.623736695959874,0.6198031331168834,0.6198031331168834
22587,0.3,0.3563434706565561,0.3466311904761908,0.3466311904761908
9599,0.24,0.27500799656960817,0.25407166666666653,0.25407166666666653
764,0.73,0.8143805909141151,0.7775750000000008,0.7775750000000008
20526,0.24,0.2904822540685629,0.32828761904761883,0.3282876190476189
12491,0.64,0.6562407652263218,0.7223667857142857,0.7223667857142857
21844,0.42,0.39215979746095125,0.40536045634920626,0.4053604563492063
6377,0.4,0.3977484267020439,0.40714469696969663,0.40714469696969674
2521,0.39,0.3258044102551978,0.28118541666666685,0.28118541666666685
11248,0.48,0.4686679547683555,0.48939166666666734,0.48939166666666734
11179,0.56,0.6154577663265305,0.6609294246031738,0.6609294246031737
9101,0.44,0.3779005280143637,0.3720503174603175,0.3720503174603175
371,0.43,0.3791669375618006,0.367507619047619,0.367507619047619
8719,0.94,0.7874651508887598,0.818329404761906,0.818329404761906
9222,0.22,0.17041350596812227,0.18200404761904776,0.18200404761904776
2481,0.45,0.49067508796028275,0.49110400793650805,0.4911040079365081
4521,0.3,0.38627497392641763,0.4002030663780661,0.4002030663780661
20178,0.3,0.34798084927891687,0.33923499999999995,0.33923499999999995
6884,0.33,0.4059986858428601,0.4062909523809521,0.4062909523809522
10854,0.71,0.5890403738147238,0.6410833333333325,0.6410833333333323
4781,0.23,0.2177659986920401,0.17574749999999986,0.17574749999999986
22604,0.29,0.28546443761718665,0.26679333333333355,0.26679333333333355
18963,0.72,0.6655080360951859,0.6272625000000002,0.6272625000000002
17998,0.62,0.5857206396242898,0.6014438095238078,0.6014438095238078
15294,0.15,0.26586953650559386,0.24757999999999974,0.24757999999999974
447,0.39,0.4163234634667141,0.38168523809523797,0.38168523809523797
4502,0.14,0.05996286232463005,0.07757333333333323,0.07757333333333324
16532,0.42,0.48410171724036805,0.514218214285715,0.514218214285715
15844,0.46,0.4423378537575429,0.44142416666666656,0.44142416666666656
18314,0.12,0.0647064873598781,0.04588976190476185,0.04588976190476185
20013,0.49,0.4953303972176231,0.4469022366522364,0.4469022366522365
22075,0.36,0.3538656728134506,0.3308542857142857,0.3308542857142857
19280,0.28,0.29929584934660874,0.24562833333333262,0.24562833333333262
14777,0.26,0.35520124788035695,0.3865310119047615,0.3865310119047614
12561,0.48,0.38227416920308926,0.40822329004328983,0.40822329004328983
46,0.94,0.9249887158549843,0.9613941666666663,0.9613941666666663
14285,0.54,0.48128363032018096,0.46018499999999984,0.46018499999999973
19275,0.41,0.42183830315472526,0.4587822442834942,0.4587822442834941
8657,0.67,0.6305917347484036,0.6166375000000011,0.6166375000000011
867,0.62,0.6064326927762527,0.6345457142857135,0.6345457142857134
7487,0.39,0.37684302125937363,0.3734009569597071,0.3734009569597071
9920,0.4,0.43045752186515046,0.4026231944444445,0.40262319444444444
4231,0.17,0.1265999175989984,0.14838000000000023,0.14838000000000023
7740,0.58,0.4921394738320388,0.3937385317460314,0.3937385317460314
5358,0.53,0.47393442091389115,0.5027974999999997,0.5027974999999997
19744,0.44,0.3852866326908971,0.4583450000000001,0.4583450000000002
11885,0.31,0.35414734088206545,0.3429184523809525,0.3429184523809525
4351,0.41,0.3859382846060344,0.39959666666666677,0.39959666666666677
7138,0.25,0.26623489631850444,0.30109042388167373,0.3010904238816738
13703,0.61,0.49679478308937924,0.4684415584415584,0.46844155844155844
17973,0.28,0.2243798644388969,0.23686150793650818,0.23686150793650818
4595,0.94,0.8510024511743262,0.9188183333333337,0.9188183333333336
7097,0.34,0.3249043847975849,0.270816428571429,0.270816428571429
165,0.28,0.22948884928705549,0.24098083333333295,0.24098083333333295
6584,0.51,0.593322846606667,0.6118633333333334,0.6118633333333334
19632,0.48,0.46155991840373845,0.44252607142857137,0.4425260714285713
2836,0.57,0.591280598372855,0.5493477380952385,0.5493477380952385
1874,0.79,0.75615127607794,0.7563228571428566,0.7563228571428566
3564,0.44,0.44388593137359467,0.4114824639249639,0.4114824639249639
9706,0.63,0.6581588266888961,0.6504589285714286,0.6504589285714287
3033,0.5,0.44205618568892807,0.4162893253968263,0.4162893253968263
5419,0.36,0.36177461860027166,0.399312916666667,0.39931291666666696
21719,0.67,0.6133282265917244,0.5588816666666682,0.5588816666666682
3041,0.41,0.43045752186515046,0.4026231944444445,0.40262319444444444
21894,0.08,0.11112566010004371,0.12590970238095237,0.12590970238095234
21049,0.41,0.3250285715688227,0.3095328571428574,0.30953285714285733
19435,0.61,0.6310022136218681,0.6070166666666666,0.6070166666666666
13947,0.44,0.4399191693016352,0.38680041666666687,0.38680041666666687
639,0.0,0.018561506035840725,0.010204166666666672,0.01020416666666667
617,0.94,0.8761498343819976,0.8564099999999983,0.8564099999999983
20600,0.63,0.6310859053661638,0.6339280357142862,0.6339280357142862
1775,0.36,0.4024845750848053,0.37999999999999984,0.37999999999999984
14529,0.4,0.438736451498494,0.40798392857142896,0.40798392857142896
2139,0.25,0.17804438344302692,0.2032157142857143,0.2032157142857143
3137,0.53,0.4974464350045166,0.5185698214285724,0.5185698214285726
16620,0.2,0.2735841057247942,0.24027388708513686,0.24027388708513686
6016,0.31,0.3761076775999407,0.4218124999999992,0.4218124999999992
22,0.46,0.4848814328225314,0.44751833333333324,0.44751833333333324
6029,0.63,0.5862148102420499,0.5821544642857145,0.5821544642857146
14037,0.33,0.3543417174496862,0.3381270833333339,0.33812708333333386
18036,0.41,0.4209382776971124,0.4216396428571433,0.4216396428571432
4044,0.14,0.11839117776203789,0.1464725000000002,0.1464725000000002
7508,0.72,0.7313692526831792,0.7175166666666659,0.7175166666666659
20548,0.93,0.8652471943960877,0.9383499999999997,0.9383499999999997
12795,0.73,0.6265622595325478,0.5608439285714286,0.5608439285714285
3385,0.19,0.13463767419066924,0.15879083333333308,0.15879083333333308
18562,0.51,0.5367289008875378,0.5477224999999999,0.5477224999999999
8516,0.34,0.4290633257897773,0.4294766666666675,0.4294766666666675
9435,0.47,0.49095675602889755,0.4787275000000005,0.47872750000000047
8177,0.76,0.7637821535528446,0.7667900000000003,0.7667900000000003
8871,0.45,0.42233247377248556,0.42592293650793683,0.42592293650793694
603,0.41,0.3701121692420819,0.3714509126984123,0.3714509126984123
8917,0.21,0.27889106689727194,0.27945476190476176,0.27945476190476176
16585,0.33,0.40559180672609396,0.3961748809523808,0.39617488095238074
11966,0.13,0.18709915176274555,0.25264250000000055,0.25264250000000055
5330,0.64,0.6016890677410047,0.5347509325396832,0.5347509325396831
22041,0.39,0.38565661653741956,0.3734574999999994,0.37345749999999944
21636,0.39,0.3258044102551978,0.28118541666666685,0.28118541666666685
18852,0.46,0.43731256065367996,0.38813333333333333,0.38813333333333333
15308,0.79,0.7800286499814759,0.8063166666666663,0.8063166666666663
10339,0.33,0.32629858087295804,0.2840416666666663,0.2840416666666663
22360,0.2,0.23675436694904958,0.1967239285714288,0.1967239285714288
5246,0.22,0.236343888075585,0.21419244047619068,0.21419244047619063
1243,0.45,0.5101862973275798,0.5002917857142852,0.5002917857142852
11411,0.24,0.24418726809963506,0.29479845238095237,0.29479845238095237
14402,0.42,0.41216517744600867,0.4169661284548788,0.41696612845487885
2083,0.3,0.42078439615643376,0.4099533333333321,0.4099533333333321
13139,0.56,0.5416658782134931,0.5285858333333331,0.5285858333333331
18926,0.58,0.5635191298647417,0.5723744444444453,0.5723744444444453
13421,0.39,0.4287816577211625,0.3351805555555559,0.3351805555555559
15420,0.54,0.6446431256794577,0.6501350000000001,0.6501350000000001
17940,1.0,0.8315604073264986,0.821724999999999,0.821724999999999
5339,0.42,0.3725935668418859,0.3526185714285719,0.3526185714285719
13246,0.41,0.368845759694645,0.347288531746032,0.347288531746032
12382,0.62,0.6579176536472233,0.7055508333333331,0.7055508333333331
16446,0.41,0.4002848455536162,0.4069374999999985,0.4069374999999985
16078,0.31,0.280933315131084,0.28579392857142866,0.28579392857142866
265,0.51,0.4881099986161831,0.5096401190476199,0.5096401190476199
12541,0.32,0.3799427762481757,0.37642583333333346,0.37642583333333346
19116,0.18,0.2623554257475391,0.25009666666666663,0.25009666666666663
20765,0.14,0.11190149878641886,0.1012497619047619,0.1012497619047619
22698,0.68,0.6016890677410047,0.5347509325396832,0.5347509325396831
12564,0.38,0.4430264009429239,0.4306487698412699,0.4306487698412699
5967,0.38,0.4291875125610151,0.4304311605061604,0.4304311605061604
14893,0.54,0.6069960289134824,0.6345583333333336,0.6345583333333336
8564,0.48,0.4895328651840836,0.464640364357864,0.464640364357864
20585,0.4,0.3797016032065029,0.38020773809523833,0.3802077380952382
19653,0.39,0.3579356430562485,0.2984371428571428,0.2984371428571428
14213,0.41,0.488391666684798,0.45989583333333345,0.45989583333333345
1426,0.46,0.4752413254882702,0.4591806150793652,0.45918061507936514
15619,0.61,0.5656315678949367,0.5387421284271277,0.5387421284271275
10601,0.65,0.5838908939396231,0.5779644338702232,0.5779644338702232
13263,0.23,0.28893417645251107,0.3074566071428563,0.3074566071428563
13234,0.83,0.7987821466439226,0.7452488095238095,0.7452488095238095
9502,0.4,0.4283279821303443,0.46071833333333423,0.4607183333333343
9566,0.67,0.624425243145255,0.5891958333333311,0.5891958333333311
4578,0.48,0.4894455736830895,0.470964801587301,0.47096480158730086
21864,0.23,0.290522749095505,0.2431674999999996,0.24316749999999956
21575,0.58,0.5343166688072033,0.4807604166666657,0.48076041666666575
8760,0.73,0.6607357405674105,0.6581566666666662,0.6581566666666662
14057,0.15,0.13869275204053627,0.13612750000000007,0.13612750000000007
1487,0.47,0.4423378537575429,0.44142416666666656,0.44142416666666656
11786,0.16,0.13897442010915112,0.14242500000000025,0.14242500000000025
398,0.68,0.7110676784046807,0.8170150000000015,0.8170150000000015
7044,0.45,0.40354595873558347,0.3853347222222218,0.3853347222222218
54,0.62,0.6000536986239589,0.5729333730158721,0.5729333730158721
11219,0.17,0.2007805588472773,0.22001285714285718,0.22001285714285715
13543,0.5,0.5751177936885193,0.5283555447330436,0.5283555447330436
17730,0.07,0.10625784829355789,0.11561583333333321,0.11561583333333321
8782,0.06,0.06694671191800933,0.046995833333333244,0.046995833333333244
16547,0.43,0.4636096432900371,0.4266268975468974,0.4266268975468974
17284,0.73,0.6315800759839241,0.5970518452380951,0.5970518452380951
6050,0.43,0.43815858913643807,0.38131250000000066,0.38131250000000066
9550,0.47,0.5055678833404831,0.4755474999999992,0.4755474999999992
6323,0.4,0.43653672196730486,0.43189321414696397,0.43189321414696397
9499,0.42,0.45123514077988447,0.42596535714285766,0.42596535714285755
2269,0.29,0.3690401362622658,0.33909916666666695,0.33909916666666695
21938,0.46,0.4357608832809297,0.41994940476190457,0.41994940476190457
16576,0.46,0.546691171317356,0.5029382142857136,0.5029382142857136
8287,0.59,0.6147521174365383,0.5750167857142864,0.5750167857142864
20674,0.24,0.24263919048358326,0.2605301190476187,0.2605301190476187
11973,0.33,0.4090984408316621,0.38223380952380914,0.38223380952380914
18301,0.53,0.5410656468060198,0.5484466666666674,0.5484466666666674
13295,0.63,0.6825708662371344,0.6754524999999988,0.6754524999999988
5163,0.47,0.4079157230285208,0.42045740079365,0.4204574007936501
13250,0.35,0.35569541849811726,0.33404240620490633,0.33404240620490633
13701,0.48,0.4994886832383286,0.4849902380952373,0.4849902380952373
16701,0.09,0.10880174379761687,0.13315583333333372,0.13315583333333375
3812,0.55,0.5564526128039803,0.5564729761904746,0.5564729761904746
1175,0.67,0.6667780453993213,0.6260507900432905,0.6260507900432905
11275,0.57,0.5635191298647417,0.5723744444444453,0.5723744444444453
180,0.33,0.29302614957262185,0.29882555555555546,0.29882555555555546
12257,0.55,0.5124410481105373,0.5498123809523805,0.5498123809523805
17013,0.54,0.5833967233218629,0.6219048809523797,0.6219048809523797
14741,0.58,0.5429358875176284,0.5460166666666679,0.5460166666666679
7908,0.29,0.37871326197098243,0.3650816666666668,0.3650816666666668
18303,0.41,0.3616909268559759,0.3340457142857149,0.33404571428571495
15160,0.43,0.5031737772416732,0.4970749801587302,0.4970749801587302
315,0.65,0.6906554193028572,0.6856641666666675,0.6856641666666674
7601,0.56,0.6137819021825426,0.5989310939060938,0.5989310939060938
15364,0.34,0.45172931139764466,0.4278562914862911,0.4278562914862911
16135,0.42,0.4323574573462,0.4608866666666669,0.4608866666666669
17546,0.6,0.6009537240815717,0.5418458333333339,0.541845833333334
2887,0.44,0.37871326197098243,0.3650816666666668,0.3650816666666668
8733,0.94,0.8360223642931317,0.788441666666667,0.788441666666667
11408,0.39,0.3419672149395335,0.33900486111111144,0.33900486111111133
4446,0.37,0.4347069762826382,0.3989050000000002,0.3989050000000002
20384,0.38,0.4412803470025529,0.4762458333333338,0.4762458333333338
14806,0.41,0.5406956629594972,0.5405523809523821,0.5405523809523821
19975,0.5,0.5113690151307211,0.5342866666666657,0.5342866666666657
491,0.27,0.20918727500855705,0.2736673015873017,0.27366730158730174
8667,0.6,0.5862148102420499,0.5821544642857145,0.5821544642857146
2200,0.44,0.4747066598435678,0.4401652380952381,0.4401652380952381
3478,0.57,0.5705866712024167,0.6091115476190472,0.6091115476190472
12621,0.24,0.23606222000697014,0.21233672619047606,0.2123367261904761
4049,0.12,0.12378183067881132,0.1456777777777777,0.1456777777777777
10106,0.4,0.389623378609379,0.4598135515873008,0.4598135515873008
19431,0.63,0.62231280511506,0.5999578571428568,0.599957857142857
10994,0.75,0.6691019617017482,0.6831984307359313,0.6831984307359315
7448,0.13,0.14864754581786782,0.1483650000000001,0.1483650000000001
16726,0.05,0.003087248536885967,0.04472499999999993,0.04472499999999993
17223,0.35,0.3490347562772084,0.37362112193362174,0.37362112193362174
11889,0.77,0.768437462810185,0.7790500000000005,0.7790500000000005
13717,0.57,0.6520796265867417,0.6173550000000001,0.6173550000000001
20646,0.37,0.42431970075452924,0.3963611904761908,0.3963611904761908
1106,0.45,0.4326572513963396,0.3871124999999985,0.3871124999999985
15853,0.46,0.495612065286238,0.4885483333333331,0.4885483333333331
5717,0.61,0.6527681737721227,0.6930333333333336,0.6930333333333336
3926,0.71,0.629537827750112,0.6061289285714304,0.6061289285714303
11907,0.31,0.2819216563666045,0.2896291666666665,0.2896291666666665
20931,0.72,0.6392109534588287,0.6013005573593077,0.6013005573593078
18035,0.36,0.3855864267410366,0.38801154609279637,0.38801154609279637
11921,0.36,0.31817353278029314,0.32813583333333346,0.32813583333333346
9152,0.6,0.5491034033976905,0.5530408333333343,0.5530408333333342
21127,0.38,0.35711930934293123,0.3182151785714286,0.3182151785714286
3776,0.41,0.46580937282122625,0.45200728174603183,0.45200728174603183
2641,0.25,0.2218579718121508,0.19765648809523836,0.19765648809523836
20550,0.5,0.4801378077872833,0.463580833333333,0.46358083333333305
8475,0.65,0.5737566159876016,0.6050973809523813,0.6050973809523813
21041,0.71,0.7623177676810884,0.7686028571428579,0.7686028571428579
14585,0.34,0.4436042633049798,0.3840429166666663,0.3840429166666663
14721,0.82,0.7816714957510085,0.8217833333333349,0.8217833333333349
7318,0.36,0.32552274218658295,0.2990719047619045,0.29907190476190443
6078,0.17,0.2074412210681861,0.25830654761904714,0.2583065476190471
9845,0.29,0.3036325952650907,0.30106178571428555,0.30106178571428555
51,0.49,0.510522986647963,0.5470118242868232,0.5470118242868232
12575,0.65,0.6686077910839878,0.7171475000000005,0.7171475000000005
18133,0.34,0.4032604137711804,0.36505428571428555,0.36505428571428555
7696,0.04,0.06731207173091985,0.04591999999999992,0.045919999999999905
2305,0.21,0.2917522633726982,0.262553869047619,0.262553869047619
17455,0.38,0.4291875125610151,0.4304311605061604,0.4304311605061604
4090,0.35,0.40832260214528693,0.3873065079365081,0.3873065079365081
2143,0.47,0.4387769465254361,0.4347356547619047,0.4347356547619047
15987,0.65,0.7123376877088161,0.6811277579365076,0.6811277579365077
16041,0.61,0.6599048806292671,0.6382158333333339,0.6382158333333339
11156,0.56,0.5132168867969124,0.5213470833333339,0.5213470833333339
8137,0.27,0.30298094334995335,0.2569363095238089,0.25693630952380897
16689,0.38,0.3358475198104369,0.30268685425685465,0.3026868542568547
18120,0.1,0.1581964847553467,0.16379904761904818,0.16379904761904818
3681,0.5,0.466622106777845,0.4680613095238098,0.4680613095238098
1509,0.5,0.4433917607558344,0.40981003968254015,0.40981003968254015
1359,0.34,0.33442362896562294,0.34081999999999996,0.34081999999999996
8351,0.23,0.18964304726680448,0.16444297619047624,0.1644429761904762
1143,0.31,0.3103301527562431,0.3492575460650463,0.3492575460650463
13026,0.69,0.6808950020931465,0.6735471428571441,0.6735471428571441
21468,0.26,0.2831735396892152,0.27210250000000036,0.27210250000000036
12857,0.47,0.41595347962019164,0.3444352976190478,0.3444352976190477
13123,0.14,0.0893596999497892,0.13495166666666703,0.13495166666666703
1563,0.11,0.18335134461550467,0.19369083333333323,0.19369083333333323
15114,0.74,0.5831555502801901,0.6061139743589744,0.6061139743589744
4754,0.67,0.5997710062784305,0.5447054761904759,0.5447054761904759
21814,0.73,0.6310859053661638,0.6339280357142862,0.6339280357142862
14916,0.64,0.6647321974088108,0.6508149999999988,0.6508149999999988
6062,0.7,0.7247958819632645,0.7394515476190479,0.7394515476190479
21343,1.0,0.9098366214515866,0.9527016666666662,0.9527016666666661
8000,0.38,0.39215979746095125,0.40536045634920626,0.4053604563492063
17074,0.69,0.7196868971151058,0.6907624603174608,0.6907624603174609
106,0.7,0.6903737512342424,0.66808857142857,0.6680885714285703
5319,0.38,0.37684302125937363,0.3734009569597071,0.3734009569597071
2173,0.53,0.583733412642246,0.5601964285714275,0.5601964285714275
15456,0.5,0.5715568864564126,0.5616333333333325,0.5616333333333325
1195,0.3,0.27851823043187474,0.21282250000000041,0.21282250000000044
3293,0.45,0.49724845868019746,0.4648179761904766,0.4648179761904766
8551,0.19,0.2229154785671408,0.2549716666666668,0.2549716666666669
7109,0.4,0.4050103446073396,0.4205875000000004,0.4205875000000004
15880,0.58,0.5386534147256853,0.605719999999999,0.6057199999999991
18510,0.41,0.5502446018969761,0.5228095436507932,0.5228095436507931
18714,0.51,0.5435839396760673,0.6019950000000006,0.6019950000000006
17219,0.26,0.2374897106084826,0.23132452380952379,0.23132452380952379
17789,0.28,0.24410357635533936,0.16321845238095228,0.16321845238095228
11513,0.38,0.44205618568892807,0.4162893253968263,0.4162893253968263
624,0.25,0.2279407716710037,0.2385164285714286,0.2385164285714286
14418,0.27,0.23830244456510136,0.20051583333333314,0.20051583333333314
8996,0.53,0.5699683138134186,0.5676519029581526,0.5676519029581527
18091,0.49,0.4947120398286251,0.5172175000000006,0.5172175000000006
20402,0.33,0.3791669375618006,0.367507619047619,0.367507619047619
11543,0.55,0.5567342808725951,0.5711758279220783,0.5711758279220783
1821,0.57,0.5709385290674145,0.5672316666666669,0.5672316666666668
6663,0.4,0.44466177005996976,0.37677976190476187,0.3767797619047619
2307,0.37,0.3337179800756308,0.30274583333333344,0.30274583333333344
20310,0.07,0.12976986238418342,0.10969059523809513,0.10969059523809514
21595,0.42,0.4525051500840198,0.41210089285714213,0.412100892857142
18426,0.34,0.29612590456142385,0.29358923215673205,0.29358923215673205
22562,0.39,0.48190198770917897,0.45898250000000024,0.45898250000000024
19039,0.67,0.5917747689906153,0.5813953968253961,0.5813953968253961
7818,0.3,0.3746432917281846,0.38087238095238085,0.38087238095238085
7840,0.43,0.417223488924327,0.3696262500000006,0.36962625000000054
884,0.78,0.6505279492139915,0.5804749999999977,0.5804749999999977
4212,0.38,0.3717340364112151,0.32043202380952385,0.32043202380952385
4034,0.45,0.39746675863342906,0.3701722742535243,0.3701722742535243
22040,0.1,0.035309649734719006,0.07266333333333334,0.07266333333333334
9346,0.46,0.46302430427549457,0.43820279761904735,0.4382027976190473
14252,0.73,0.7336094772413103,0.7301110714285705,0.7301110714285705
15343,0.65,0.6221886183438222,0.6348402849927847,0.6348402849927846
6722,0.35,0.37088800792845705,0.33371664862914907,0.33371664862914907
11478,0.1,0.17069517403673712,0.20172119047619044,0.20172119047619044
1308,0.72,0.7331153066235501,0.7381333333333328,0.7381333333333329
21960,0.29,0.3110186999416241,0.2876899999999996,0.2876899999999996
14754,0.18,0.2644051506338378,0.2583751461038963,0.2583751461038963
12643,0.43,0.4231083124588607,0.42224583333333243,0.42224583333333243
22167,0.6,0.5853552798113792,0.6180404761904759,0.618040476190476
11190,0.14,0.10427062131151416,0.1266724404761906,0.1266724404761906
17544,0.06,0.12213898490927871,0.10732499999999985,0.10732499999999985
13221,0.45,0.4595545654401701,0.4543883333333336,0.4543883333333336
11549,0.17,0.14276272228333414,0.159066666666667,0.15906666666666702
14708,0.28,0.28722861753908224,0.2537656547619045,0.2537656547619045
20314,0.43,0.41498326436619576,0.44664214285714215,0.44664214285714215
18482,0.14,0.23761389737972036,0.24892228896103866,0.24892228896103866
15936,0.73,0.688455689771668,0.6865416666666689,0.6865416666666689
22494,0.52,0.6118638407199684,0.6235126190476175,0.6235126190476175
981,0.39,0.30298094334995335,0.2569363095238089,0.25693630952380897
12363,0.49,0.5700925005846564,0.5250244047619036,0.5250244047619035
2665,0.24,0.19351864094198162,0.17217261904761957,0.17217261904761957
2661,0.25,0.3082879045224311,0.2595511904761907,0.2595511904761907
7698,0.5,0.5383717466570704,0.5661849404761896,0.5661849404761896
5046,0.5,0.5400773055704993,0.5448960948773447,0.5448960948773446
8412,0.7,0.6750974700596069,0.6581353373015874,0.6581353373015874
9009,0.4,0.4259965891754307,0.3629423809523809,0.3629423809523809
5164,0.67,0.6206774359980142,0.5904321428571442,0.5904321428571442
20190,0.39,0.34602229278940055,0.35876416666666633,0.3587641666666663
19355,0.8,0.7620360996124735,0.7807265476190475,0.7807265476190475
3285,0.79,0.8078774099905832,0.7976083333333337,0.7976083333333337
17751,0.0,-0.04096751287391054,0.0,0.0
17432,0.55,0.603929292299136,0.6121966666666677,0.6121966666666675
3741,0.45,0.3728752349105008,0.38020513888888824,0.38020513888888824
6890,0.52,0.5562401102548349,0.5062372763347763,0.5062372763347763
8802,0.38,0.44225056225654874,0.44509825396825375,0.44509825396825375
3414,0.58,0.6880498349318155,0.7247140674603177,0.7247140674603176
13605,0.71,0.6741272548056111,0.6427303334165835,0.6427303334165835
17638,0.24,0.28276768484936254,0.24467916666666678,0.24467916666666678
5553,0.42,0.4299633512473902,0.4632426785714287,0.4632426785714287
14179,0.61,0.6152462880542986,0.627631403318903,0.627631403318903
1543,0.49,0.4423378537575429,0.44142416666666656,0.44142416666666656
1467,0.44,0.4096212819419497,0.3926308333333337,0.3926308333333337
5478,0.62,0.5843850645573834,0.6207283405483424,0.6207283405483424
11236,0.66,0.6573829880025209,0.6590549999999983,0.6590549999999983
16808,0.47,0.509169285599532,0.4804899999999989,0.48048999999999886
16291,0.38,0.5023142468110025,0.5003948214285711,0.5003948214285712
3771,0.7,0.6148394089375324,0.6470307142857149,0.6470307142857149
15813,0.52,0.5127227161791521,0.5846310714285717,0.5846310714285717
21929,0.23,0.2658290414786518,0.22668499999999983,0.22668499999999983
18860,0.52,0.5121448538170962,0.4655019047619062,0.4655019047619062
13550,0.81,0.7873778593877658,0.7921333333333338,0.7921333333333338
103,0.71,0.7392531277341714,0.8069808333333326,0.8069808333333323
2319,0.08,0.02309262852194338,0.05195666666666658,0.05195666666666657
18682,0.66,0.5890403738147238,0.6410833333333325,0.6410833333333323
6066,0.21,0.2735841057247942,0.24027388708513686,0.24027388708513686
21971,0.1,0.05220779807848758,0.04318333333333328,0.04318333333333328
3118,0.64,0.5861311184977543,0.52935255952381,0.5293525595238101
1728,0.47,0.39697258801566876,0.4168054761904763,0.4168054761904763
14432,0.76,0.8087369404212541,0.7929966666666668,0.7929966666666669
17500,0.33,0.3995090068672411,0.33556380952380954,0.33556380952380954
20112,0.39,0.4306518984327712,0.3817509199134201,0.3817509199134201
19747,0.72,0.7689316334279453,0.7621641666666672,0.7621641666666672
8250,0.45,0.46711627739560524,0.42909458333333356,0.42909458333333356
18572,0.34,0.38218300080630685,0.37986994047618977,0.37986994047618977
14612,0.41,0.36450901377616307,0.34718844516594527,0.34718844516594527
3986,0.56,0.6140635702511573,0.5318206746031754,0.5318206746031754
6997,0.64,0.5685444229686046,0.5757666666666672,0.5757666666666672
10134,0.29,0.22502791659733576,0.19853952380952364,0.19853952380952364
20381,0.45,0.5034554453102881,0.49331786179506765,0.49331786179506765
7018,0.38,0.49378231960157143,0.4188183333333337,0.4188183333333337
17291,0.41,0.3834568870062305,0.4432654365079359,0.4432654365079359
2631,0.52,0.5319522574778344,0.5816207738095236,0.5816207738095236
18891,0.03,0.025910715442130472,0.021945833333333303,0.021945833333333303
19509,0.45,0.46670939827883917,0.45768509226884224,0.45768509226884224
19238,0.41,0.44466177005996976,0.37677976190476187,0.3767797619047619
9038,0.23,0.14052249772520287,0.19332357142857165,0.19332357142857165
1440,0.14,0.142722227256392,0.14729345238095262,0.14729345238095262
10953,0.77,0.7937568535400596,0.7719164285714286,0.7719164285714286
17489,0.79,0.7129560450978141,0.7533091666666669,0.7533091666666669
6589,0.48,0.4144890937484355,0.4001476014263514,0.4001476014263514
9202,0.43,0.5185238479693901,0.5744982142857132,0.5744982142857132
6446,0.38,0.32037326231148233,0.33035077380952393,0.3303507738095239
21718,0.19,0.25451204572348907,0.2632384920634916,0.26323849206349165
3351,0.4,0.39455750331645956,0.3619441666666667,0.3619441666666667
3649,0.45,0.43942499868387497,0.42455999999999966,0.42455999999999966
19263,0.54,0.6270564301503081,0.5800878571428577,0.5800878571428576
18988,0.44,0.46670939827883917,0.45768509226884224,0.45768509226884224
10060,0.58,0.6292561596814972,0.569309583333332,0.569309583333332
832,0.23,0.29477220351299277,0.2614846428571426,0.2614846428571426
10561,0.43,0.465933559592464,0.4553185112110114,0.45531851121101136
19619,0.55,0.6133282265917244,0.5588816666666682,0.5588816666666682
15986,0.3,0.2757838352559833,0.279520833333334,0.279520833333334
14244,0.81,0.7225961524320753,0.7714165277777787,0.7714165277777787
14952,0.22,0.15007143666268175,0.17505357142857153,0.17505357142857159
14874,0.58,0.6170760337389652,0.6441291666666664,0.6441291666666664
16142,0.41,0.46776792931074257,0.46499059523809516,0.46499059523809516
8707,0.41,0.44425591522011715,0.4332699999999993,0.4332699999999993
16713,0.68,0.6493857264377922,0.7008538293650795,0.7008538293650792
2091,0.64,0.6297322043177328,0.6448700000000016,0.6448700000000016
15043,0.44,0.3830500078894643,0.39019083333333227,0.39019083333333227
8034,0.16,0.22050427076371978,0.2058360714285717,0.2058360714285717
18488,0.55,0.5796414395221353,0.527205238095238,0.527205238095238
909,0.54,0.5479206855945493,0.5373320634920631,0.5373320634920631
6306,0.29,0.3478520384740672,0.32842369047619074,0.32842369047619074
15489,0.41,0.4935006515329565,0.5118895238095232,0.5118895238095232
1738,0.52,0.5363220217707717,0.5583837103174613,0.5583837103174613
21192,0.29,0.3125703773143743,0.2768800000000002,0.2768800000000002
355,0.72,0.6363237010191721,0.6260308333333332,0.6260308333333331
8135,0.24,0.23720804253986774,0.19339642857142864,0.19339642857142864
19473,0.75,0.6522740031543623,0.5929064285714285,0.5929064285714286
16317,0.25,0.2229154785671408,0.2549716666666668,0.2549716666666669
13267,0.47,0.46580937282122625,0.45200728174603183,0.45200728174603183
12807,0.66,0.5412600233736404,0.5782645238095226,0.5782645238095226
18636,0.48,0.4942764902193316,0.503470833333334,0.503470833333334
1699,0.5,0.5898162125010988,0.5889157738095223,0.5889157738095223
10905,0.22,0.24533309063253264,0.21797333333333338,0.2179733333333334
20170,0.73,0.7314097477101211,0.70254,0.7025399999999999
14300,0.16,0.13869275204053627,0.13612750000000007,0.13612750000000007
9964,0.2,0.12350016261019642,0.1645998809523813,0.1645998809523813
10944,0.7,0.6686077910839878,0.7171475000000005,0.7171475000000005
19050,0.47,0.4754824985299429,0.43266563492063526,0.43266563492063526
3625,0.69,0.584015080710861,0.6068438888888886,0.6068438888888886
324,0.93,0.8270367614928826,0.8188499999999997,0.8188499999999996
4412,0.28,0.33151825054444173,0.3756166666666666,0.3756166666666666
15345,0.25,0.2096409505993752,0.21924583333333342,0.21924583333333342
12654,0.19,0.22891098692499956,0.23389932539682548,0.23389932539682548
15962,0.49,0.5172538386652548,0.5512183333333328,0.5512183333333328
16234,0.65,0.5554642715684598,0.5154885714285702,0.5154885714285702
17636,0.12,0.09817329522783513,0.10755000000000002,0.10755000000000002
22144,0.0,-0.024845203216516953,0.013616666666666645,0.013616666666666645
4795,0.6,0.5479206855945493,0.5373320634920631,0.5373320634920631
168,0.03,0.008236728411986693,0.0421425,0.0421425
3544,0.23,0.299101472778988,0.2964226190476192,0.2964226190476192
3253,0.44,0.37724887609922636,0.4339797420634915,0.4339797420634915
17945,0.53,0.5283913502457276,0.5253423214285707,0.5253423214285707
8541,0.34,0.2653753658878336,0.2595030357142857,0.2595030357142857
109,0.66,0.5560826289574579,0.5587235714285712,0.5587235714285712
11525,0.49,0.4800541160429877,0.4592202777777779,0.459220277777778
16482,0.53,0.623736695959874,0.6198031331168834,0.6198031331168834
15799,0.24,0.16199226358201635,0.19761583333333338,0.19761583333333338
7123,0.08,0.08821850145050358,0.13228952380952375,0.13228952380952375
5483,0.45,0.5172943336921969,0.4452275000000009,0.44522750000000094
12821,1.0,0.9249887158549843,0.9613941666666663,0.9613941666666663
18638,0.58,0.5729807773012264,0.5305047619047619,0.5305047619047619
5032,0.38,0.41873854816592326,0.4056284523809529,0.40562845238095285
2424,0.22,0.3052211679080846,0.26867249999999987,0.2686724999999998
4292,0.55,0.537504739573913,0.5336845238095242,0.5336845238095242
11742,0.2,0.2727245752941234,0.25171928571428576,0.25171928571428576
19578,0.17,0.19323697287336672,0.1381583333333332,0.13815833333333316
5861,0.37,0.37774304671698655,0.37140899069884376,0.37140899069884376
20055,0.53,0.5509331490823571,0.5457253571428565,0.5457253571428565
22428,0.48,0.4498814397314534,0.4453933333333324,0.4453933333333324
9453,0.38,0.3855864267410366,0.38801154609279637,0.38801154609279637
16418,0.57,0.6020995466144693,0.5880375000000001,0.5880375000000001
17354,0.38,0.4443801019913549,0.3994814880952382,0.3994814880952383
19235,0.55,0.6171633252399593,0.6466836309523791,0.6466836309523791
15199,0.14,0.1324010493892364,0.13676999999999984,0.13676999999999984
13444,0.49,0.4654393889747037,0.47056916666666637,0.47056916666666637
12081,0.24,0.23222324446294695,0.20978749999999993,0.2097874999999999
10165,0.47,0.47455277830288917,0.4155564285714284,0.4155564285714284
20673,0.68,0.6576646560711359,0.6380075000000004,0.6380075000000004
6607,0.5,0.5560826289574579,0.5587235714285712,0.5587235714285712
6570,0.32,0.3337179800756308,0.30274583333333344,0.30274583333333344
16870,0.38,0.45111095400864665,0.4286672907647919,0.4286672907647919
814,0.31,0.3908060964125203,0.3906715782828281,0.3906715782828281
16258,0.37,0.363044627904407,0.38131807123432127,0.38131807123432127
2709,0.21,0.30115119766528675,0.31746547619047655,0.31746547619047655
9073,0.47,0.4504593020935093,0.4340925000000004,0.4340925000000004
6477,0.4,0.3632390044720277,0.3831294047619048,0.3831294047619048
5436,0.26,0.24536998590277628,0.20807952380952366,0.2080795238095236
14887,0.61,0.5355461830843966,0.5121066666666675,0.5121066666666675
3569,0.53,0.5081990703455361,0.4683327182539682,0.4683327182539682
14850,0.67,0.6078970786480088,0.6306174999999993,0.6306174999999993
17313,0.52,0.546369008221799,0.5120930555555558,0.5120930555555558
5584,0.31,0.38875637152622156,0.3180083333333331,0.3180083333333331
19254,0.3,0.31082432337400345,0.3525804166666663,0.35258041666666623
7841,0.34,0.39464119506075523,0.32399321428571426,0.3239932142857142
16737,0.32,0.34099699968553765,0.3356609523809525,0.33566095238095256
9810,0.32,0.3857439080384137,0.33544583333333244,0.33544583333333244
1707,0.24,0.2873824990797609,0.28537333333333365,0.28537333333333365
4614,0.23,0.27774239174549964,0.22134396825396865,0.22134396825396865
16622,0.5,0.5031737772416732,0.4970749801587302,0.4970749801587302
21905,0.36,0.3116001620603785,0.27351892857142834,0.27351892857142834
12955,0.62,0.589534544432484,0.5666491666666682,0.5666491666666682
11705,0.5,0.5838908939396231,0.5779644338702232,0.5779644338702232
11207,0.37,0.4600487360579303,0.500957400793651,0.500957400793651
928,0.33,0.3028567565787156,0.2967008333333331,0.2967008333333331
18338,0.54,0.5793597714535205,0.5499591666666678,0.5499591666666678
17850,0.98,0.8830048731705271,0.9733016071428565,0.9733016071428565
1270,0.28,0.2080055814823293,0.18128142857142837,0.18128142857142837
14997,0.37,0.34757037040545236,0.32529529761904835,0.32529529761904835
13839,0.3,0.3114759752891407,0.2926049999999996,0.2926049999999996
3617,0.75,0.7396184875470818,0.7835708333333333,0.7835708333333333
14302,0.26,0.3331536196614876,0.30382733225108194,0.30382733225108194
8186,0.41,0.40035503534999917,0.3508295238095232,0.35082952380952326
2120,0.31,0.2639109800160775,0.2750438203463202,0.2750438203463202
3645,0.17,0.16384013524820762,0.14875000000000022,0.14875000000000022
12886,0.33,0.30065702704752645,0.30825882936507915,0.30825882936507915
19464,0.23,0.20735752932389045,0.19857916666666678,0.19857916666666678
13240,0.25,0.2986073021612278,0.32538452380952376,0.32538452380952376
10182,0.39,0.40125506080761203,0.34592726190476214,0.3459272619047621
6047,0.37,0.29612590456142385,0.29358923215673205,0.29358923215673205
5461,0.36,0.3961967493292937,0.37225083333333325,0.37225083333333325
20483,0.43,0.470677184627712,0.4624386111111114,0.4624386111111114
21909,0.79,0.7770161864936681,0.7598943253968254,0.7598943253968254
13243,0.28,0.28546443761718665,0.26679333333333355,0.26679333333333355
14717,0.17,0.20046199550841876,0.17260833333333342,0.17260833333333342
11639,0.4,0.35597708656673205,0.4017473809523814,0.4017473809523813
792,0.19,0.17543879907198517,0.17754202380952364,0.17754202380952366
4744,0.55,0.6550920900745496,0.6219191666666668,0.6219191666666668
5672,0.81,0.7522746581258493,0.7577441666666667,0.7577441666666667
19879,0.53,0.5129170927467729,0.4797724999999993,0.4797724999999993
8216,0.44,0.4643854819764122,0.43344432539682537,0.43344432539682537
8567,0.75,0.7928973231093889,0.7944987301587298,0.79449873015873
5241,0.59,0.5451356170488175,0.5550250595238098,0.5550250595238098
7455,0.3,0.2793852375150322,0.2562789357864358,0.2562789357864357
17931,0.34,0.328779978472762,0.3142984812409814,0.3142984812409814
20408,0.55,0.49908180412156256,0.5214822023809522,0.5214822023809522
11648,0.58,0.4935006515329565,0.5118895238095232,0.5118895238095232
144,0.43,0.5045976680864872,0.4421866666666676,0.4421866666666676
15365,0.4,0.45830268211755937,0.3834515476190472,0.3834515476190472
16303,0.19,0.1875933223805058,0.18620833333333317,0.18620833333333311
14866,0.05,-0.03585852802575196,5e-05,5e-05
4409,0.13,0.11770263057665686,0.1255499999999999,0.1255499999999999
10587,0.44,0.4432675739845966,0.45832809523809487,0.45832809523809487
2206,0.39,0.4360425513495446,0.4657646590909087,0.4657646590909087
19873,0.31,0.36450901377616307,0.34718844516594527,0.34718844516594527
20896,0.2,0.2793852375150322,0.2562789357864358,0.2562789357864357
366,0.3,0.3538656728134506,0.3308542857142857,0.3308542857142857
22610,0.3,0.35557123172687943,0.32362166666666675,0.3236216666666668
8948,0.62,0.5943398583347148,0.566479027777778,0.5664790277777779
16633,0.55,0.6109968336368108,0.5445691666666664,0.5445691666666664
11437,0.53,0.6513037879003666,0.640046845238095,0.640046845238095
3983,0.53,0.4486295564088427,0.4447188762626268,0.4447188762626268
18011,0.43,0.44311009268721957,0.4618474603174603,0.4618474603174603
4803,0.49,0.42097877272405454,0.4417905952380955,0.4417905952380955
20712,0.6,0.5471448469081741,0.5520389880952385,0.5520389880952384
5153,0.41,0.3360418963780577,0.3287283333333339,0.3287283333333339
9381,0.21,0.19959784104413603,0.2144351190476189,0.21443511904761883
5437,0.33,0.28142748574884424,0.2603077344877346,0.26030773448773464
14609,0.07,0.0460402821984256,0.07119999999999999,0.07119999999999999
3904,0.19,0.2029802883784664,0.16902999999999957,0.16902999999999957
19826,0.69,0.6082624384609193,0.6068770238095231,0.6068770238095231
19635,0.46,0.41167100682824836,0.46361038961038953,0.46361038961038953
5726,0.51,0.5582823584886469,0.5617792857142844,0.5617792857142844
9306,0.43,0.43362746665033536,0.41407208333333273,0.4140720833333328
18451,0.12,0.07437961306859475,0.10949692460317455,0.10949692460317452
22684,0.57,0.5785002410228497,0.5949059722222223,0.5949059722222223
6406,0.3,0.32270465526639586,0.34519785714285767,0.34519785714285767
314,0.19,0.1574611410959137,0.1754322619047619,0.1754322619047619
10962,0.52,0.49667059631814153,0.5128007142857143,0.5128007142857144
22258,0.41,0.47455277830288917,0.4155564285714284,0.4155564285714284
7139,0.71,0.6564532677754672,0.6784105952380948,0.6784105952380944
200,0.7,0.6974412925719173,0.6781111904761894,0.6781111904761894
3150,0.42,0.4709588526963269,0.46942410714285715,0.4694241071428572
16954,0.3,0.282357205975898,0.2951886904761906,0.2951886904761906
2082,0.49,0.5144687701195231,0.5519212860750363,0.5519212860750364
6631,0.32,0.34720501059254183,0.3692983333333335,0.3692983333333335
13057,0.51,0.490591396215987,0.48159319444444376,0.48159319444444376
10942,0.42,0.46078407971736335,0.44267712662337566,0.44267712662337566
34,0.81,0.7711313629591343,0.8533515476190501,0.8533515476190501
14662,0.23,0.23315296469000066,0.26742833333333293,0.26742833333333293
2045,0.56,0.5922976101009029,0.6265074999999992,0.6265074999999992
3455,0.52,0.525913552402622,0.5278541666666677,0.5278541666666677
16270,0.3,0.3138403866185097,0.2980533333333328,0.2980533333333327
3350,0.69,0.6228771655292032,0.5525512500000005,0.5525512500000006
12976,0.37,0.30493949983946966,0.33904809523809526,0.33904809523809526
15534,0.64,0.5935640196483398,0.6018315313852809,0.6018315313852809
8323,0.43,0.41216517744600867,0.4169661284548788,0.41696612845487885
19928,0.42,0.4653556972304081,0.4743552380952379,0.4743552380952379
1287,0.17,0.17147101272311227,0.18748666666666658,0.18748666666666658
15070,0.38,0.522312150143573,0.5140725000000003,0.5140725000000004
18574,0.3,0.32722830110001183,0.29589960317460373,0.2958996031746037
9658,0.24,0.23761389737972036,0.24892228896103866,0.24892228896103866
12519,0.58,0.5791472689043751,0.5532986201298702,0.5532986201298702
1980,0.51,0.5821853350261943,0.5209932142857145,0.5209932142857145
19394,0.59,0.6457843241787433,0.6581215241702746,0.6581215241702746
14082,0.61,0.6491040583691775,0.6405695238095247,0.6405695238095247
22320,0.0,-0.03954362202909656,0.01216666666666667,0.01216666666666667
16781,0.36,0.3419672149395335,0.33900486111111144,0.33900486111111133
15142,0.4,0.368845759694645,0.347288531746032,0.347288531746032
17712,0.44,0.4735644370673687,0.4274344444444443,0.4274344444444443
18796,0.41,0.3761949691009348,0.35699273809523746,0.3569927380952375
14329,0.46,0.4503756103492137,0.449242123015872,0.44924212301587213
20528,0.33,0.3262148891286624,0.32426630952380947,0.32426630952380947
19759,0.38,0.44020083737025006,0.3807511904761906,0.3807511904761906
16055,0.37,0.492915312518414,0.46971499999999894,0.46971499999999894
22233,0.68,0.6331356302524626,0.6512479761904763,0.6512479761904763
15646,0.37,0.3992965043180957,0.406047023809524,0.40604702380952395
2144,0.25,0.23026468797343058,0.24053309523809488,0.24053309523809485
8945,0.46,0.513004384247767,0.43351756493506505,0.43351756493506516
18015,0.65,0.6060627089297302,0.6162017460317466,0.6162017460317465
5233,0.39,0.39591120436489063,0.36744511904761895,0.36744511904761895
6500,0.49,0.5406956629594972,0.5405523809523821,0.5405523809523821
14787,0.38,0.32658024894157295,0.36101437409812376,0.36101437409812376
22455,0.49,0.5046381631134293,0.5328527380952383,0.5328527380952384
19726,0.44,0.4020308994939871,0.39150763888888895,0.39150763888888895
10810,0.28,0.26664537519196896,0.19278916666666673,0.19278916666666673
2853,0.11,0.19854393404584453,0.17806601190476193,0.1780660119047619
21428,0.51,0.6285208160220642,0.5949701190476206,0.5949701190476206
12357,0.78,0.6816006509831386,0.7120545238095234,0.7120545238095234
1798,0.66,0.6219069502752074,0.626234166666667,0.626234166666667
3699,0.43,0.504879336155102,0.5720833928571438,0.5720833928571437
17568,0.43,0.548044872365787,0.5963034523809535,0.5963034523809535
1177,0.42,0.47242323856808305,0.5032022619047608,0.5032022619047608
4917,0.49,0.44156201507116777,0.3981684884559884,0.3981684884559883
4243,0.45,0.4239543409416187,0.41829166666666767,0.41829166666666767
16125,0.45,0.43731256065367996,0.38813333333333333,0.38813333333333333
16227,0.69,0.7247958819632645,0.7394515476190479,0.7394515476190479
12881,0.83,0.7195294158177288,0.7696249999999994,0.7696249999999994
919,0.35,0.4590785208039345,0.49283351190476166,0.49283351190476166
6192,0.17,0.1334549563875279,0.19906666666666706,0.19906666666666706
19413,0.19,0.23972633540991534,0.20639916666666658,0.20639916666666658
10288,0.34,0.3199195867206641,0.2732858333333332,0.2732858333333332
5898,0.73,0.6875556643140552,0.6542650000000004,0.6542650000000004
17733,0.51,0.5399198242731221,0.5036948809523811,0.5036948809523811
15193,0.5,0.39166562684319106,0.39782155665413044,0.39782155665413044
20378,0.29,0.35406004938107133,0.3458985714285717,0.3458985714285717
1549,0.44,0.5509331490823571,0.5457253571428565,0.5457253571428565
17287,0.59,0.6434604078763165,0.6492245436507937,0.6492245436507936
21830,0.7,0.6958932149558655,0.7196633333333331,0.7196633333333332
5209,0.75,0.7423123876960311,0.8024416666666657,0.8024416666666658
8796,0.37,0.46274263620687967,0.377220654761905,0.3772206547619051
2594,0.72,0.6485187193546349,0.6412483333333324,0.6412483333333324
4965,0.38,0.39966648816461814,0.4319853805916306,0.4319853805916306
12540,0.34,0.3498105949635835,0.3637532738095238,0.36375327380952377
7317,0.68,0.7623177676810884,0.7686028571428579,0.7686028571428579
581,0.18,0.23981362691090946,0.2682530952380952,0.26825309523809526
6202,0.25,0.2216454692630054,0.2406835714285713,0.2406835714285713
13322,0.62,0.547426514976789,0.5739259523809522,0.5739259523809522
13345,0.04,0.11267733747279396,0.12483333333333324,0.12483333333333325
13946,0.51,0.434901352850259,0.45944323412698373,0.45944323412698373
14454,0.33,0.3026155835370429,0.3295040079365081,0.3295040079365081
12844,0.7,0.8069071947365876,0.7281105952380953,0.7281105952380952
12856,0.23,0.23140691074962969,0.19766238095238112,0.1976623809523811
11980,0.16,0.17522629652283978,0.2113180952380952,0.2113180952380952
12005,0.63,0.5302466985644054,0.5491033333333337,0.5491033333333337
19729,0.33,0.28313304466227307,0.31171849927849915,0.31171849927849915
14748,0.13,0.09736056127121634,0.11625,0.11625000000000002
1406,0.46,0.5155482797518259,0.4829272817460318,0.4829272817460318
7965,0.36,0.30996479294333257,0.3306365584415576,0.33063655844155754
16871,0.34,0.3258044102551978,0.28118541666666685,0.28118541666666685
8738,0.6,0.6214127796574471,0.5818094642857139,0.581809464285714
9234,0.51,0.5288855208634877,0.5342174603174612,0.5342174603174613
3225,0.77,0.7330451168271672,0.815835952380953,0.815835952380953
11529,0.67,0.695804899177958,0.6936267857142879,0.6936267857142879
17168,0.41,0.4301577278150109,0.4507648809523811,0.4507648809523811
19990,0.68,0.6003353666925737,0.5945053571428569,0.5945053571428568
2737,0.27,0.32037326231148233,0.33035077380952393,0.3303507738095239
1154,0.42,0.3888475399230039,0.36218833333333306,0.36218833333333306
11304,0.7,0.7015187394672018,0.737841666666668,0.737841666666668
19755,0.51,0.5395139694332696,0.5071745238095242,0.5071745238095241
16379,0.64,0.6019707358096196,0.616115833333333,0.616115833333333
4060,0.5,0.5023142468110025,0.5003948214285711,0.5003948214285712
5271,0.29,0.32531023963743755,0.2838162500000008,0.2838162500000008
3540,0.35,0.3056748434989027,0.3318299734987239,0.33182997349872395
2353,0.58,0.6866259440870015,0.7040672023809529,0.7040672023809529
3269,0.57,0.600547869241719,0.6273341666666667,0.6273341666666667
4407,0.39,0.37433962078225685,0.3862952976190477,0.3862952976190477
14406,0.52,0.5030495904704354,0.5203645833333345,0.5203645833333345
17749,0.11,0.09155942948097834,0.126983333333333,0.126983333333333
11076,0.04,0.05261365291834025,0.08609999999999987,0.08609999999999987
18029,0.34,0.3609150881696009,0.35217222222222233,0.35217222222222233
143,0.55,0.5796819345490775,0.5587266666666674,0.5587266666666674
11715,0.41,0.45033511532227155,0.4503764285714281,0.4503764285714281
20733,0.62,0.5927917807186631,0.5443300000000011,0.5443300000000011
5432,0.0,0.005912812109559851,0.0536425,0.05364250000000001
10819,0.46,0.5077048997277759,0.5246499999999991,0.5246499999999992
11550,0.61,0.5493850714663054,0.5022425000000003,0.5022425000000003
17353,0.18,0.14043880598090724,0.16700000000000062,0.16700000000000062
1011,0.2,0.2497067318212582,0.2532722619047619,0.25327226190476193
21995,0.47,0.4202029340376794,0.48147989538239644,0.48147989538239644
10581,0.41,0.4484170538596973,0.44835130952381,0.44835130952381
993,0.35,0.43653672196730486,0.43189321414696397,0.43189321414696397
11229,0.72,0.6535440124584977,0.6305649999999986,0.6305649999999986
18070,0.69,0.6480245487368747,0.6369516666666669,0.6369516666666669
16499,0.75,0.7593421994635243,0.749253333333333,0.749253333333333
4366,0.45,0.4255024185576705,0.3969716666666669,0.3969716666666669
11671,0.58,0.47520083046132805,0.48550749999999954,0.48550749999999954
809,0.41,0.3776188599457488,0.30740833333333234,0.30740833333333234
9700,0.47,0.4007608901898518,0.4629398809523812,0.46293988095238114
12011,0.32,0.28869300341083837,0.2630433333333328,0.2630433333333328
16721,0.58,0.5347703443980214,0.5381794047619047,0.5381794047619047
17243,0.49,0.5350520124666364,0.550836863275613,0.550836863275613
21291,0.52,0.5862148102420499,0.5821544642857145,0.5821544642857146
18248,0.29,0.32037326231148233,0.33035077380952393,0.3303507738095239
8423,0.73,0.7759991747656203,0.7633441666666672,0.7633441666666672
12449,0.6,0.6434604078763165,0.6492245436507937,0.6492245436507936
10659,0.63,0.5760475139155731,0.6098055952380967,0.6098055952380967
8722,0.55,0.4827480161919371,0.49563880952380907,0.495638809523809
5725,0.38,0.36699041137596705,0.37449000000000005,0.37449000000000005
12615,0.35,0.3419672149395335,0.33900486111111144,0.33900486111111133
22308,0.67,0.589534544432484,0.5666491666666682,0.5666491666666682
12582,0.47,0.5618432657207537,0.5345048015873018,0.5345048015873018
6266,0.28,0.40199040446704504,0.33742292735042734,0.33742292735042734
12020,0.62,0.5476390175259344,0.5835623809523794,0.5835623809523794
2939,0.65,0.5791877639313172,0.6065391666666655,0.6065391666666655
22510,0.63,0.6140635702511573,0.5318206746031754,0.5318206746031754
17631,0.48,0.4453503172453508,0.42740442030192044,0.42740442030192044
17672,0.52,0.5691924751270435,0.5660512950937953,0.5660512950937953
11362,0.83,0.8358098617439863,0.8476500000000009,0.8476500000000009
19078,0.53,0.6277449773356891,0.6738066666666677,0.6738066666666677
11905,0.2,0.16701008003339257,0.17050833333333376,0.17050833333333376
1235,0.0,-0.06525536565091111,0.0,0.0
14768,0.23,0.1334549563875279,0.19906666666666706,0.19906666666666706
17943,0.48,0.5934803279040441,0.602259898989899,0.6022598989898988
3734,0.3,0.3216432716156177,0.30054583333333396,0.30054583333333396
20748,0.51,0.5924228211490541,0.5894475000000002,0.5894475000000002
8220,0.4,0.522312150143573,0.5140725000000003,0.5140725000000004
19983,0.51,0.5103987998767252,0.5331684848484849,0.5331684848484849
17012,0.49,0.5510204405833513,0.576933333333335,0.5769333333333351
12740,0.53,0.5120746640207132,0.5355333333333346,0.5355333333333346
6925,0.85,0.7405518075308339,0.7635608333333331,0.7635608333333331
20898,0.5,0.434212805664878,0.4364090130702629,0.4364090130702629
14052,0.42,0.35569541849811726,0.33404240620490633,0.33404240620490633
8522,0.64,0.5685444229686046,0.5757666666666672,0.5757666666666672
22665,0.38,0.363044627904407,0.38131807123432127,0.38131807123432127
12165,0.6,0.599083483369963,0.6510573484848505,0.6510573484848504
8597,0.35,0.435636696509692,0.4193313690476191,0.41933136904761886
17420,0.01,-0.07232290698858607,0.0003666666666666666,0.0003666666666666666
16137,0.13,0.09205360009873859,0.10464999999999987,0.10464999999999987
11825,0.37,0.3857439080384137,0.33544583333333244,0.33544583333333244
18296,0.09,0.04489908369914003,0.042082976190476185,0.042082976190476164
365,0.15,0.1254587190997128,0.15279166666666716,0.15279166666666716
18746,0.48,0.544945117376985,0.5817335119047611,0.5817335119047611
11032,0.0,0.03608548842109405,0.03294583333333327,0.03294583333333327
21642,0.5,0.4892511971154687,0.44689750000000017,0.44689750000000017
10437,0.37,0.42841167387463996,0.42222333333333334,0.42222333333333334
1378,0.57,0.5778116938374687,0.551724047619048,0.551724047619048
1328,0.53,0.46890912781002825,0.5078992045454547,0.5078992045454547
20307,0.48,0.5472690336794119,0.5172481547619037,0.5172481547619037
3936,0.72,0.6245125346462492,0.590375000000002,0.590375000000002
4962,0.35,0.32552274218658295,0.2990719047619045,0.29907190476190443
6430,0.44,0.43313329603257517,0.4203107142857142,0.4203107142857142
17573,0.57,0.5296613595498629,0.531923214285714,0.531923214285714
17980,0.54,0.5441654017948218,0.5176433333333341,0.5176433333333341
17639,0.09,0.11112566010004371,0.12590970238095237,0.12590970238095234
22694,0.53,0.47393442091389115,0.5027974999999997,0.5027974999999997
15091,0.67,0.5935640196483398,0.6018315313852809,0.6018315313852809
9978,0.09,0.08201049054349946,0.10808666666666672,0.10808666666666672
22137,0.42,0.3799832712751178,0.3846591666666667,0.3846591666666667
2231,0.2,0.26871629391830837,0.2652910714285718,0.2652910714285717
19135,0.75,0.6808248122967635,0.7361874999999998,0.7361874999999998
3565,1.0,0.8231536911652189,0.8305458333333339,0.8305458333333339
2931,0.46,0.45830268211755937,0.3834515476190472,0.3834515476190472
12993,0.4,0.4703735136817843,0.3846049999999991,0.3846049999999991
3674,0.17,0.25039527900663916,0.21690833333333345,0.2169083333333334
14086,0.53,0.6361516934969689,0.604117380952381,0.6041173809523811
17068,0.74,0.6259769205180052,0.6565766666666671,0.6565766666666671
9613,0.31,0.2986073021612278,0.32538452380952376,0.32538452380952376
20521,0.8,0.7556571054601797,0.7924041666666676,0.7924041666666676
14094,0.2,0.1934313494409875,0.22672154761904742,0.22672154761904742
149,0.73,0.6569474383932276,0.653543928571429,0.653543928571429
11948,0.37,0.3640148431584029,0.33959833333333306,0.33959833333333317
17410,0.54,0.47009184561316947,0.49793845238095163,0.49793845238095163
17430,0.52,0.5722922301158455,0.5797959469696967,0.5797959469696967
11862,0.41,0.3543012224227441,0.39149954212454174,0.39149954212454174
21635,0.63,0.6086729173343839,0.5591525000000012,0.5591525000000013
14994,0.68,0.6428087559611791,0.6884725000000006,0.6884725000000005
9687,0.25,0.26468681870245264,0.25659583333333336,0.2565958333333334
432,0.29,0.257055941227548,0.25541916666666725,0.25541916666666725
9510,0.54,0.48912701034423095,0.5150075396825398,0.5150075396825399
5207,0.64,0.629537827750112,0.6061289285714304,0.6061289285714303
18568,0.63,0.6071202156847202,0.6034585714285717,0.6034585714285717
1909,0.09,0.08907803188117436,0.07403071428571434,0.07403071428571434
1150,0.45,0.45675460450150757,0.48985442640692684,0.48985442640692684
2243,0.29,0.21061116585337106,0.2221009920634919,0.2221009920634919
2386,0.68,0.6209186090396869,0.6361979761904762,0.6361979761904761
19948,0.36,0.3533715021956903,0.3550326190476189,0.35503261904761885
10563,0.54,0.6310859053661638,0.6339280357142862,0.6339280357142862
5693,0.56,0.48993974430084974,0.5009451388888886,0.5009451388888886
2614,0.29,0.3234804939527709,0.2873335119047628,0.2873335119047628
16892,0.71,0.6674665925847022,0.6705649999999995,0.6705649999999995
12298,0.24,0.28546443761718665,0.26679333333333355,0.26679333333333355
21483,0.43,0.4079157230285208,0.42045740079365,0.4204574007936501
21555,0.52,0.6442362465626916,0.6136944733044732,0.6136944733044732
10723,0.74,0.7100974631506848,0.738126825396825,0.738126825396825
2831,0.35,0.4827480161919371,0.49563880952380907,0.495638809523809
741,0.36,0.42317850225524367,0.38488583333333354,0.3848858333333334
1783,0.0,-0.04292606936342691,0.004400000000000001,0.004400000000000001
19836,0.2,0.25423037765487416,0.24721284812409855,0.24721284812409855
9475,0.43,0.4902214123694646,0.4869844047619049,0.4869844047619049
185,0.36,0.4222082870012478,0.4399950000000013,0.4399950000000013
17740,0.4,0.5258730573756799,0.5400035317460321,0.540003531746032
17726,0.4,0.4260877575722131,0.4821729166666664,0.4821729166666664
9186,0.45,0.4294691806296299,0.3901740043290047,0.3901740043290047
13934,0.63,0.565437191327316,0.5461516666666669,0.5461516666666669
8146,0.4,0.46711627739560524,0.42909458333333356,0.42909458333333356
4631,0.57,0.5210421408394377,0.5429192496392493,0.5429192496392493
17283,0.38,0.44000646080262934,0.3391774999999987,0.3391774999999987
15452,0.47,0.39464119506075523,0.32399321428571426,0.3239932142857142
6703,0.55,0.6358295304014119,0.593498888888889,0.593498888888889
6274,0.36,0.42472657987129536,0.4020683333333319,0.4020683333333319
834,0.28,0.29089273294202744,0.24201357142857158,0.24201357142857163
21775,0.28,0.2911744010106423,0.2628299999999997,0.2628299999999997
18742,0.8,0.6785008959943366,0.635097619047619,0.6350976190476191
9999,0.3,0.359944872915605,0.3588125018037521,0.358812501803752
1103,0.65,0.6609769136090832,0.6651799999999999,0.6651799999999998
10029,0.3,0.29101691971326527,0.3112400000000003,0.3112400000000003
10916,0.42,0.3168198317318621,0.3154091666666673,0.3154091666666673
13796,0.34,0.34707619978769205,0.33228829365079277,0.33228829365079277
3782,0.58,0.5915217714145278,0.6390644047619052,0.6390644047619051
10052,0.38,0.4057861832937147,0.40711166666666654,0.4071116666666665
3018,0.66,0.6656322228664237,0.6924789285714299,0.6924789285714299
2463,0.71,0.626280591463933,0.7056344047619055,0.7056344047619055
19846,0.44,0.5181538641228676,0.4512952380952374,0.4512952380952374
19186,0.54,0.5565399043049744,0.5442041666666674,0.5442041666666674
5512,0.1,0.08539293787782976,0.0854722619047619,0.0854722619047619
15501,0.58,0.6446431256794577,0.6501350000000001,0.6501350000000001
10521,0.72,0.7042963313604469,0.7260687499999997,0.7260687499999997
16060,0.44,0.4048159680397188,0.3696741756854257,0.36967417568542565
9665,0.43,0.4622484655891194,0.463107853535353,0.463107853535353
2204,0.14,0.17069517403673712,0.20172119047619044,0.20172119047619044
22613,0.35,0.364468518749221,0.3373530158730151,0.3373530158730151
15664,0.74,0.7694258040457056,0.8202764285714282,0.8202764285714281
1358,0.25,0.3452464541030254,0.36320161019536007,0.36320161019536007
7786,0.39,0.3530898341270755,0.36248666666666646,0.36248666666666646
8704,0.43,0.4709588526963269,0.46942410714285715,0.4694241071428572
20954,0.33,0.4074215524107606,0.4426092857142854,0.4426092857142854
20294,0.17,0.12399433322795667,0.140799523809524,0.140799523809524
9085,0.13,0.10222837307770216,0.13618999999999987,0.13618999999999987
4156,0.75,0.7895148757750585,0.7882669047619058,0.7882669047619058
11812,0.54,0.5169721705966399,0.4781373809523808,0.47813738095238073
6642,0.35,0.32319882588415605,0.34361496031746036,0.34361496031746036
2838,0.65,0.5715163914294704,0.5063991666666667,0.5063991666666666
16507,0.3,0.41265934806376886,0.4219517857142867,0.4219517857142867
13454,0.31,0.29836612911955507,0.2915875000000005,0.2915875000000005
12686,0.58,0.5963895832210135,0.6664704761904768,0.6664704761904767
21989,0.44,0.4423378537575429,0.44142416666666656,0.44142416666666656
17648,0.56,0.49570038106414566,0.5318739484126985,0.5318739484126985
786,0.39,0.3407153316169228,0.32479332251082177,0.32479332251082177
17238,0.3,0.39215979746095125,0.40536045634920626,0.4053604563492063
6049,0.16,0.27619431412944784,0.21115833333333384,0.21115833333333384
18275,0.41,0.5046381631134293,0.5328527380952383,0.5328527380952384
17521,0.43,0.49610623590399827,0.45334969696969735,0.45334969696969735
13879,0.39,0.35557123172687943,0.32362166666666675,0.3236216666666668
2849,0.62,0.65974739933189,0.7133241666666676,0.7133241666666676
6330,0.57,0.6221013268428282,0.5738651190476182,0.5738651190476182
116,0.23,0.17974994235645575,0.2301580357142857,0.2301580357142857
19654,0.37,0.44225056225654874,0.44509825396825375,0.44509825396825375
4640,0.5,0.4204846021062943,0.4126889194139195,0.4126889194139195
5262,0.18,0.19903810466360478,0.13592763888888898,0.13592763888888898
18351,0.69,0.6491040583691775,0.6405695238095247,0.6405695238095247
15055,0.31,0.3487161929383499,0.3266999999999993,0.3266999999999993
20740,0.6,0.5482023536631642,0.6243533333333331,0.6243533333333331
3214,0.45,0.4353955234680192,0.4290077380952387,0.4290077380952388
18021,0.63,0.6211311115888323,0.5327628174603177,0.5327628174603176
8433,0.06,0.06858208103505525,0.05921666666666657,0.05921666666666656
9380,0.51,0.54811506216217,0.5878891666666651,0.5878891666666651
4138,0.43,0.44466177005996976,0.37677976190476187,0.3767797619047619
21766,0.4,0.362426270515409,0.32391166666666693,0.3239116666666668
1689,0.42,0.5144687701195231,0.5519212860750363,0.5519212860750364
13708,0.36,0.48100196225156605,0.4916558730158729,0.4916558730158728
4841,0.6,0.6257864208461728,0.646254285714286,0.646254285714286
14103,0.57,0.596580082892846,0.6060016666666685,0.6060016666666685
13612,0.5,0.466622106777845,0.4680613095238098,0.4680613095238098
16298,0.64,0.6450084854923682,0.6305433333333321,0.6305433333333321
16751,0.47,0.47250693031237867,0.4645558333333328,0.4645558333333328
19342,0.45,0.5158299478204408,0.46447416666666763,0.4644741666666675
19834,0.66,0.5173780254364926,0.4698669047619036,0.4698669047619035
3461,0.48,0.48237803234541454,0.4720720238095237,0.4720720238095237
20038,0.33,0.45018123378159297,0.3318091666666674,0.3318091666666674
1997,0.3,0.32552274218658295,0.2990719047619045,0.29907190476190443
12322,0.62,0.5803299867075163,0.5670511904761918,0.5670511904761918
22089,0.3,0.3797016032065029,0.38020773809523833,0.3802077380952382
1347,0.24,0.24410357635533936,0.16321845238095228,0.16321845238095228
5176,0.66,0.6445143148746081,0.6658399999999989,0.6658399999999988
1595,0.66,0.6852647663860838,0.7651744642857149,0.7651744642857149
8590,0.09,0.16476985547526135,0.1571962500000001,0.1571962500000001
13336,0.37,0.4088859382825167,0.40276031746031776,0.40276031746031776
3230,0.15,0.26660488016502687,0.23301416666666697,0.23301416666666697
17520,0.41,0.5031737772416732,0.4970749801587302,0.4970749801587302
17814,0.39,0.40170873639843013,0.3793669246031744,0.37936692460317445
4861,0.51,0.5479206855945493,0.5373320634920631,0.5373320634920631
3449,0.61,0.6067143608448676,0.5888519047619047,0.5888519047619046
14901,0.24,0.30425095265408875,0.32295666666666767,0.32295666666666767
3899,0.32,0.3405028290677774,0.33498071428571463,0.33498071428571463
4743,0.66,0.7093216244643097,0.7457733928571427,0.7457733928571427
15993,0.7,0.749083734740265,0.7211472619047611,0.7211472619047611
20770,0.52,0.5457209560633601,0.561571277056277,0.561571277056277
3724,0.77,0.7813898276823936,0.8178791666666675,0.8178791666666675
6037,0.4,0.41371325506206036,0.45159954365079374,0.45159954365079374
175,0.24,0.23972633540991534,0.20639916666666658,0.20639916666666658
12229,0.67,0.6628141359462365,0.674979166666668,0.6749791666666681
18024,0.67,0.6434604078763165,0.6492245436507937,0.6492245436507936
6969,0.29,0.2770538445601186,0.24873351190476234,0.24873351190476234
482,0.34,0.4004792221212369,0.35277767857143,0.35277767857143
15146,0.42,0.4500939422805988,0.48660079365079434,0.4866007936507943
18209,0.6,0.5486092327799302,0.5718360074647569,0.5718360074647569
19455,0.58,0.5464095032487412,0.5572813553113556,0.5572813553113556
19354,0.23,0.17755021282526667,0.2342708333333329,0.2342708333333329
6261,0.44,0.4575304431878827,0.4198458333333328,0.4198458333333328
216,0.22,0.20561147538351948,0.22156249999999994,0.22156249999999994
3822,0.5,0.5402014923417371,0.5084466666666666,0.5084466666666666
3107,0.41,0.45123514077988447,0.42596535714285766,0.42596535714285755
1534,0.41,0.319143748034289,0.2899109722222227,0.2899109722222227
13620,0.54,0.6358295304014119,0.593498888888889,0.593498888888889
6810,0.27,0.28645277885270715,0.31497291666666666,0.31497291666666666
21370,0.41,0.38683831006364733,0.431905,0.431905
16257,0.48,0.4831538710317897,0.4869844047619049,0.4869844047619049
304,0.28,0.2737415870221713,0.24181666666666643,0.24181666666666643
514,0.65,0.5821853350261943,0.5209932142857145,0.5209932142857145
15469,0.69,0.6214532746843893,0.5932708333333316,0.5932708333333316
1394,0.58,0.5544940563144639,0.6059186847874352,0.605918684787435
18240,0.71,0.7179408431747349,0.7753900000000002,0.7753900000000002
13919,0.51,0.6140635702511573,0.5318206746031754,0.5318206746031754
2470,0.59,0.5765416845333333,0.5547438492063494,0.5547438492063494
1825,0.11,0.10173420245994191,0.11353750000000014,0.11353750000000012
17388,0.53,0.5472690336794119,0.5172481547619037,0.5172481547619037
19932,0.57,0.5018200761932421,0.4677392857142856,0.4677392857142856
10887,0.61,0.504879336155102,0.5720833928571438,0.5720833928571437
16995,0.57,0.5428117007463906,0.5604032142857126,0.5604032142857127
20071,0.61,0.5930698490305795,0.5965041666666656,0.5965041666666656
976,0.41,0.36072071160198016,0.3432366666666667,0.3432366666666667
7720,0.49,0.49378231960157143,0.4188183333333337,0.4188183333333337
18365,0.2,0.212466514172049,0.22368499999999997,0.22368499999999997
15503,0.56,0.5765821795602755,0.5700062500000016,0.5700062500000015
6919,0.64,0.5929159674899009,0.588836666666665,0.588836666666665
5573,0.52,0.5829611737125694,0.6113308333333327,0.6113308333333327
18119,0.38,0.3483462090918274,0.3380120830558331,0.33801208305583313
13403,0.62,0.6031534536127607,0.5258647619047632,0.5258647619047632
7150,0.47,0.5246435430984866,0.48980142857142817,0.48980142857142817
19180,0.33,0.4053101386574791,0.4078702380952366,0.4078702380952366
2715,0.48,0.5393014668841241,0.5411110119047613,0.5411110119047612
21610,0.7,0.6064326927762527,0.6345457142857135,0.6345457142857134
19258,0.61,0.6398995006442098,0.5927767099567097,0.5927767099567097
21572,0.73,0.8120566746116882,0.7514549999999995,0.7514549999999995
13995,0.63,0.650315446664846,0.6354366666666672,0.6354366666666671
1041,0.49,0.5768233526019482,0.5434458333333333,0.5434458333333334
232,0.0,-0.06023007254704821,0.0,0.0
21651,0.38,0.45111095400864665,0.4286672907647919,0.4286672907647919
4964,0.61,0.6074901995312427,0.5789158333333313,0.5789158333333313
9753,0.28,0.24050217409629046,0.2573613095238094,0.2573613095238094
2429,0.64,0.5851609032437585,0.5396334920634924,0.5396334920634925
31,0.2,0.24418726809963506,0.29479845238095237,0.29479845238095237
18585,0.51,0.438736451498494,0.40798392857142896,0.40798392857142896
22146,0.34,0.350180578810106,0.3286666666666658,0.32866666666666566
17741,0.32,0.3467108399747815,0.38923732142857176,0.3892373214285718
2444,0.29,0.3246632117559122,0.2564721428571429,0.256472142857143
17454,0.57,0.5544940563144639,0.6059186847874352,0.605918684787435
12225,0.52,0.5640834902788849,0.5618568398268411,0.5618568398268411
20244,0.32,0.27554266221431056,0.24882162698412677,0.24882162698412677
6495,0.3,0.3000716880329839,0.2938574999999999,0.2938574999999999
1324,0.69,0.5725738981844604,0.6064016666666664,0.6064016666666664
20636,0.73,0.6756753324216628,0.6417694642857137,0.6417694642857137
6089,0.7,0.702748253744395,0.7574532936507933,0.7574532936507933
9941,0.73,0.681194796143286,0.7006773773448769,0.7006773773448768
6549,0.47,0.5061493454592374,0.5232153571428574,0.5232153571428574
14328,0.65,0.6105026630190505,0.527154604978355,0.527154604978355
13127,0.52,0.5405714761882595,0.5885973809523799,0.5885973809523799
3529,0.42,0.4701830140099518,0.4446966666666669,0.44469666666666696
1134,0.57,0.48993974430084974,0.5009451388888886,0.5009451388888886
15451,0.58,0.5405714761882595,0.5885973809523799,0.5885973809523799
12410,0.54,0.5547757243830789,0.5389053571428571,0.5389053571428571
19064,0.2,0.27175436004012754,0.2233961904761907,0.2233961904761907
1803,0.48,0.44388593137359467,0.4114824639249639,0.4114824639249639
15643,0.2,0.24487581528501606,0.22671999999999978,0.22671999999999978
20813,0.41,0.36475018681783583,0.33079386904761954,0.3307938690476195
3356,0.65,0.5765416845333333,0.5547438492063494,0.5547438492063494
19516,0.32,0.24536998590277628,0.20807952380952366,0.2080795238095236
6458,0.37,0.29612590456142385,0.29358923215673205,0.29358923215673205
22450,0.29,0.2890583632237489,0.2606778571428571,0.2606778571428571
14975,0.31,0.3094706223255723,0.33336845238095264,0.33336845238095264
4565,0.49,0.3713640525646926,0.319702208485958,0.319702208485958
16343,0.6,0.5824670030948091,0.5643263095238086,0.5643263095238086
11757,0.5,0.444537583288732,0.42183750000000086,0.4218375000000008
19001,0.35,0.3211491009978574,0.31074499999999927,0.31074499999999927
4296,0.53,0.5988709808208176,0.642582083333333,0.642582083333333
16170,0.5,0.49598204913276045,0.4883986309523818,0.4883986309523818
4741,0.52,0.4817778009379412,0.484066488095238,0.4840664880952381
3354,0.18,0.15112894341767175,0.16970261904761919,0.16970261904761919
5406,0.53,0.5123573563662416,0.4700247619047621,0.470024761904762
22037,0.56,0.590592051187474,0.6240559920634925,0.6240559920634925
5933,0.49,0.5021854360061527,0.5012166666666666,0.5012166666666666
16095,0.87,0.7519929900572344,0.7558916666666664,0.7558916666666664
12360,0.61,0.5927044892176689,0.5914512301587304,0.5914512301587304
5093,0.36,0.28313304466227307,0.31171849927849915,0.31171849927849915
15821,0.24,0.2973777878840345,0.27443333333333425,0.27443333333333425
6977,0.36,0.41371325506206036,0.45159954365079374,0.45159954365079374
10649,0.32,0.296690264975567,0.24478249999999993,0.24478249999999993
14788,0.3,0.28645277885270715,0.31497291666666666,0.31497291666666666
3865,0.43,0.4448561466275905,0.4156548809523809,0.41565488095238096
19757,0.36,0.36524435743559613,0.3045016071428568,0.3045016071428568
21826,0.4,0.4612782503351236,0.5188858134920642,0.5188858134920642
6208,0.16,0.22744660105324346,0.23482063852813834,0.23482063852813834
2628,0.44,0.5046381631134293,0.5328527380952383,0.5328527380952384
4339,0.54,0.6141877570223951,0.6043314087301587,0.6043314087301587
14913,0.41,0.44891122447745757,0.45815734126984076,0.45815734126984076
14582,0.47,0.4202029340376794,0.48147989538239644,0.48147989538239644
14556,0.69,0.6430904240297941,0.6655824999999999,0.6655824999999999
1474,0.62,0.6044234629168961,0.5892750000000015,0.5892750000000015
9515,0.08,0.16334596463044732,0.16961000000000012,0.16961000000000012
20299,0.7,0.7246384006658874,0.7579733333333334,0.7579733333333334
687,0.46,0.45123514077988447,0.42596535714285766,0.42596535714285755
1170,0.18,0.13463767419066924,0.15879083333333308,0.15879083333333308
21204,0.53,0.5428953924906864,0.5027696681096675,0.5027696681096675
11215,0.59,0.4983059654351874,0.4247814285714291,0.4247814285714291
18066,0.35,0.30115119766528675,0.31746547619047655,0.31746547619047655
8521,0.43,0.4736527528452763,0.4728217857142857,0.47282178571428574
9100,0.62,0.6880498349318155,0.7247140674603177,0.7247140674603176
20707,0.39,0.42317850225524367,0.38488583333333354,0.3848858333333334
123,0.36,0.4210624644683502,0.42762583333333304,0.42762583333333304
13440,0.54,0.47377693961651407,0.4419752813852816,0.4419752813852816
11019,0.6,0.582748671163424,0.5346791666666663,0.5346791666666663
5997,0.47,0.4783080621026167,0.4456401785714285,0.44564017857142846
6035,0.51,0.5274211349917317,0.5484383207070709,0.548438320707071
11289,0.69,0.6686077910839878,0.7171475000000005,0.7171475000000005
7614,0.2,0.28955253384150914,0.28903333333333386,0.2890333333333339
11486,0.64,0.5714326996851747,0.5414915259740257,0.5414915259740257
9817,0.02,-0.035576859957137164,0.0009,0.0009
15495,0.44,0.45033511532227155,0.4503764285714281,0.4503764285714281
20418,0.7,0.6802064549077654,0.6623930952380962,0.6623930952380962
13230,0.27,0.21653648441484685,0.2406073015873017,0.24060730158730168
1645,0.58,0.584790919397236,0.5474979166666661,0.5474979166666661
11291,0.61,0.5912401033459129,0.5952913769563765,0.5952913769563765
22287,0.37,0.3452464541030254,0.36320161019536007,0.36320161019536007
2009,0.33,0.4124468455146235,0.42756083333333317,0.42756083333333306
917,0.11,0.12213898490927871,0.10732499999999985,0.10732499999999985
15598,0.39,0.39386535637438014,0.38575601190476205,0.38575601190476205
17870,0.51,0.5763005114916606,0.5850733333333329,0.5850733333333329
9334,0.37,0.3794891006573575,0.41909833333333313,0.4190983333333332
8642,0.52,0.47601716417464524,0.4225013888888889,0.4225013888888889
8097,0.37,0.42841167387463996,0.42222333333333334,0.42222333333333334
21859,0.34,0.38679781503670524,0.4242580952380952,0.4242580952380953
5676,0.3,0.3452464541030254,0.36320161019536007,0.36320161019536007
10552,0.6,0.6047090078812992,0.6530430952380958,0.6530430952380958
19797,0.56,0.6346873076252127,0.6637333928571433,0.6637333928571431
9029,0.57,0.6589346653752712,0.6814541666666668,0.6814541666666666
16245,0.47,0.45151680884849926,0.43620571428571375,0.43620571428571375
12770,0.6,0.6282678184459767,0.6261436309523821,0.626143630952382
18427,0.79,0.7278119452077707,0.7472437500000001,0.74724375
15116,0.24,0.2808091283598462,0.24090999999999949,0.24090999999999949
14847,0.54,0.6153335795552928,0.5891638095238094,0.5891638095238094
968,0.28,0.27513578309754444,0.26939613095238074,0.26939613095238074
12592,0.41,0.3997906749358559,0.3901998809523809,0.3901998809523809
5623,0.53,0.4531936972694008,0.4041318452380954,0.4041318452380955
18467,0.7,0.70197241505802,0.7021032142857149,0.7021032142857149
4632,0.14,0.12378183067881132,0.1456777777777777,0.1456777777777777
1269,0.26,0.25280648681006024,0.25312166666666674,0.25312166666666674
2149,0.47,0.551214817150972,0.5015826587301581,0.5015826587301582
8354,0.63,0.5838908939396231,0.5779644338702232,0.5779644338702232
4174,0.45,0.45809017956841397,0.4698391666666668,0.4698391666666668
11474,0.24,0.180244112974216,0.22084999999999946,0.22084999999999946
14631,0.43,0.40559180672609396,0.3961748809523808,0.39617488095238074
22368,0.51,0.5792760797092248,0.5510521428571434,0.5510521428571434
2800,0.37,0.36149655028835526,0.331061666666667,0.331061666666667
2680,0.78,0.6530498418407376,0.6640358333333354,0.6640358333333353
2274,0.4,0.36757575039050966,0.32897750000000053,0.32897750000000053
12485,0.25,0.2800737847004132,0.23588202380952367,0.23588202380952372
19252,0.49,0.5049198311820442,0.5718458116883126,0.5718458116883126
5023,0.48,0.4605429066756906,0.4210673809523808,0.42106738095238083
15226,0.35,0.3816888301885466,0.3812972619047622,0.3812972619047622
9791,0.43,0.49145092664665785,0.49148250000000027,0.4914825000000003
5616,0.58,0.5785875325238438,0.5774812500000005,0.5774812500000004
10445,0.59,0.555269895000839,0.5902603564491063,0.5902603564491063
7631,0.74,0.6858501054006264,0.6555817857142862,0.6555817857142862
22154,0.5,0.43641253519606704,0.36920222222222226,0.36920222222222226
1697,0.5,0.43703089258506517,0.3912503968253967,0.3912503968253967
4688,0.64,0.6044234629168961,0.5892750000000015,0.5892750000000015
19486,1.0,0.890072414508202,0.9406833333333318,0.9406833333333318
18093,0.0,-0.012346513935126535,0.017372624458874455,0.017372624458874455
8916,0.27,0.36475018681783583,0.33079386904761954,0.3307938690476195
14894,0.38,0.44584448786311104,0.356410436507937,0.356410436507937
8678,0.4,0.4847902644257491,0.43026916666666687,0.43026916666666687
2815,0.28,0.29612590456142385,0.29358923215673205,0.29358923215673205
7051,0.42,0.41420742567982066,0.4531606547619041,0.4531606547619041
21930,0.49,0.43343696697850287,0.4664548809523804,0.4664548809523804
2725,0.65,0.5732624453698414,0.5524925396825399,0.55249253968254
6815,0.49,0.5497504312792159,0.5764262301587304,0.5764262301587304
4119,0.5,0.5413437151179361,0.5172852380952391,0.5172852380952392
14242,0.56,0.6508096172826063,0.6901036525974021,0.6901036525974021
1961,0.62,0.5829611737125694,0.6113308333333327,0.6113308333333327
15802,0.51,0.5172943336921969,0.4452275000000009,0.44522750000000094
2844,0.68,0.6883315030004303,0.6954017857142848,0.6954017857142848
12535,0.4,0.3206549303800971,0.25739119047619063,0.25739119047619063
7046,0.33,0.39746675863342906,0.3701722742535243,0.3701722742535243
604,0.86,0.8358098617439863,0.8476500000000009,0.8476500000000009
2428,0.56,0.5562401102548349,0.5062372763347763,0.5062372763347763
7082,0.39,0.4602062173553074,0.44956249999999903,0.44956249999999903
4169,0.26,0.26341680939831724,0.25851166666666636,0.2585116666666664
17478,0.35,0.38431641743690126,0.3710474080086578,0.3710474080086578
15406,0.35,0.4708676842995446,0.3957825000000006,0.3957825000000007
137,0.37,0.38431641743690126,0.3710474080086578,0.3710474080086578
5342,0.82,0.7005485242132059,0.7363393253968253,0.7363393253968253
20711,0.16,0.2190398848919637,0.22978579365079352,0.22978579365079352
455,0.49,0.5178721960542528,0.4686442261904761,0.468644226190476
3359,0.45,0.4670793821253616,0.4003849999999997,0.4003849999999997
11699,0.34,0.33209611290649765,0.30412571428571467,0.30412571428571467
10289,0.22,0.28869300341083837,0.2630433333333328,0.2630433333333328
7011,0.21,0.1995141492998404,0.21672976190476187,0.21672976190476187
3012,0.37,0.41619465266186434,0.44940000000000035,0.44940000000000035
4864,0.41,0.5228974891581157,0.552611024114774,0.5526110241147741
8327,0.49,0.43901811956710884,0.43630642857142876,0.4363064285714288
20912,0.37,0.3990148362494808,0.4421680555555556,0.4421680555555556
21365,0.71,0.7265419359036354,0.7036387500000008,0.7036387500000008
7281,0.38,0.434901352850259,0.45944323412698373,0.45944323412698373
10775,0.46,0.356665633752113,0.35768329365079377,0.3576832936507938
8118,0.42,0.35569541849811726,0.33404240620490633,0.33404240620490633
7433,0.47,0.383822246819141,0.44804642857142823,0.4480464285714283
18495,0.39,0.38729198565446543,0.3387676497113995,0.3387676497113995
14228,0.22,0.20772288913680095,0.19351693722943694,0.19351693722943694
17622,0.86,0.8577000086654787,0.9405499999999991,0.9405499999999992
17585,0.6,0.6132877315647822,0.6511689285714282,0.6511689285714283
719,0.48,0.5150541091340657,0.53250505952381,0.53250505952381
10166,0.76,0.7762403478072929,0.7826616666666668,0.7826616666666668
15804,0.23,0.19274280225560653,0.17724551587301576,0.17724551587301576
13304,0.08,0.017050323690032676,0.04227261904761903,0.042272619047619024
13509,0.18,0.16130371639663532,0.1428649999999999,0.14286499999999994
1393,0.63,0.6477428806682598,0.5495500000000003,0.5495500000000003
18273,0.95,0.9021652489497398,0.9010208333333355,0.9010208333333355
19020,0.59,0.5988709808208176,0.642582083333333,0.642582083333333
16549,0.51,0.6072490264895699,0.6016166666666676,0.6016166666666676
15566,0.68,0.6860444819682471,0.6904500000000015,0.6904500000000015
852,0.51,0.4824663481233222,0.5297850000000007,0.5297850000000007
20081,0.57,0.5187182245370109,0.558396666666665,0.558396666666665
18587,0.77,0.7390001301580837,0.7373041666666658,0.7373041666666659
6324,0.08,0.10393393199113099,0.13483333333333333,0.13483333333333333
14720,0.55,0.5622491205606064,0.5827244047619047,0.5827244047619048
17755,0.34,0.3730877374596462,0.3803468055555559,0.3803468055555559
12893,0.34,0.356665633752113,0.35768329365079377,0.3576832936507938
12270,0.28,0.4129410161323837,0.40478321428571395,0.40478321428571395
6962,0.46,0.40559180672609396,0.3961748809523808,0.39617488095238074
208,0.3,0.287422994106703,0.27083940476190443,0.27083940476190443
3934,0.1,0.050008068547298556,0.06436666666666664,0.06436666666666664
6750,0.52,0.5535643360874103,0.549975952380952,0.549975952380952
3271,0.5,0.5039496159280483,0.5174636507936499,0.5174636507936499
11622,0.44,0.41477076181705036,0.42977638167388194,0.42977638167388194
10243,0.07,0.10037302475902421,0.0991833333333332,0.0991833333333332
826,0.64,0.6667780453993213,0.6260507900432905,0.6260507900432905
21436,0.64,0.6576646560711359,0.6380075000000004,0.6380075000000004
16729,0.34,0.32270465526639586,0.34519785714285767,0.34519785714285767
14488,0.54,0.44522613047411297,0.35202333333333485,0.35202333333333485
20594,0.58,0.46580937282122625,0.45200728174603183,0.45200728174603183
6285,0.51,0.4650335341348511,0.46357345238095227,0.46357345238095227
10574,0.39,0.44891122447745757,0.45815734126984076,0.45815734126984076
22546,0.31,0.32425633263914605,0.33089583333333317,0.33089583333333317
11264,0.47,0.5525759948518897,0.5082208333333328,0.5082208333333328
1811,0.57,0.5499629338283614,0.5474934523809526,0.5474934523809527
9938,0.91,0.9032227557047299,0.8840458333333315,0.8840458333333315
6972,0.65,0.5421195538043113,0.5626224837662341,0.5626224837662341
12758,0.87,0.8505082805565659,0.8509858333333341,0.8509858333333341
16383,0.56,0.5993651514385778,0.6071855844155842,0.6071855844155842
2260,0.57,0.5925101126500483,0.5954109523809517,0.5954109523809517
8679,0.52,0.5243213800029297,0.5326833333333338,0.5326833333333338
9966,0.15,0.2476570069349595,0.2235299999999996,0.2235299999999996
11242,0.69,0.6437420759449314,0.6429107738095241,0.6429107738095241
7960,0.31,0.3934999965614696,0.3748682142857139,0.374868214285714
2578,0.32,0.4288221527481046,0.4119475000000003,0.4119475000000003
1739,0.62,0.5522943267832748,0.5540893470418468,0.5540893470418468
16263,0.61,0.5659132359635516,0.5741253174603176,0.5741253174603177
2053,0.48,0.5457209560633601,0.561571277056277,0.561571277056277
16600,0.28,0.30298094334995335,0.2569363095238089,0.25693630952380897
19528,0.58,0.6232425253421138,0.6086125000000007,0.6086125000000007
20623,0.65,0.6290436571323518,0.6041507738095224,0.6041507738095224
12867,0.38,0.4098337844910951,0.36238750000000003,0.36238750000000003
14888,0.28,0.34388527640210775,0.3886646428571432,0.3886646428571432
8401,0.36,0.41399492313067526,0.44146666666666595,0.44146666666666595
5181,0.37,0.42029022553867357,0.3561521861471864,0.3561521861471864
12868,0.52,0.5853552798113792,0.6180404761904759,0.618040476190476
16376,0.89,0.7815803273542261,0.8104533333333344,0.8104533333333341
17941,0.27,0.35406004938107133,0.3458985714285717,0.3458985714285717
22311,0.47,0.3865566419950324,0.38029272727272734,0.38029272727272734
8788,0.45,0.3419672149395335,0.33900486111111144,0.33900486111111133
15586,0.55,0.5788656008357602,0.6315165079365077,0.6315165079365076
7697,0.3,0.29101691971326527,0.3112400000000003,0.3112400000000003
15769,0.76,0.6984987993269073,0.668477738095238,0.668477738095238
20444,0.5,0.534557841848876,0.5364183333333328,0.5364183333333328
14669,0.75,0.7681557947415701,0.799301666666667,0.799301666666667
9785,0.64,0.5415416914422553,0.5945452380952377,0.5945452380952376
20413,0.5,0.3992965043180957,0.406047023809524,0.40604702380952395
15366,0.3,0.37088800792845705,0.33371664862914907,0.33371664862914907
18944,0.28,0.3300538646726856,0.3040044047619046,0.3040044047619046
16193,0.45,0.4853756034402916,0.4738081746031749,0.47380817460317487
11031,0.35,0.40685821627353086,0.3612749084249088,0.3612749084249088
3855,0.47,0.42000855747005866,0.4268741865079369,0.4268741865079369
16243,0.52,0.466622106777845,0.4680613095238098,0.4680613095238098
13516,0.55,0.6384351147724536,0.6211829996392499,0.6211829996392499
12510,0.39,0.355889795065738,0.3824692857142856,0.3824692857142856
20882,0.79,0.8013040392706687,0.8123082142857152,0.8123082142857152
18366,0.61,0.6384351147724536,0.6211829996392499,0.6211829996392499
20441,0.76,0.7512132744750711,0.7656520833333336,0.7656520833333336
2746,0.17,0.151623114035432,0.15687333333333311,0.15687333333333311
5156,0.48,0.4598543594903096,0.39661976190476234,0.39661976190476234
4783,0.92,0.9199634227511213,0.963743749999999,0.963743749999999
14205,0.07,0.023216815293181148,0.033559999999999854,0.033559999999999854
6292,0.24,0.28955253384150914,0.28903333333333386,0.2890333333333339
20069,0.16,0.14052249772520287,0.19332357142857165,0.19332357142857165
12783,0.37,0.3990148362494808,0.4421680555555556,0.4421680555555556
2672,0.63,0.659129041942892,0.6578125,0.6578125
8955,0.57,0.5063437220268582,0.5235541666666667,0.5235541666666668
18306,0.57,0.4584601634149365,0.42878922619047666,0.42878922619047666
15648,0.16,0.20731703429694834,0.20064333333333326,0.20064333333333326
10181,0.43,0.4063640456557706,0.4108904761904757,0.41089047619047575
4085,0.48,0.4537570334066305,0.43053517857142865,0.43053517857142865
1272,0.63,0.5656315678949367,0.5387421284271277,0.5387421284271275
8182,0.34,0.4224026635688685,0.4361253571428575,0.4361253571428575
360,0.36,0.3848105880546615,0.38632433621933565,0.38632433621933565
18131,0.41,0.37733719187713394,0.3766091666666668,0.3766091666666669
3126,0.64,0.6412606783451273,0.6445980375180375,0.6445980375180376
13268,0.39,0.4154593090024314,0.4392070707070704,0.4392070707070704
7233,0.6,0.623001352300441,0.6162812499999992,0.6162812499999992
14452,0.18,0.2588856869122146,0.2563530123531438,0.2563530123531438
17316,0.77,0.7524871606749948,0.7819684523809518,0.7819684523809517
8449,0.38,0.3721398912510677,0.4300055952380964,0.4300055952380964
12307,0.34,0.3483462090918274,0.3380120830558331,0.33801208305583313
6038,0.39,0.41575910305257086,0.4155718452380943,0.4155718452380943
5456,0.65,0.5740382840562165,0.6089141666666658,0.6089141666666658
21240,0.64,0.6721219018420426,0.6660399999999997,0.6660399999999997
12991,0.11,0.23075885859119086,0.21830833333333355,0.21830833333333355
13484,0.32,0.23683805869334526,0.21982119047619073,0.21982119047619073
8650,0.79,0.77227256145842,0.8347766666666684,0.8347766666666685
5398,0.28,0.2409963447140507,0.20842666666666662,0.20842666666666662
15446,0.28,0.24871839058573766,0.25334166666666674,0.25334166666666674
18863,0.69,0.6661263934841839,0.637104166666666,0.6371041666666661
6086,0.47,0.47192906795032274,0.45014583333333397,0.4501458333333339
20108,0.53,0.5078953993996084,0.5208194444444447,0.5208194444444447
11512,0.34,0.32037326231148233,0.33035077380952393,0.3303507738095239
15412,0.09,0.07584399894035088,0.12329785714285717,0.12329785714285717
7554,0.22,0.24545727740377044,0.23392845238095228,0.23392845238095228
204,0.39,0.3785188854033617,0.3646533333333329,0.3646533333333329
7132,0.39,0.46789211608198034,0.4670857936507938,0.4670857936507938
19429,0.55,0.49496503740471265,0.5257921428571425,0.5257921428571425
35,0.39,0.36149655028835526,0.331061666666667,0.331061666666667
5155,0.26,0.2592961657856792,0.20774166666666688,0.20774166666666688
2493,0.23,0.33867308338311075,0.349513095238095,0.34951309523809504
10222,0.84,0.8253939157233501,0.8460116666666668,0.846011666666667
5663,0.52,0.46785162105503825,0.44787039682539664,0.4478703968253967
12181,0.14,0.19776809535946943,0.18155583333333314,0.18155583333333314
11048,0.79,0.7278956369520664,0.7577302380952382,0.7577302380952382
22649,0.28,0.2817091538174591,0.2581246428571429,0.2581246428571429
2113,0.0,-0.06023007254704821,0.0,0.0
16604,0.65,0.6435845946475544,0.6417649999999989,0.6417649999999989
17000,0.61,0.6483282196828023,0.6846291666666656,0.6846291666666656
7826,0.38,0.45172931139764466,0.4278562914862911,0.4278562914862911
20970,0.23,0.2896227236378921,0.23888910714285685,0.23888910714285685
4455,0.28,0.26623489631850444,0.30109042388167373,0.3010904238816738
769,0.6,0.5421195538043113,0.5626224837662341,0.5626224837662341
15990,0.1,0.09110575389016018,0.10250000000000002,0.10250000000000002
9138,0.34,0.43138724209220414,0.3613744047619062,0.3613744047619062
17572,1.0,0.8885243368921503,0.8978749999999996,0.8978749999999998
6010,0.51,0.5479206855945493,0.5373320634920631,0.5373320634920631
3151,0.54,0.4736527528452763,0.4728217857142857,0.47282178571428574
15274,0.58,0.6064326927762527,0.6345457142857135,0.6345457142857134
15141,0.51,0.5428953924906864,0.5027696681096675,0.5027696681096675
10206,0.35,0.3794486056304154,0.3859000595238095,0.3859000595238095
1419,0.29,0.3997906749358559,0.3901998809523809,0.3901998809523809
19276,0.74,0.7197705888594015,0.7320172619047621,0.7320172619047621
10430,0.48,0.39746675863342906,0.3701722742535243,0.3701722742535243
3130,0.4,0.3780247147856014,0.33988333333333287,0.3398833333333328
15532,0.38,0.3782372173347468,0.33880909090909095,0.33880909090909095
885,0.34,0.3703938373106968,0.3629515873015878,0.3629515873015878
7864,0.64,0.6031534536127607,0.5258647619047632,0.5258647619047632
6694,0.56,0.5008498609392463,0.4525394047619046,0.4525394047619046
5946,0.56,0.465933559592464,0.4553185112110114,0.45531851121101136
62,0.57,0.542401221872926,0.5616417063492063,0.5616417063492064
4004,0.51,0.6270564301503081,0.5800878571428577,0.5800878571428576
21172,0.47,0.42183830315472526,0.4587822442834942,0.4587822442834941
3085,0.55,0.630226374935493,0.6052797619047618,0.6052797619047618
15602,0.15,0.07437961306859475,0.10949692460317455,0.10949692460317452
18476,0.53,0.5927044892176689,0.5914512301587304,0.5914512301587304
6457,0.22,0.21479043047447588,0.2787997434509934,0.2787997434509934
14546,0.34,0.41640715521100974,0.35893785714285725,0.35893785714285725
10461,0.46,0.5250972186893048,0.555245575396825,0.555245575396825
13314,0.42,0.4048159680397188,0.3696741756854257,0.36967417568542565
7673,0.56,0.4260877575722131,0.4821729166666664,0.4821729166666664
21527,0.22,0.25067694707525406,0.27582583333333266,0.27582583333333266
11710,0.36,0.4233026890264814,0.4100398809523799,0.4100398809523799
9872,0.38,0.4233026890264814,0.4100398809523799,0.4100398809523799
16792,0.59,0.5296613595498629,0.531923214285714,0.531923214285714
8473,0.61,0.6881740217030532,0.737808333333333,0.737808333333333
22713,0.8,0.7618235970633283,0.7750703571428572,0.7750703571428572
3004,0.35,0.3936241833327074,0.39950338383838413,0.39950338383838413
4503,0.55,0.5704624844311789,0.542375,0.542375
17172,0.69,0.6868203206546223,0.6809099999999981,0.6809099999999981
17754,0.67,0.5686983045092833,0.6249249603174589,0.6249249603174589
22406,0.08,0.1280238084438124,0.15285505050505027,0.15285505050505027
19655,0.64,0.6655080360951859,0.6272625000000002,0.6272625000000002
1618,0.32,0.3990148362494808,0.4421680555555556,0.4421680555555556
6121,0.67,0.6655080360951859,0.6272625000000002,0.6272625000000002
2571,0.76,0.673351416119236,0.7360155952380952,0.7360155952380952
8441,0.59,0.623736695959874,0.6198031331168834,0.6198031331168834
5670,0.34,0.37908324581750485,0.3443791666666662,0.34437916666666624
21627,0.44,0.3690401362622658,0.33909916666666695,0.33909916666666695
4321,0.65,0.5277028030603466,0.5475323611111107,0.5475323611111108
11850,0.65,0.6232425253421138,0.6086125000000007,0.6086125000000007
13567,0.24,0.28390888334864817,0.24911064393939406,0.24911064393939406
13549,0.41,0.4650740291617932,0.44636511904761905,0.44636511904761905
7485,0.78,0.8143805909141151,0.7775750000000008,0.7775750000000008
21109,0.27,0.3842327256926056,0.4314810714285724,0.4314810714285724
11311,0.52,0.5780060704050893,0.6269856746031729,0.6269856746031729
9929,0.67,0.5393014668841241,0.5411110119047613,0.5411110119047612
12254,0.71,0.7276139688834515,0.7987966666666666,0.7987966666666668
5602,0.1,0.11332538963123284,0.14239583333333342,0.14239583333333342
12838,0.77,0.6881740217030532,0.737808333333333,0.737808333333333
17302,0.4,0.43927111714319633,0.4310621428571422,0.4310621428571422
5076,0.59,0.5530701654696499,0.5903933730158736,0.5903933730158736
2436,0.36,0.3867141232924095,0.4158000000000008,0.4158000000000008
7257,0.41,0.3979609292511893,0.40101249999999866,0.40101249999999866
8396,0.35,0.434212805664878,0.4364090130702629,0.4364090130702629
1526,0.47,0.4356771915366341,0.41804083333333386,0.41804083333333386
14533,0.44,0.41554762478033896,0.3811780952380947,0.3811780952380947
10058,0.63,0.5644488500917955,0.5435527777777776,0.5435527777777776
10442,0.6,0.5946215264033298,0.6345200000000002,0.6345200000000003
15992,0.44,0.4349886443512531,0.42914710317460314,0.42914710317460303
1706,0.67,0.6444306231303123,0.6345441666666669,0.634544166666667
13273,0.71,0.6586529973066564,0.6556984686147185,0.6556984686147185
20494,0.68,0.6381534467038388,0.6380891666666667,0.6380891666666667
15710,0.41,0.42658192818997337,0.4186573809523799,0.41865738095238003
19146,0.71,0.732426759438169,0.6995550000000003,0.6995550000000003
977,0.26,0.23740241910748847,0.23444333333333373,0.23444333333333373
20198,0.1,0.08201049054349946,0.10808666666666672,0.10808666666666672
2333,0.46,0.38296271638847024,0.35980249999999925,0.35980249999999925
14693,0.33,0.363044627904407,0.38131807123432127,0.38131807123432127
13381,0.34,0.3452464541030254,0.36320161019536007,0.36320161019536007
6821,0.47,0.48140781709141867,0.44757095238095174,0.44757095238095174
15522,0.51,0.5068378926446184,0.5559450000000017,0.5559450000000017
15561,0.62,0.6464728713641243,0.6240133333333326,0.6240133333333326
4553,0.82,0.7463898345913157,0.7359499999999994,0.7359499999999994
2530,0.87,0.7329209300559293,0.7465000000000004,0.7465000000000005
7626,0.15,0.16384013524820762,0.14875000000000022,0.14875000000000022
948,0.48,0.39166562684319106,0.39782155665413044,0.39782155665413044
3309,0.51,0.48410171724036805,0.514218214285715,0.514218214285715
21751,0.52,0.46817378415059524,0.40388471500721507,0.40388471500721507
4519,0.57,0.549468763210601,0.5704442735042733,0.5704442735042733
1910,0.46,0.473001100930139,0.4713051692751701,0.47130516927517
12677,0.34,0.361368763760419,0.36700095238095215,0.36700095238095215
11978,0.59,0.6160221267406738,0.5435780357142864,0.5435780357142864
7070,0.37,0.44515594067773007,0.402601428571429,0.40260142857142894
15777,0.67,0.5942561665904192,0.5946650000000012,0.5946650000000012
11021,0.77,0.8013877310149642,0.7959499999999999,0.7959500000000002
4583,0.42,0.3958239128638965,0.38156393939393946,0.38156393939393946
9448,0.39,0.3609150881696009,0.35217222222222233,0.35217222222222233
8347,0.45,0.45927289737155524,0.4271198809523811,0.4271198809523811
14928,0.37,0.4093396138733348,0.40623958333333315,0.40623958333333315
9440,0.34,0.39669091994705397,0.43578920634920576,0.43578920634920576
9486,0.43,0.44466177005996976,0.37677976190476187,0.3767797619047619
14822,0.42,0.3691238280065614,0.4371649999999995,0.4371649999999995
17340,0.25,0.21470673873018023,0.2004666666666667,0.20046666666666674
21369,0.08,0.067030403662305,0.06802184523809524,0.06802184523809524
2720,0.85,0.7192764182416413,0.7503616666666659,0.750361666666666
22171,0.56,0.5614732818742313,0.5986882142857154,0.5986882142857154
10876,0.39,0.32270465526639586,0.34519785714285767,0.34519785714285767
9012,0.63,0.6961748830244804,0.760333333333334,0.7603333333333339
1918,0.28,0.2530008633776809,0.2640391666666668,0.2640391666666668
12243,0.63,0.6112785017054256,0.641761666666667,0.641761666666667
5835,0.62,0.6513442829273087,0.6283583333333344,0.6283583333333345
5272,0.79,0.7623177676810884,0.7686028571428579,0.7686028571428579
114,0.4,0.48565727150890653,0.46968646825396804,0.46968646825396804
15210,0.56,0.5397956375018843,0.5779133333333332,0.5779133333333332
16738,0.51,0.5740602869335293,0.5551333928571436,0.5551333928571435
1611,0.14,0.09720307997383926,0.12457166666666676,0.12457166666666676
19139,0.37,0.3941875194699371,0.45150097222222135,0.45150097222222135
3058,0.52,0.5054140017998044,0.43405476190476205,0.43405476190476205
12192,0.19,0.25218812942106217,0.25235720238095255,0.2523572023809526
21296,0.24,0.2523123161923,0.2791279365079364,0.2791279365079364
2748,0.6,0.5269269643739715,0.5453619047619049,0.5453619047619049
19907,0.49,0.5288855208634877,0.5342174603174612,0.5342174603174613
5255,0.02,-0.06525536565091111,0.0,0.0
15981,0.53,0.5182421799007753,0.5302413690476194,0.5302413690476194
16103,0.6,0.5265616045610609,0.538863333333334,0.538863333333334
5763,0.02,-0.02704493274770614,0.0200841666666666,0.0200841666666666
9470,0.29,0.2831735396892152,0.27210250000000036,0.27210250000000036
11297,0.3,0.339167254000871,0.3276408333333324,0.3276408333333323
2473,0.23,0.31817353278029314,0.32813583333333346,0.32813583333333346
2976,0.74,0.6536277042027935,0.6289145260295268,0.6289145260295268
20961,0.49,0.4587823265104934,0.4784426190476191,0.4784426190476191
16957,0.5,0.4423378537575429,0.44142416666666656,0.44142416666666656
5146,0.11,0.1706114822924415,0.17355833333333323,0.17355833333333323
9247,0.41,0.5258730573756799,0.5400035317460321,0.540003531746032
12202,0.21,0.33364779027924785,0.35699875901875894,0.356998759018759
6701,0.16,0.1807382835919763,0.15992142857142835,0.15992142857142835
9605,0.32,0.30713922937065885,0.3053161813186817,0.30531618131868177
18763,0.08,0.09487916367141241,0.11647500000000005,0.11647500000000005
17692,0.27,0.299101472778988,0.2964226190476192,0.2964226190476192
21438,0.56,0.46890912781002825,0.5078992045454547,0.5078992045454547
3375,0.32,0.3211895960247995,0.2999741666666663,0.2999741666666663
14592,0.06,0.015585937818276552,0.04024583333333328,0.04024583333333328
4353,0.56,0.6361111984700267,0.6086015530303035,0.6086015530303035
3,0.2,0.12378183067881132,0.1456777777777777,0.1456777777777777
21494,0.6,0.6802469499347076,0.7031125000000005,0.7031125000000003
8978,0.89,0.7580683132636008,0.7705225,0.7705225
16591,0.47,0.5170126656235821,0.49615005952380925,0.49615005952380925
15360,0.87,0.8087369404212541,0.7929966666666668,0.7929966666666669
1692,0.25,0.25141229073468707,0.27280833333333293,0.2728083333333329
21069,0.6,0.6219069502752074,0.626234166666667,0.626234166666667
17918,0.0,-0.06729761388472316,0.0,0.0
20819,0.28,0.32518605286619984,0.2607816666666672,0.2607816666666672
12267,0.48,0.4441675994422095,0.4445938095238098,0.44459380952380967
8303,0.43,0.4233026890264814,0.4100398809523799,0.4100398809523799
8014,0.6,0.6527681737721227,0.6930333333333336,0.6930333333333336
4155,0.66,0.5706568609987996,0.5741663492063475,0.5741663492063475
6390,0.38,0.4819721775055619,0.5279531547619051,0.527953154761905
20647,0.49,0.5357405596520173,0.5278092857142851,0.5278092857142851
8675,0.61,0.559058197175022,0.5326824999999994,0.5326824999999994
9413,0.51,0.5022737517840603,0.51648369047619,0.5164836904761899
18786,0.56,0.4754824985299429,0.43266563492063526,0.43266563492063526
873,0.45,0.464579858544033,0.43794333333333424,0.43794333333333424
18942,0.46,0.47455277830288917,0.4155564285714284,0.4155564285714284
19087,0.33,0.3495289268949687,0.3767618055555556,0.3767618055555556
13338,0.28,0.31082432337400345,0.3525804166666663,0.35258041666666623
12340,0.35,0.4007608901898518,0.4629398809523812,0.46293988095238114
18339,0.63,0.5474670100037311,0.6074999999999997,0.6074999999999997
13309,0.46,0.3713640525646926,0.319702208485958,0.319702208485958
20496,0.77,0.6883719980273725,0.7088470238095238,0.7088470238095239
5628,0.16,0.13394912700528822,0.15512666666666716,0.1551266666666672
19290,0.59,0.5862148102420499,0.5821544642857145,0.5821544642857146
13837,0.57,0.5760880089425151,0.5730608730158729,0.5730608730158729
17202,0.24,0.2587615001409769,0.24921833333333335,0.24921833333333335
20838,0.54,0.4743413000306573,0.49702277777777815,0.4970227777777781
10256,0.25,0.30065702704752645,0.30825882936507915,0.30825882936507915
8136,0.12,0.08250466116125971,0.10824999999999972,0.10824999999999972
7468,0.66,0.5930698490305795,0.5965041666666656,0.5965041666666656
10152,0.32,0.30192703635166185,0.30095714285714203,0.30095714285714203
19624,0.51,0.603647624230521,0.5366668452380949,0.536666845238095
6542,0.5,0.5003556903214861,0.44536787698412694,0.44536787698412694
17519,0.15,0.15522091653778247,0.1657393452380957,0.1657393452380957
121,0.59,0.6785008959943366,0.635097619047619,0.6350976190476191
10406,0.33,0.39541703374713033,0.3422227380952379,0.342222738095238
11095,0.58,0.5748361256199045,0.5411924999999996,0.5411924999999996
2848,0.21,0.26488119527007337,0.27744916666666614,0.27744916666666614
21119,0.71,0.7394943007758439,0.6903908333333358,0.6903908333333358
16813,0.58,0.6009537240815717,0.5418458333333339,0.541845833333334
14944,0.54,0.590592051187474,0.6240559920634925,0.6240559920634925
5082,0.34,0.37185822318245293,0.3228870238095236,0.3228870238095236
7415,0.46,0.39215979746095125,0.40536045634920626,0.4053604563492063
1843,0.51,0.5573121432346511,0.6026447619047627,0.6026447619047627
19383,0.77,0.6921198051746134,0.6858429761904762,0.6858429761904762
19661,0.98,0.8950977076120649,0.9061916666666684,0.9061916666666684
17250,0.09,0.1325954259568572,0.11887053571428552,0.1188705357142855
11214,0.26,0.1848157304872608,0.18360166666666639,0.18360166666666639
623,0.41,0.4397066667524898,0.4424301587301598,0.4424301587301598
15251,0.28,0.2387561201559195,0.21117166666666687,0.21117166666666684
5026,0.64,0.6276161665308394,0.654515,0.6545150000000001
3185,0.13,0.1842523943500311,0.20207083333333375,0.20207083333333375
64,0.61,0.6545979194567892,0.6162583333333344,0.6162583333333344
6671,0.32,0.36276295983579215,0.35304283730158753,0.35304283730158753
15691,0.0,-0.07232290698858607,0.0003666666666666666,0.0003666666666666666
3516,0.11,0.17057098726549935,0.15917500000000018,0.15917500000000018
5489,0.57,0.5773175232197084,0.5972443477355975,0.5972443477355975
16188,0.49,0.3992965043180957,0.406047023809524,0.40604702380952395
745,0.54,0.5611079220613208,0.560250898962148,0.560250898962148
18618,0.4,0.4828722029631748,0.48246535714285715,0.48246535714285715
21154,0.19,0.21324235285842413,0.22018523809523824,0.22018523809523827
5923,0.67,0.5869906489284251,0.5770614682539681,0.5770614682539681
16727,0.7,0.7027887487713372,0.6802868650793648,0.6802868650793648
645,0.77,0.6440787652653146,0.5957766666666648,0.5957766666666647
4625,0.32,0.3579356430562485,0.2984371428571428,0.2984371428571428
12450,0.31,0.30800623645381625,0.3276799512987013,0.3276799512987012
201,0.42,0.4447319598563527,0.43969583333333284,0.43969583333333273
19869,0.28,0.28199082188607394,0.26405785714285707,0.264057857142857
7920,0.39,0.4650740291617932,0.44636511904761905,0.44636511904761905
13672,0.27,0.26313514132970245,0.24488333333333298,0.24488333333333298
11598,0.52,0.566213030013691,0.5629224404761919,0.5629224404761919
5696,0.47,0.5252214054605425,0.4969815674603171,0.4969815674603171
16323,0.28,0.21932155296057854,0.23740166666666698,0.23740166666666698
9264,0.4,0.43681839003591977,0.4637154761904762,0.4637154761904761
10958,0.48,0.4448561466275905,0.4156548809523809,0.41565488095238096
3581,0.14,0.09556771085679339,0.10258749999999991,0.10258749999999991
3969,0.35,0.3731282324865883,0.3388455952380947,0.33884559523809465
20510,0.71,0.7556571054601797,0.7924041666666676,0.7924041666666676
21501,0.38,0.4295979914344797,0.3580058333333339,0.358005833333334
18104,0.62,0.6019707358096196,0.616115833333333,0.616115833333333
1806,0.72,0.7364275641614975,0.7323199999999992,0.7323199999999992
9197,0.47,0.5570996406855057,0.559364556277056,0.559364556277056
15982,0.62,0.5493850714663054,0.5022425000000003,0.5022425000000003
16860,0.75,0.7481135194862691,0.7600654365079368,0.7600654365079368
4788,0.38,0.4966004065217586,0.4583520310245306,0.4583520310245306
8331,0.54,0.47597666914770315,0.5149520039682541,0.5149520039682541
18084,0.35,0.40559180672609396,0.3961748809523808,0.39617488095238074
4260,0.51,0.5406956629594972,0.5405523809523821,0.5405523809523821
5912,0.37,0.3860219763503301,0.38216249999999996,0.38216249999999996
7596,0.56,0.5838908939396231,0.5779644338702232,0.5779644338702232
1827,0.72,0.7753106275802393,0.762383333333333,0.762383333333333
5698,0.16,0.21699016000566498,0.2151333333333333,0.21513333333333326
15332,0.64,0.6426845691899414,0.6271875,0.6271875000000001
3378,0.46,0.42203267972234604,0.44138666666666704,0.44138666666666704
2987,0.54,0.6178518724253403,0.6458799999999988,0.6458799999999988
7843,0.78,0.8127452217970692,0.8526916666666672,0.8526916666666671
3634,0.5,0.5386534147256853,0.605719999999999,0.6057199999999991
5878,0.39,0.318455200848908,0.2641355032467532,0.2641355032467532
11196,0.5,0.4861514421266668,0.4433495833333335,0.4433495833333335
9360,0.42,0.45772481975550344,0.4305849999999991,0.43058499999999905
2351,0.32,0.3424613855572938,0.3537750000000002,0.3537750000000001
13727,0.5,0.43669420326468195,0.43438583333333314,0.43438583333333314
11658,0.42,0.45123514077988447,0.42596535714285766,0.42596535714285755
11111,0.26,0.2940836563276118,0.3062017857142857,0.3062017857142857
17311,0.55,0.5557640656185993,0.5429992857142864,0.5429992857142864
14019,0.68,0.6728572455014756,0.6940071428571433,0.6940071428571432
480,0.6,0.6132877315647822,0.6511689285714282,0.6511689285714283
3127,0.45,0.4306114034058291,0.38516916666666673,0.38516916666666673
21825,0.6,0.6142579468187781,0.6471350000000001,0.6471350000000001
20189,0.44,0.4357608832809297,0.41994940476190457,0.41994940476190457
4916,0.19,0.18685797872107285,0.22925833333333334,0.22925833333333334
7062,0.47,0.41498326436619576,0.44664214285714215,0.44664214285714215
16877,0.29,0.30093869511614135,0.2579350198412698,0.2579350198412698
16536,0.27,0.3037567820363285,0.28559640512265516,0.28559640512265516
6342,0.49,0.40296061972104086,0.3984833333333334,0.3984833333333335
17987,0.41,0.49378231960157143,0.4188183333333337,0.4188183333333337
7003,0.43,0.49610623590399827,0.45334969696969735,0.45334969696969735
19537,0.7,0.7372945712446548,0.7682698412698421,0.7682698412698421
22464,0.44,0.40685821627353086,0.3612749084249088,0.3612749084249088
16322,0.45,0.39215979746095125,0.40536045634920626,0.4053604563492063
22702,0.56,0.49067508796028275,0.49110400793650805,0.4911040079365081
19453,0.47,0.4395122901848691,0.39155642857142875,0.39155642857142875
17579,0.46,0.42175461141042964,0.39932642857142875,0.39932642857142864
18719,0.93,0.8830048731705271,0.9733016071428565,0.9733016071428565
2311,0.41,0.520112420612384,0.5372859415584417,0.5372859415584417
4611,0.3,0.3643848270049253,0.32472416666666587,0.32472416666666587
4313,0.34,0.3568781363012584,0.3649077380952381,0.36490773809523813
551,0.53,0.5134985548655272,0.5331495238095252,0.5331495238095252
963,0.85,0.78011594148247,0.8083833333333346,0.8083833333333346
7875,0.36,0.36757575039050966,0.32897750000000053,0.32897750000000053
3083,0.51,0.5912401033459129,0.5952913769563765,0.5952913769563765
14255,0.38,0.41399492313067526,0.44146666666666595,0.44146666666666595
7505,0.61,0.6480245487368747,0.6369516666666669,0.6369516666666669
14511,0.82,0.7615824240216554,0.810211547619049,0.810211547619049
16567,0.37,0.38227416920308926,0.40822329004328983,0.40822329004328983
15164,0.6,0.6493857264377922,0.7008538293650795,0.7008538293650792
11221,0.55,0.49570038106414566,0.5318739484126985,0.5318739484126985
1970,0.4,0.34602229278940055,0.35876416666666633,0.3587641666666663
844,0.6,0.6391236619578347,0.5947541666666684,0.5947541666666684
15662,0.27,0.3477278517028294,0.38080749999999985,0.38080749999999997
17830,0.53,0.5760475139155731,0.6098055952380967,0.6098055952380967
12962,0.38,0.4500939422805988,0.48660079365079434,0.4866007936507943
14297,0.38,0.3999850515034767,0.42561642857142934,0.42561642857142934
6031,0.47,0.37634885064161344,0.3501500000000006,0.3501500000000006
9194,0.65,0.6590588521465089,0.6317599999999985,0.6317599999999985
14008,0.61,0.5553940817720768,0.5322344011544011,0.5322344011544011
20683,0.73,0.7152469430257855,0.7126924404761901,0.7126924404761901
8283,0.44,0.40713988434214576,0.4114185119047616,0.4114185119047617
10926,0.36,0.40673402950229304,0.4172258567821068,0.4172258567821067
17024,0.39,0.30298094334995335,0.2569363095238089,0.25693630952380897
16494,0.66,0.6541037488390291,0.6619874999999986,0.6619874999999986
11595,0.44,0.48078945970242065,0.4755788888888886,0.47557888888888855
8744,0.26,0.3044453292217094,0.35399154761904794,0.3539915476190479
20901,0.69,0.6161058184849694,0.5798869895382397,0.5798869895382397
1095,0.82,0.7656118992375112,0.7758950000000003,0.7758950000000003
20041,0.07,0.035309649734719006,0.07266333333333334,0.07266333333333334
16518,0.63,0.652639362967273,0.6482360714285704,0.6482360714285704
20865,0.53,0.6087971041056217,0.5869833333333317,0.5869833333333317
6836,0.46,0.5400773055704993,0.5448960948773447,0.5448960948773446
5216,0.4,0.4447319598563527,0.43969583333333284,0.43969583333333273
22317,0.65,0.5892308734865563,0.5524683333333341,0.5524683333333341
4892,0.36,0.39166562684319106,0.39782155665413044,0.39782155665413044
16244,0.47,0.45877872675379494,0.46888809523809477,0.46888809523809477
20305,0.56,0.5613490951029935,0.5934361309523808,0.5934361309523809
19128,0.66,0.6853559347828662,0.7203501190476193,0.7203501190476193
10769,0.62,0.5327280961642094,0.5142285515873013,0.5142285515873013
21433,0.35,0.35557123172687943,0.32362166666666675,0.3236216666666668
13631,0.77,0.7387184620894689,0.7215666666666664,0.7215666666666662
15798,0.21,0.24418726809963506,0.29479845238095237,0.29479845238095237
15872,0.23,0.212466514172049,0.22368499999999997,0.22368499999999997
20783,0.37,0.4098337844910951,0.36238750000000003,0.36238750000000003
12210,0.26,0.3353533491926767,0.30915041666666665,0.3091504166666666
10414,0.44,0.4004792221212369,0.35277767857143,0.35277767857143
15814,0.17,0.25373620703711397,0.28799666666666596,0.28799666666666596
15318,0.11,0.09054241775293048,0.12583833333333308,0.12583833333333308
2673,0.43,0.3405028290677774,0.33498071428571463,0.33498071428571463
12933,0.59,0.6567349358440822,0.6866454108391609,0.6866454108391611
10254,0.95,0.8284606523376965,0.8452833333333354,0.8452833333333354
2210,0.3,0.33364779027924785,0.35699875901875894,0.356998759018759
17970,0.68,0.6074029080302485,0.6440552380952389,0.6440552380952389
13198,0.57,0.5927917807186631,0.5443300000000011,0.5443300000000011
22476,0.09,0.0647064873598781,0.04588976190476185,0.04588976190476185
22221,0.62,0.6150337855051532,0.6200912500000016,0.6200912500000016
15038,0.41,0.4357608832809297,0.41994940476190457,0.41994940476190457
12873,0.31,0.3264929574405788,0.3360029365079366,0.3360029365079365
1562,0.13,0.13162521070286132,0.14171666666666666,0.14171666666666669
19695,0.16,0.25925567075873707,0.2536112500000004,0.25361125000000045
18252,0.63,0.6921198051746134,0.6858429761904762,0.6858429761904762
10968,0.5,0.5746236230707591,0.5672341666666663,0.5672341666666662
21037,0.45,0.43703089258506517,0.3912503968253967,0.3912503968253967
15134,0.25,0.19699225667309428,0.19967357142857167,0.19967357142857164
20691,0.49,0.5547757243830789,0.5389053571428571,0.5389053571428571
14433,0.05,-0.00568585171421776,0.0012916666666666664,0.0012916666666666664
3762,0.78,0.7213222662321517,0.7555937500000001,0.7555937499999998
6152,0.31,0.3568781363012584,0.3649077380952381,0.36490773809523813
17394,0.3,0.40170873639843013,0.3793669246031744,0.37936692460317445
15339,0.24,0.27039318233920984,0.24697250000000007,0.24697250000000007
20693,0.29,0.3754191304145597,0.40028162698412717,0.40028162698412717
16864,0.36,0.29612590456142385,0.29358923215673205,0.29358923215673205
20583,0.37,0.4407861763847926,0.47056833333333303,0.47056833333333303
22295,0.55,0.5783714302179999,0.6056324999999996,0.6056324999999996
8924,0.25,0.24263919048358326,0.2605301190476187,0.2605301190476187
3080,0.12,0.19013721788456478,0.1673180952380952,0.1673180952380952
79,0.67,0.5867089808598103,0.53123261904762,0.53123261904762
16266,0.32,0.3616909268559759,0.3340457142857149,0.33404571428571495
16775,0.11,0.13084937201648622,0.16462640151515134,0.16462640151515134
20208,0.52,0.6118638407199684,0.6235126190476175,0.6235126190476175
3799,0.31,0.2986073021612278,0.32538452380952376,0.32538452380952376
2017,0.73,0.681970634829661,0.7119499999999991,0.7119499999999991
3769,0.39,0.4240785277128565,0.4230706060606061,0.4230706060606061
3896,0.74,0.7485895641225048,0.7460500000000002,0.7460500000000003
1723,0.05,0.08201049054349946,0.10808666666666672,0.10808666666666672
17071,0.42,0.4407861763847926,0.47056833333333303,0.47056833333333303
1686,0.49,0.4587418314835513,0.44937327380952347,0.44937327380952347
17274,0.35,0.35557123172687943,0.32362166666666675,0.3236216666666668
1178,0.94,0.8021635697013394,0.8482625,0.8482624999999999
21123,0.67,0.6429662372585563,0.6337000000000003,0.6337000000000003
7660,0.61,0.5250972186893048,0.555245575396825,0.555245575396825
8515,0.58,0.6087971041056217,0.5869833333333317,0.5869833333333317
3272,0.43,0.4598543594903096,0.39661976190476234,0.39661976190476234
2011,0.45,0.549468763210601,0.5704442735042733,0.5704442735042733
13467,0.66,0.5652246887781706,0.5854958333333333,0.5854958333333333
16508,0.38,0.3401374692548669,0.36807214285714307,0.36807214285714307
15,0.32,0.3785188854033617,0.3646533333333329,0.3646533333333329
18230,0.18,0.24593332204000598,0.25157,0.25157
8295,0.21,0.17358345075330728,0.24093531746031746,0.24093531746031746
19076,0.4,0.4009733927389972,0.3655864484126984,0.3655864484126984
8698,0.33,0.3330294328902498,0.35712291666666734,0.35712291666666734
17916,0.72,0.754727385233126,0.8216866666666671,0.8216866666666669
22350,0.28,0.31110599144261825,0.2963390097402604,0.2963390097402604
20660,0.46,0.463891311358652,0.4551061904761904,0.4551061904761904
18412,0.36,0.38373855507484533,0.39257857142857155,0.39257857142857155
12702,0.33,0.45201097946625957,0.42484607683982695,0.42484607683982695
12287,0.14,0.2279407716710037,0.2385164285714286,0.2385164285714286
9572,0.7,0.7446437806509447,0.7679433333333335,0.7679433333333335
16978,0.34,0.3462166693570213,0.37085053571428594,0.3708505357142859
2031,0.85,0.7685211545544807,0.8365666666666677,0.8365666666666677
22052,0.37,0.42686359625858816,0.4467198701298699,0.4467198701298699
7630,0.43,0.4299633512473902,0.4632426785714287,0.4632426785714287
2868,0.53,0.6214127796574471,0.5818094642857139,0.581809464285714
1351,0.45,0.3997069831915603,0.40145571428571514,0.4014557142857151
1098,0.75,0.7917146053062476,0.7706315476190478,0.7706315476190478
14254,0.48,0.4821836557777938,0.45231750000000015,0.4523175000000002
1398,0.61,0.5838908939396231,0.5779644338702232,0.5779644338702232
7175,0.71,0.6516259509959235,0.6370783333333335,0.6370783333333335
7041,1.0,0.9083722355798305,0.9476354166666655,0.9476354166666655
16301,0.45,0.46155991840373845,0.44252607142857137,0.4425260714285713
10850,0.64,0.7138857653248679,0.7377821031746029,0.7377821031746029
6667,0.6,0.5758063408739004,0.5757760973748471,0.5757760973748471
10403,0.45,0.359944872915605,0.3588125018037521,0.358812501803752
21323,0.35,0.3725935668418859,0.3526185714285719,0.3526185714285719
10480,0.16,0.206665382381811,0.20825928571428542,0.20825928571428542
11839,0.28,0.2439056000310202,0.25188035714285695,0.25188035714285695
13748,0.27,0.26468681870245264,0.25659583333333336,0.2565958333333334
14171,0.3,0.414859077594958,0.38059583333333324,0.38059583333333324
1812,0.57,0.5779358806087065,0.603140595238096,0.603140595238096
2960,0.25,0.18335134461550467,0.19369083333333323,0.19369083333333323
4872,0.61,0.6209186090396869,0.6361979761904762,0.6361979761904761
19583,0.7,0.7152469430257855,0.7126924404761901,0.7126924404761901
22157,0.12,0.15571508715554272,0.1336064835164836,0.1336064835164836
5465,0.67,0.5488909008485451,0.5793042640692639,0.5793042640692638
13229,0.48,0.4286096501989592,0.4461933207070712,0.4461933207070711
4968,0.59,0.5296613595498629,0.531923214285714,0.531923214285714
889,0.41,0.4783080621026167,0.4456401785714285,0.44564017857142846
9407,0.5,0.49251231029743603,0.469076666666667,0.469076666666667
10027,0.2,0.17726854475665182,0.16510861291486287,0.16510861291486287
11278,0.56,0.517788504309957,0.5212016666666675,0.5212016666666675
6199,0.5,0.42183830315472526,0.4587822442834942,0.4587822442834941
4825,0.39,0.4966004065217586,0.4583520310245306,0.4583520310245306
8102,0.29,0.19196696356923137,0.19512575396825388,0.19512575396825388
14473,0.65,0.5920564370592301,0.533012500000001,0.5330125000000009
12088,0.59,0.6077682678431591,0.6197008333333333,0.6197008333333333
4015,0.52,0.4771593869508444,0.48269666666666616,0.4826966666666661
12022,0.24,0.22899467866929518,0.23928751984126986,0.23928751984126986
2198,0.93,0.8292733862943154,0.9282499999999995,0.9282499999999995
13720,0.45,0.42453220330367464,0.3865833333333332,0.3865833333333332
19082,0.27,0.27330243765617934,0.2608935714285714,0.2608935714285714
2732,0.64,0.7255717206496395,0.7283936904761898,0.7283936904761898
15394,0.36,0.4260877575722131,0.4821729166666664,0.4821729166666664
6265,0.69,0.6558679287609247,0.6278533333333338,0.6278533333333339
1444,0.26,0.17211906488155115,0.2136413888888888,0.2136413888888888
20280,0.5,0.4040401293533437,0.37007025793650805,0.3700702579365081
3697,0.32,0.2970961198154196,0.3001595238095245,0.3001595238095245
20857,0.47,0.5108046547165779,0.4854466666666664,0.4854466666666664
14728,0.47,0.5627432911783666,0.5578666666666653,0.5578666666666653
10228,0.18,0.1581964847553467,0.16379904761904818,0.16379904761904818
18754,0.55,0.5917342739636732,0.5449765277777778,0.5449765277777778
15422,0.54,0.49570038106414566,0.5318739484126985,0.5318739484126985
18065,0.58,0.623736695959874,0.6198031331168834,0.6198031331168834
8879,0.28,0.2588856869122146,0.2563530123531438,0.2563530123531438
17552,0.7,0.6354595465548893,0.6796160714285701,0.6796160714285701
8766,0.34,0.25860401884359974,0.2603858333333331,0.26038583333333315
8399,0.36,0.4154593090024314,0.4392070707070704,0.4392070707070704
12817,0.67,0.6782883934451913,0.6882010714285727,0.6882010714285726
20725,0.32,0.41575910305257086,0.4155718452380943,0.4155718452380943
13930,0.74,0.8083715806083436,0.7577691666666664,0.7577691666666664
2605,0.48,0.4468614995911589,0.4521346428571421,0.45213464285714217
3713,0.33,0.34695201301645423,0.34510644688644737,0.34510644688644737
18386,0.5,0.3997906749358559,0.3901998809523809,0.3901998809523809
1876,0.66,0.7031541085842477,0.7331948809523814,0.7331948809523814
11024,0.42,0.37774304671698655,0.37140899069884376,0.37140899069884376
385,0.55,0.637293916273168,0.628391666666668,0.628391666666668
18293,0.43,0.434212805664878,0.4364090130702629,0.4364090130702629
22554,0.75,0.7341036478590706,0.7681158333333334,0.7681158333333334
6546,0.4,0.4980242973665725,0.5398345238095241,0.5398345238095241
6291,0.36,0.35569541849811726,0.33404240620490633,0.33404240620490633
490,0.65,0.6226827889615826,0.5840316666666666,0.5840316666666666
6246,0.65,0.6647726924357529,0.7071125000000008,0.7071125000000008
19688,0.38,0.4647923610931784,0.46123000000000064,0.46123000000000064
8016,0.32,0.35867098671568143,0.35523249999999995,0.35523249999999995
16214,0.34,0.4124468455146235,0.42756083333333317,0.42756083333333306
9588,0.47,0.363733175089788,0.36227595695970716,0.3622759569597072
19477,0.2,0.291946639940319,0.2801291666666661,0.2801291666666661
17917,0.51,0.4672035688965994,0.48201714285714287,0.48201714285714287
10721,0.2,0.15181749060305272,0.21190416666666667,0.21190416666666667
2992,0.71,0.7097274793041624,0.758998333333334,0.758998333333334
15071,0.68,0.7274014663343061,0.7521525,0.7521524999999998
793,0.7,0.6999631851986634,0.6379044047619058,0.6379044047619058
19298,0.52,0.5898162125010988,0.5889157738095223,0.5889157738095223
15782,0.47,0.4387769465254361,0.4347356547619047,0.4347356547619047
12085,0.42,0.45830268211755937,0.3834515476190472,0.3834515476190472
17597,0.69,0.7243017113455041,0.7126999999999991,0.7126999999999991
19451,0.6,0.4884753584290936,0.46789916666666637,0.46789916666666637
5751,0.27,0.20539897283437406,0.19289571428571406,0.19289571428571406
20093,0.68,0.6666907538983271,0.7487750000000005,0.7487750000000005
367,0.47,0.48708116235372045,0.4649999999999996,0.4649999999999996
13249,0.71,0.6467726654142639,0.6419729166666666,0.6419729166666666
14715,0.46,0.5246435430984866,0.48980142857142817,0.48980142857142817
6894,0.77,0.6691019617017482,0.6831984307359313,0.6831984307359315
7899,0.41,0.4417563916387885,0.44707500000000033,0.44707500000000033
3537,0.19,0.14052249772520287,0.19332357142857165,0.19332357142857165
13956,0.4,0.4291875125610151,0.4304311605061604,0.4304311605061604
3042,0.64,0.5780933619060835,0.5918654761904761,0.5918654761904761
17731,0.16,0.20608752001975508,0.20879855158730146,0.20879855158730146
13213,0.36,0.44891122447745757,0.45815734126984076,0.45815734126984076
4851,0.58,0.6409790102765126,0.700608333333333,0.700608333333333
9183,0.45,0.48940507865614735,0.47337749999999973,0.4733774999999998
8985,0.31,0.41595347962019164,0.3444352976190478,0.3444352976190477
12142,0.59,0.5985893127522027,0.6275600000000003,0.6275600000000003
12616,0.31,0.35662513872517093,0.32382249999999985,0.32382249999999985
6660,0.47,0.43771943977044614,0.370533333333334,0.370533333333334
13264,0.26,0.2826388740445128,0.2570908333333337,0.2570908333333337
4787,0.48,0.42029022553867357,0.3561521861471864,0.3561521861471864
6598,0.41,0.35210149289155496,0.32136428571428466,0.32136428571428477
20601,0.38,0.434212805664878,0.4364090130702629,0.4364090130702629
16053,0.58,0.6207611277423098,0.6437960714285716,0.6437960714285716
3216,0.44,0.42211997122334016,0.44575014665889673,0.44575014665889673
1716,0.19,0.14892921388648261,0.19572916666666676,0.19572916666666676
18629,0.53,0.49774262929795765,0.4926787698412701,0.4926787698412701
13737,0.56,0.5720105620472307,0.5451052976190468,0.5451052976190468
2225,0.49,0.5634318383637476,0.5542608333333328,0.5542608333333328
10247,0.51,0.5352645150157818,0.5301789285714286,0.5301789285714286
3153,0.28,0.3410671894819206,0.35045916666666693,0.35045916666666693
9680,0.3,0.2587615001409769,0.24921833333333335,0.24921833333333335
17484,0.46,0.508480738414151,0.4931813564213563,0.4931813564213563
14838,0.67,0.6211716066157744,0.6919875000000002,0.6919875000000001
3303,0.41,0.36524435743559613,0.3045016071428568,0.3045016071428568
5198,0.32,0.28276768484936254,0.24467916666666678,0.24467916666666678
7576,0.13,0.21296068478980928,0.2135041666666662,0.2135041666666662
14579,0.28,0.3021214129192825,0.3003977182539686,0.3003977182539686
13033,0.42,0.4048159680397188,0.3696741756854257,0.36967417568542565
8487,0.45,0.4952467054733275,0.48952678571428493,0.48952678571428493
22047,0.65,0.6897958888721865,0.7624958333333341,0.7624958333333341
12709,0.45,0.48205586924985755,0.46056249999999904,0.46056249999999904
2857,0.56,0.5038254291568105,0.5329583333333336,0.5329583333333336
12084,0.58,0.5180296773516299,0.5141641269841273,0.5141641269841272
14034,0.21,0.2727245752941234,0.25171928571428576,0.25171928571428576
7296,0.39,0.4024845750848053,0.37999999999999984,0.37999999999999984
7854,0.19,0.20086785034827143,0.14519833333333348,0.14519833333333348
6374,0.37,0.3812127855523111,0.3537199999999994,0.35371999999999937
15417,0.63,0.5862148102420499,0.5821544642857145,0.5821544642857146
3840,0.54,0.5773175232197084,0.5972443477355975,0.5972443477355975
21079,0.29,0.34416694447072255,0.40619583333333253,0.40619583333333253
14896,0.45,0.5045976680864872,0.4421866666666676,0.4421866666666676
14163,0.75,0.7377887418624152,0.8422041666666645,0.8422041666666644
15686,0.33,0.2881988327930781,0.2825384523809528,0.2825384523809528
14537,0.4,0.4195143868522984,0.39178962301587283,0.39178962301587283
21801,0.11,0.12120926468222504,0.10868333333333341,0.10868333333333341
17530,0.23,0.2653753658878336,0.2595030357142857,0.2595030357142857
4774,0.31,0.3616909268559759,0.3340457142857149,0.33404571428571495
22685,0.23,0.2089056069399422,0.22203488095238103,0.22203488095238103
16687,0.89,0.7800286499814759,0.8063166666666663,0.8063166666666663
18830,0.76,0.7414528572653603,0.7451749999999994,0.7451749999999994
4364,0.49,0.47377693961651407,0.4419752813852816,0.4419752813852816
15701,0.52,0.45923600210131155,0.39594101190476216,0.39594101190476216
7870,0.47,0.5347703443980214,0.5381794047619047,0.5381794047619047
8524,0.45,0.46658521150760135,0.4517135714285715,0.4517135714285715
12048,0.5,0.42431970075452924,0.3963611904761908,0.3963611904761908
20864,0.56,0.5904642646595377,0.5730841666666641,0.5730841666666641
18968,0.07,-0.00426196086940378,0.012175000000000007,0.012175000000000007
15783,0.45,0.3419672149395335,0.33900486111111144,0.33900486111111133
19862,0.24,0.18511192478070188,0.18829369047619046,0.18829369047619046
15904,0.26,0.3013455742329075,0.2852149999999998,0.2852149999999998
8298,0.98,0.8666710852409016,0.8932333333333351,0.8932333333333351
4845,0.9,0.8218872816177818,0.818240000000001,0.818240000000001
20065,0.3,0.3026155835370429,0.3295040079365081,0.3295040079365081
7666,0.43,0.3992965043180957,0.406047023809524,0.40604702380952395
12748,0.49,0.43362746665033536,0.41407208333333273,0.4140720833333328
21307,0.57,0.5679629608498503,0.6408136904761906,0.6408136904761906
5929,0.71,0.7471251782507486,0.7808333333333344,0.7808333333333344
17668,0.33,0.452380963312782,0.3285116666666659,0.3285116666666659
22731,0.39,0.4195143868522984,0.39178962301587283,0.39178962301587283
12366,0.61,0.5768233526019482,0.5434458333333333,0.5434458333333334
12128,0.22,0.16554569416163645,0.14785375,0.14785375
18289,0.67,0.6154577663265305,0.6609294246031738,0.6609294246031737
14660,0.63,0.5804172782085104,0.6077830555555559,0.6077830555555559
18815,0.49,0.5021854360061527,0.5012166666666666,0.5012166666666666
10811,0.41,0.43923062211625424,0.4313323809523812,0.4313323809523812
13953,0.34,0.3746432917281846,0.38087238095238085,0.38087238095238085
6516,0.67,0.6602010749227081,0.6282432738095237,0.6282432738095237
7489,0.46,0.4872053491249583,0.46338642857142814,0.46338642857142814
11212,0.31,0.4009328977120551,0.3838685119047621,0.3838685119047621
4470,0.56,0.5907459327281527,0.5965347619047621,0.5965347619047621
6685,0.0,-0.021160109213172462,0.01882499999999995,0.01882499999999995
16040,0.43,0.47957807140675207,0.4243663492063494,0.4243663492063494
16905,0.48,0.5039496159280483,0.5174636507936499,0.5174636507936499
20839,0.25,0.24593332204000598,0.25157,0.25157
8661,0.43,0.40832260214528693,0.3873065079365081,0.3873065079365081
19490,0.47,0.4824663481233222,0.5297850000000007,0.5297850000000007
9198,0.57,0.513692931433148,0.5738575000000015,0.5738575000000015
10765,0.42,0.4163234634667141,0.38168523809523797,0.38168523809523797
20834,0.37,0.43653672196730486,0.43189321414696397,0.43189321414696397
736,0.43,0.4744285915316514,0.4242095833333328,0.42420958333333275
22397,0.04,-0.016134816109309558,0.01145833333333333,0.01145833333333333
10319,0.54,0.5326408046632153,0.5067500000000004,0.5067500000000004
3011,0.62,0.6074901995312427,0.5789158333333313,0.5789158333333313
18642,0.51,0.4612782503351236,0.5188858134920642,0.5188858134920642
712,0.27,0.29733729285709243,0.26294583333333327,0.2629458333333332
13129,0.14,0.17215955990849324,0.1759225,0.1759225
19870,0.44,0.4376825445002025,0.3756433333333325,0.3756433333333325
13053,0.28,0.26226813424654494,0.2398833333333334,0.23988333333333337
19686,0.37,0.4729174091858433,0.4360121428571421,0.4360121428571421
4607,0.54,0.5423175301286305,0.5319483333333339,0.531948333333334
7650,0.4,0.45151680884849926,0.43620571428571375,0.43620571428571375
21053,0.23,0.25656177060978774,0.2534311038961042,0.2534311038961042
10980,0.63,0.549468763210601,0.5704442735042733,0.5704442735042733
3457,0.37,0.43138724209220414,0.3613744047619062,0.3613744047619062
21732,0.53,0.44020083737025006,0.3807511904761906,0.3807511904761906
10737,0.51,0.5339108139673506,0.5954865476190481,0.5954865476190481
20339,0.24,0.22388569382113666,0.24362232142857135,0.24362232142857135
20871,0.11,0.14681780013320117,0.14304785714285737,0.14304785714285737
15510,0.41,0.3533715021956903,0.3550326190476189,0.35503261904761885
13807,0.54,0.6098141158336696,0.6124251984126985,0.6124251984126985
16740,0.58,0.5193365819260088,0.49996559523809503,0.49996559523809503
19284,0.67,0.6682424312710773,0.5633537499999991,0.5633537499999991
14607,0.56,0.5393014668841241,0.5411110119047613,0.5411110119047612
12404,0.46,0.4481353857910825,0.46104456349206374,0.4610445634920637
15395,0.66,0.71087330183706,0.7271429166666671,0.7271429166666671
5274,0.58,0.5339108139673506,0.5954865476190481,0.5954865476190481
15704,0.55,0.6674665925847022,0.6705649999999995,0.6705649999999995
8905,0.44,0.43285162796396026,0.3709050595238093,0.3709050595238093
1942,0.39,0.3851624459196593,0.3737709523809527,0.3737709523809527
7653,0.68,0.7096032925329245,0.6939300000000007,0.6939300000000007
14196,0.91,0.9179211745173094,0.9950159126984137,0.9950159126984137
1229,0.67,0.5684571314676105,0.5439529281829283,0.5439529281829283
5167,0.81,0.805637185432452,0.8048000000000006,0.8048000000000006
473,0.51,0.5479206855945493,0.5373320634920631,0.5373320634920631
19032,0.25,0.2817091538174591,0.2581246428571429,0.2581246428571429
15572,0.7,0.673351416119236,0.7360155952380952,0.7360155952380952
5712,0.18,0.21748433062342526,0.1818649999999999,0.1818649999999999
17644,0.34,0.3512344858083975,0.3554952380952379,0.355495238095238
16796,0.51,0.6211311115888323,0.5327628174603177,0.5327628174603176
531,0.47,0.5158299478204408,0.46447416666666763,0.4644741666666675
20040,0.53,0.5493850714663054,0.5022425000000003,0.5022425000000003
17431,0.19,0.2177659986920401,0.17574749999999986,0.17574749999999986
7361,0.29,0.2904822540685629,0.32828761904761883,0.3282876190476189
17097,0.28,0.38509225612327636,0.37921237727550233,0.37921237727550244
17079,0.46,0.4989945126205684,0.5148466666666663,0.5148466666666663
13035,0.65,0.6670561137112376,0.6571191666666667,0.6571191666666667
4577,0.59,0.5172538386652548,0.5512183333333328,0.5512183333333328
17727,0.55,0.5912401033459129,0.5952913769563765,0.5952913769563765
9384,0.7,0.6934809828755311,0.6825225000000016,0.6825225000000017
12413,0.0,-0.06023007254704821,0.0,0.0
16980,0.53,0.4698101775445546,0.39893892857142865,0.39893892857142865
20615,0.66,0.6368870371564018,0.6975994209956708,0.6975994209956708
17494,0.67,0.6218186344972998,0.6487127380952394,0.6487127380952394
10275,0.3,0.3680699210082699,0.3482317063492063,0.3482317063492063
1855,0.66,0.6782883934451913,0.6882010714285727,0.6882010714285726
6603,0.41,0.3694938118530839,0.3796699999999999,0.3796699999999999
6758,0.29,0.21429625985671563,0.24096249999999994,0.2409624999999999
12282,0.81,0.6913439664882383,0.7504273809523815,0.7504273809523815
13379,0.82,0.7339748370542208,0.7598131547619035,0.7598131547619035
11613,0.33,0.3493164243458233,0.32646619047619096,0.32646619047619096
12328,0.92,0.8231941861921609,0.8644499999999998,0.8644499999999998
2984,0.45,0.46429819047541815,0.4405508333333323,0.4405508333333323
3746,0.45,0.3961055809325113,0.33922428571428676,0.3392242857142868
14232,0.6,0.5867494758867524,0.5839082142857133,0.5839082142857133
5187,0.55,0.559058197175022,0.5326824999999994,0.5326824999999994
15577,0.14,0.2017975705753251,0.25187023809523834,0.25187023809523834
17685,0.54,0.5778116938374687,0.551724047619048,0.551724047619048
9452,0.72,0.6926139757923736,0.6832582142857149,0.6832582142857149
18795,0.29,0.3059565115675176,0.29690440476190477,0.29690440476190477
6918,0.53,0.5002645219247037,0.48368416666666647,0.4836841666666665
21535,0.7,0.6814764642119009,0.6883450793650797,0.6883450793650797
16894,0.82,0.7767345184250531,0.7844165476190474,0.7844165476190473
13689,0.83,0.8291491995230775,0.853519345238094,0.853519345238094
22505,0.11,0.18306967654688983,0.15349166666666655,0.15349166666666655
20772,0.43,0.44968706316383267,0.38707107142857167,0.38707107142857167
13823,0.53,0.4806319784050436,0.4470326984126997,0.44703269841269966
13473,0.62,0.6766455476756585,0.7577933333333317,0.7577933333333317
14965,0.54,0.5224033185403555,0.4793966666666661,0.4793966666666661
20504,0.16,0.11692679189028177,0.13990535714285732,0.13990535714285732
5335,0.85,0.6891442369570492,0.7139774999999993,0.7139774999999995
17423,0.18,0.2007805588472773,0.22001285714285718,0.22001285714285715
12055,0.56,0.5985893127522027,0.6275600000000003,0.6275600000000003
14977,0.0,-0.058765686675292195,0.0,0.0
10717,0.33,0.3495289268949687,0.3767618055555556,0.3767618055555556
20253,0.52,0.5700925005846564,0.5250244047619036,0.5250244047619035
20447,0.47,0.4754824985299429,0.43266563492063526,0.43266563492063526
590,0.17,0.16759541904793518,0.21065164682539653,0.21065164682539653
7986,0.24,0.171665389290733,0.20816083333333343,0.20816083333333346
9083,0.31,0.2881988327930781,0.2825384523809528,0.2825384523809528
14282,0.52,0.4593601888725493,0.45374465909091005,0.45374465909091005
20216,0.6,0.5339108139673506,0.5954865476190481,0.5954865476190481
780,0.16,0.11692679189028177,0.13990535714285732,0.13990535714285732
9465,0.5,0.4966004065217586,0.4583520310245306,0.4583520310245306
4706,0.09,0.0647064873598781,0.04588976190476185,0.04588976190476185
15917,0.62,0.7293600228238225,0.730269761904761,0.730269761904761
1659,0.34,0.3411913762531584,0.32233636904761914,0.32233636904761914
16218,0.43,0.40628035391147493,0.4410349999999997,0.4410349999999996
5618,0.29,0.22862931885638468,0.22193569444444455,0.22193569444444455
6909,0.77,0.7329614250828714,0.7684416666666667,0.7684416666666667
13913,0.45,0.48712165738066265,0.4927550847763342,0.49275508477633406
4057,1.0,0.8768383815673786,0.8749625000000014,0.8749625000000014
12815,0.41,0.3308297033590607,0.2716470833333336,0.2716470833333336
20148,0.55,0.5428117007463906,0.5604032142857126,0.5604032142857127
7983,0.44,0.4027662431534202,0.3985708333333317,0.3985708333333317
9480,0.46,0.4351425258919317,0.4383627380952372,0.4383627380952372
8052,0.41,0.4291038208167194,0.44905119047619024,0.44905119047619024
21392,0.58,0.5481987539064657,0.5374071428571422,0.5374071428571422
13085,0.2,0.24496310678601016,0.20784918650793646,0.2078491865079365
7629,0.36,0.34009697422792473,0.317035714285714,0.317035714285714
2477,0.3,0.40673402950229304,0.4172258567821068,0.4172258567821067
2528,0.14,0.11267733747279396,0.12483333333333324,0.12483333333333325
2358,0.09,0.1493360930032488,0.2034524999999998,0.2034524999999998
21967,0.21,0.32037326231148233,0.33035077380952393,0.3303507738095239
15220,0.45,0.41505345416257866,0.44472845238095254,0.44472845238095254
3308,0.06,0.17134682595187445,0.17721666666666644,0.17721666666666644
17439,0.37,0.3365360669958179,0.32404547619047613,0.32404547619047613
1904,0.32,0.32629858087295804,0.2840416666666663,0.2840416666666663
21699,0.42,0.4156718115515768,0.3809000595238091,0.38090005952380923
4473,0.58,0.5705866712024167,0.6091115476190472,0.6091115476190472
3331,0.33,0.4144890937484355,0.4001476014263514,0.4001476014263514
15336,0.4,0.4040401293533437,0.37007025793650805,0.3700702579365081
11672,0.58,0.5931986598354293,0.6077145238095234,0.6077145238095234
5114,0.57,0.6148394089375324,0.6470307142857149,0.6470307142857149
22381,0.56,0.5861311184977543,0.52935255952381,0.5293525595238101
4265,0.3,0.26595322824988954,0.25722418650793677,0.25722418650793677
8569,0.41,0.39669091994705397,0.43578920634920576,0.43578920634920576
11329,0.44,0.48140781709141867,0.44757095238095174,0.44757095238095174
19352,0.49,0.40125506080761203,0.34592726190476214,0.3459272619047621
12757,0.56,0.5532645420372707,0.6261933333333335,0.6261933333333335
18949,0.46,0.44968706316383267,0.38707107142857167,0.38707107142857167
8138,0.3,0.36778825293965506,0.3767529166666671,0.376752916666667
7886,0.91,0.8209539616340297,0.8556000000000015,0.8556000000000015
3873,0.0,-0.04096751287391054,0.0,0.0
20930,0.65,0.5613895901299356,0.5001623809523807,0.5001623809523807
279,0.48,0.42097877272405454,0.4417905952380955,0.4417905952380955
4227,0.92,0.8459771580704634,0.8986733333333363,0.8986733333333363
16903,0.45,0.5029612746925278,0.46042428571428545,0.46042428571428545
3965,0.85,0.7461954580236949,0.8225866666666667,0.8225866666666666
2777,0.2,0.14158000448019287,0.1705374999999999,0.17053749999999987
17298,0.27,0.2760655033245981,0.284580416666667,0.28458041666666695
9919,0.69,0.6068385476161053,0.5533269047619038,0.5533269047619038
8193,0.64,0.663802477181757,0.6615243574481071,0.661524357448107
15292,0.68,0.6457843241787433,0.6581215241702746,0.6581215241702746
21145,0.25,0.2015563975336524,0.178869166666667,0.178869166666667
11067,0.7,0.6809822935941405,0.6172219047619056,0.6172219047619056
3311,0.88,0.7711313629591343,0.8533515476190501,0.8533515476190501
1256,0.37,0.46785162105503825,0.44787039682539664,0.4478703968253967
6042,0.47,0.3989311445051852,0.3952387500000001,0.3952387500000001
4037,0.52,0.5317110844361616,0.5017735714285709,0.5017735714285709
5571,0.43,0.4586545399825572,0.4698999999999999,0.4698999999999999
19647,0.19,0.11112566010004371,0.12590970238095237,0.12590970238095234
16854,0.12,0.10377645069375396,0.10616527777777789,0.1061652777777779
12120,0.78,0.80731304957644,0.8389500000000009,0.838950000000001
17235,0.46,0.47552299355688504,0.47326815476190426,0.47326815476190426
12480,0.19,0.1984566425448504,0.20886726190476199,0.20886726190476199
21408,0.79,0.8163678178961586,0.8151000000000007,0.8151000000000007
5197,0.35,0.40713988434214576,0.4114185119047616,0.4114185119047617
19357,0.36,0.3992965043180957,0.406047023809524,0.40604702380952395
14102,0.16,0.21470673873018023,0.2004666666666667,0.20046666666666674
10397,0.66,0.6711516865880468,0.5926623214285697,0.5926623214285697
2932,0.34,0.4233026890264814,0.4100398809523799,0.4100398809523799
18063,0.42,0.38227416920308926,0.40822329004328983,0.40822329004328983
16986,0.56,0.5793597714535205,0.5499591666666678,0.5499591666666678
19124,0.44,0.42500824793991027,0.44024999999999936,0.44024999999999936
15903,0.47,0.3749249597967994,0.4064019841269841,0.4064019841269842
4750,0.69,0.6110880020335931,0.6103250000000008,0.6103250000000008
22327,0.84,0.7937973485670018,0.7668250000000002,0.7668250000000002
2006,0.65,0.6735457926868567,0.6597035714285725,0.6597035714285725
12185,0.37,0.4655681997795535,0.4225191666666673,0.4225191666666673
18173,0.29,0.34339110578434745,0.34895767857142906,0.34895767857142906
9411,0.74,0.7409586866476001,0.6837024999999989,0.6837024999999987
6242,0.26,0.3120762066966141,0.27517500000000067,0.27517500000000067
945,0.11,0.12067459903752259,0.13535803571428556,0.13535803571428556
9157,0.64,0.6168816571713445,0.5978170833333326,0.5978170833333326
20987,0.21,0.13113104008510107,0.11180166666666627,0.1118016666666663
15400,0.31,0.28220332443521934,0.2645758928571427,0.26457589285714267
1207,0.38,0.35210149289155496,0.32136428571428466,0.32136428571428477
5691,0.42,0.4879811878113334,0.47392583333333316,0.47392583333333316
17846,0.36,0.3051806728811424,0.340408531746032,0.340408531746032
2134,1.0,0.8880301662743899,0.9680536904761907,0.9680536904761908
14586,0.34,0.3341419608970081,0.3195875000000001,0.3195875000000001
22334,0.35,0.39766113520104984,0.41671735930735987,0.4167173593073599
21763,0.39,0.4430264009429239,0.4306487698412699,0.4306487698412699
4318,0.71,0.6368870371564018,0.6975994209956708,0.6975994209956708
3777,0.5,0.39986086473223886,0.4516833333333334,0.4516833333333332
3889,0.36,0.2970961198154196,0.3001595238095245,0.3001595238095245
13949,0.78,0.7178525273968273,0.8261499999999985,0.8261499999999985
3329,0.63,0.5421195538043113,0.5626224837662341,0.5626224837662341
148,0.56,0.5682627548999898,0.5490117857142855,0.5490117857142855
20351,0.25,0.28220332443521934,0.2645758928571427,0.26457589285714267
19350,0.76,0.7808044886678511,0.7371958333333329,0.7371958333333329
13131,0.65,0.5714326996851747,0.5414915259740257,0.5414915259740257
12108,0.39,0.4378067312714402,0.4310570238095239,0.4310570238095239
12326,0.26,0.2706748504078247,0.25973249999999987,0.25973249999999987
17812,0.46,0.4226141418411004,0.41278440476190426,0.41278440476190426
17107,0.48,0.4813205255904246,0.4609525,0.4609525
4115,0.32,0.41498326436619576,0.44664214285714215,0.44664214285714215
20561,0.64,0.4879811878113334,0.47392583333333316,0.47392583333333316
6357,0.64,0.70197241505802,0.7021032142857149,0.7021032142857149
8927,0.57,0.5134985548655272,0.5331495238095252,0.5331495238095252
13704,0.44,0.3841922306656635,0.3552916666666661,0.3552916666666661
10897,0.43,0.4944708667869524,0.4778742063492065,0.4778742063492065
14477,0.87,0.7552502263434135,0.7752221428571434,0.7752221428571434
14095,0.12,0.07515545175496996,0.11560249999999987,0.11560249999999986
7174,0.23,0.25365251529281824,0.18920928571428636,0.18920928571428636
1829,0.39,0.3979609292511893,0.40101249999999866,0.40101249999999866
14287,0.84,0.71087330183706,0.7271429166666671,0.7271429166666671
13289,0.1,0.13162521070286132,0.14171666666666666,0.14171666666666669
3913,0.58,0.5077048997277759,0.5246499999999991,0.5246499999999992
13110,0.51,0.5045139763421915,0.5436625000000003,0.5436625000000003
19582,0.38,0.3490347562772084,0.37362112193362174,0.37362112193362174
13833,0.58,0.5570996406855057,0.559364556277056,0.559364556277056
21495,0.38,0.4470558761587796,0.4313309920634926,0.4313309920634926
6955,0.51,0.5457209560633601,0.561571277056277,0.561571277056277
160,0.61,0.666972421966942,0.626979166666667,0.626979166666667
5847,0.38,0.32918685758952815,0.31909500000000013,0.31909500000000013
14930,0.28,0.23675436694904958,0.1967239285714288,0.1967239285714288
11042,0.81,0.6531335335850332,0.6188036904761901,0.6188036904761901
8961,0.57,0.5173780254364926,0.4698669047619036,0.4698669047619035
21819,0.5,0.5578754793718808,0.5826508333333329,0.5826508333333329
2597,0.67,0.6001409901249529,0.5835361904761908,0.5835361904761907
4659,0.62,0.6792767346807117,0.6723673214285718,0.6723673214285719
7235,0.42,0.4656518915238491,0.4015804761904766,0.40158047619047665
18634,0.29,0.21625481634623198,0.2350732142857144,0.2350732142857144
14100,0.24,0.2882825245373738,0.27325093073593065,0.27325093073593065
15930,0.48,0.517788504309957,0.5212016666666675,0.5212016666666675
150,0.7,0.6817545325238172,0.683725000000002,0.683725000000002
17542,0.23,0.19854393404584453,0.17806601190476193,0.1780660119047619
19627,0.5,0.49638892824952663,0.48134011904761936,0.48134011904761936
2085,0.37,0.4001606587823784,0.33426833333333333,0.33426833333333333
1506,0.45,0.4980242973665725,0.5398345238095241,0.5398345238095241
16535,0.37,0.3721398912510677,0.4300055952380964,0.4300055952380964
1962,0.49,0.5255030735291575,0.4502183333333344,0.4502183333333344
2722,0.53,0.5182826749277174,0.5063400000000008,0.5063400000000008
17914,0.22,0.33274776482163493,0.3457245833333333,0.3457245833333333
11632,0.31,0.30425095265408875,0.32295666666666767,0.32295666666666767
19474,0.86,0.7782861957978033,0.7898258333333341,0.7898258333333341
739,0.91,0.7564329441465548,0.7030166666666651,0.7030166666666651
19010,0.83,0.7982879760261623,0.8115916666666676,0.8115916666666678
3099,0.32,0.3591651573334417,0.320284166666667,0.320284166666667
2454,0.87,0.7352448463583563,0.7940771428571419,0.7940771428571419
22223,0.45,0.44522613047411297,0.35202333333333485,0.35202333333333485
2865,0.33,0.3994253151229454,0.369632380952381,0.369632380952381
6221,0.33,0.364468518749221,0.3373530158730151,0.3373530158730151
22490,0.15,0.1713837212221182,0.20515208333333337,0.20515208333333337
11532,0.46,0.4740586076851289,0.3849666017316021,0.3849666017316021
11061,0.65,0.6803306416790033,0.7305236904761905,0.7305236904761905
1663,0.46,0.43681839003591977,0.4637154761904762,0.4637154761904761
22618,0.34,0.34099699968553765,0.3356609523809525,0.33566095238095256
9298,0.61,0.5640834902788849,0.5618568398268411,0.5618568398268411
18969,0.42,0.42175461141042964,0.39932642857142875,0.39932642857142864
22245,0.28,0.3103301527562431,0.3492575460650463,0.3492575460650463
6851,0.79,0.776858705196291,0.7448629166666659,0.744862916666666
18897,0.56,0.5693166618982813,0.535459999999999,0.535459999999999
3802,0.44,0.434901352850259,0.45944323412698373,0.45944323412698373
6320,0.34,0.414123733935525,0.40277785714285746,0.40277785714285746
18196,0.0,0.00030965664364102086,0.06336666666666674,0.06336666666666674
3307,0.15,0.08821850145050358,0.13228952380952375,0.13228952380952375
804,0.7,0.677915556979794,0.703219462481963,0.7032194624819629
4973,0.52,0.5134985548655272,0.5331495238095252,0.5331495238095252
16402,0.1,0.02349848336179594,0.04203583333333318,0.04203583333333319
9220,0.52,0.565437191327316,0.5461516666666669,0.5461516666666669
22540,0.58,0.5352645150157818,0.5301789285714286,0.5301789285714286
12847,0.65,0.6313675734347787,0.5962564285714297,0.5962564285714297
4525,0.28,0.31285204538298916,0.27940249999999994,0.27940249999999994
13086,0.46,0.3696179986243217,0.40316154761904777,0.4031615476190478
4481,0.48,0.5046381631134293,0.5328527380952383,0.5328527380952384
1602,0.49,0.5181538641228676,0.4512952380952374,0.4512952380952374
21195,0.33,0.3665143667397315,0.33820000000000133,0.33820000000000133
21108,0.47,0.4859389395775214,0.458456904761906,0.458456904761906
2829,0.63,0.624425243145255,0.5891958333333311,0.5891958333333311
3447,0.38,0.41526493243481066,0.4079297226384729,0.4079297226384728
2999,0.45,0.4378067312714402,0.4310570238095239,0.4310570238095239
11914,0.47,0.3388674599507315,0.4199958333333337,0.4199958333333337
20387,0.58,0.5342761737802613,0.5400878571428583,0.5400878571428583
14450,0.73,0.7054826489202866,0.7159961111111105,0.7159961111111106
14349,0.36,0.2902410810268901,0.2894046428571427,0.28940464285714274
14036,0.45,0.4173773704650056,0.3933173809523808,0.3933173809523809
1205,0.6,0.6064326927762527,0.6345457142857135,0.6345457142857134
2843,0.3,0.45164561965334904,0.3801716666666673,0.3801716666666673
17087,0.33,0.2955480421993679,0.26693797619047593,0.26693797619047593
15913,0.72,0.6256952524493904,0.6284249999999993,0.6284249999999993
8292,0.44,0.47552299355688504,0.47326815476190426,0.47326815476190426
11554,0.3,0.2955075471724258,0.2957599999999999,0.2957599999999999
18069,0.67,0.661171290176704,0.6637275000000002,0.6637275000000002
20443,0.54,0.4783080621026167,0.4456401785714285,0.44564017857142846
18904,0.46,0.4989945126205684,0.5148466666666663,0.5148466666666663
12780,0.8,0.7469676969533716,0.7671070833333329,0.7671070833333329
3514,0.31,0.3488403797095877,0.3165749999999992,0.3165749999999992
16835,0.24,0.3125298822874322,0.3077908333333338,0.30779083333333374
22288,0.89,0.7813898276823936,0.8178791666666675,0.8178791666666675
7148,0.51,0.46890912781002825,0.5078992045454547,0.5078992045454547
9286,0.22,0.2844030539664084,0.26113642857142866,0.26113642857142866
4670,0.21,0.24410357635533936,0.16321845238095228,0.16321845238095228
9213,0.48,0.49095675602889755,0.4787275000000005,0.47872750000000047
5654,0.43,0.49598204913276045,0.4883986309523818,0.4883986309523818
1,0.36,0.3300538646726856,0.3040044047619046,0.3040044047619046
14188,0.33,0.31613128454648115,0.29707666666666666,0.29707666666666666
70,0.39,0.5008498609392463,0.4525394047619046,0.4525394047619046
14922,0.46,0.49145092664665785,0.49148250000000027,0.4914825000000003
9805,0.54,0.5185238479693901,0.5744982142857132,0.5744982142857132
3049,0.19,0.1728949035679262,0.17806190476190498,0.17806190476190498
1333,0.35,0.31963791865204927,0.31192857142857183,0.31192857142857183
8319,0.24,0.2507606388195497,0.27250666666666723,0.27250666666666723
4658,0.64,0.5801356101398956,0.619748630952381,0.619748630952381
6861,0.28,0.3118818301289934,0.30408749999999996,0.3040874999999999
10044,0.46,0.4680495973793575,0.4526753571428565,0.4526753571428565
16348,0.63,0.620636940971072,0.6028007142857156,0.6028007142857156
21460,0.43,0.43681839003591977,0.4637154761904762,0.4637154761904761
21090,0.38,0.3486278771604423,0.3862470833333336,0.3862470833333336
18523,0.41,0.4670793821253616,0.4003849999999997,0.4003849999999997
20102,0.14,0.18229383786051473,0.19157011904761898,0.191570119047619
1983,0.25,0.34242089053035163,0.372104383116883,0.3721043831168831
7165,0.23,0.21556626916085103,0.22199761904761897,0.22199761904761897
21403,0.0,-0.03141857393643166,0.0027700000000000003,0.0027700000000000003
6009,0.54,0.48050779163380586,0.5133877976190473,0.5133877976190474
11813,0.64,0.5394256536553619,0.5604518452380955,0.5604518452380955
1105,0.88,0.7803103180500908,0.7995000000000002,0.7995000000000002
16889,0.51,0.5925101126500483,0.5954109523809517,0.5954109523809517
8594,0.63,0.584172562008238,0.5499347817460314,0.5499347817460314
1786,0.26,0.2387966151828616,0.2555621428571432,0.2555621428571431
10852,0.0,-0.05068113360956933,0.0,0.0
2926,0.5,0.45061678339088646,0.4518470833333332,0.4518470833333331
7304,0.68,0.690568127801863,0.6892708333333349,0.6892708333333352
19100,0.2,0.2040377951334564,0.23542124999999992,0.23542124999999992
18889,0.63,0.4806319784050436,0.4470326984126997,0.44703269841269966
16124,0.6,0.5200719255854419,0.510788749999999,0.510788749999999
8185,1.0,0.9179211745173094,0.9950159126984137,0.9950159126984137
13766,0.22,0.15550258460639732,0.13869916666666637,0.13869916666666637
4736,0.23,0.2263890942982535,0.21725940476190517,0.21725940476190517
18729,0.5,0.5313042053193955,0.558905833333333,0.558905833333333
13140,0.41,0.4850719324943639,0.46494499999999944,0.46494499999999944
21617,0.4,0.35201032449477265,0.2836958333333326,0.2836958333333326
2152,0.41,0.40149623384928473,0.40162000000000014,0.4016200000000002
11337,0.22,0.2268832649160137,0.205149761904762,0.20514976190476206
20592,0.3,0.4395122901848691,0.39155642857142875,0.39155642857142875
13792,0.08,0.035309649734719006,0.07266333333333334,0.07266333333333334
12019,0.55,0.53371643739973,0.5419458333333335,0.5419458333333335
2850,0.33,0.36218509747373623,0.3798225000000002,0.37982250000000006
9414,0.71,0.647834049065042,0.6770750000000028,0.6770750000000028
722,0.66,0.6804881229763804,0.6361153571428573,0.6361153571428573
3797,0.36,0.37328211402726685,0.33913212662337683,0.33913212662337694
3278,0.56,0.621536966428685,0.5948318452380953,0.5948318452380953
75,0.27,0.26843462584969346,0.2756059090909098,0.2756059090909098
5234,0.28,0.3330294328902498,0.35712291666666734,0.35712291666666734
11259,0.53,0.6211311115888323,0.5327628174603177,0.5327628174603176
21955,0.35,0.49067508796028275,0.49110400793650805,0.4911040079365081
6782,0.15,0.1632622728861517,0.17854999999999988,0.17854999999999988
18681,0.39,0.37746137864837176,0.3703375108225109,0.3703375108225109
18573,0.4,0.4585843501861742,0.4105269444444443,0.41052694444444426
20391,0.51,0.5121448538170962,0.4655019047619062,0.4655019047619062
11081,0.54,0.5811058253938914,0.5239695238095238,0.5239695238095238
17680,0.59,0.6163874865535843,0.5772158333333325,0.5772158333333326
4890,0.32,0.3692526388114111,0.38190500000000055,0.38190500000000055
6730,0.41,0.4578085114997992,0.42934051587301597,0.42934051587301597
2320,0.18,0.23867242841162384,0.17820833333333336,0.17820833333333333
656,0.6,0.5856369478799941,0.609320714285715,0.609320714285715
1752,0.42,0.42841167387463996,0.42222333333333334,0.42222333333333334
12300,0.22,0.21981572357833878,0.23104482142857097,0.23104482142857097
3898,0.31,0.30192703635166185,0.30095714285714203,0.30095714285714203
10385,0.16,0.20205056815141265,0.19200000000000014,0.19200000000000017
18669,0.24,0.2742357576399315,0.259825,0.259825
2065,0.55,0.5613490951029935,0.5934361309523808,0.5934361309523809
15672,0.55,0.5266452963053565,0.5188033333333345,0.5188033333333344
20560,0.54,0.5113690151307211,0.5342866666666657,0.5342866666666657
15392,0.28,0.27684134201097327,0.2508661201298702,0.2508661201298702
1913,0.32,0.4387769465254361,0.4347356547619047,0.4347356547619047
11192,0.76,0.6903737512342424,0.66808857142857,0.6680885714285703
13217,0.38,0.35520124788035695,0.3865310119047615,0.3865310119047614
15105,0.29,0.3128115503560471,0.26397819444444476,0.2639781944444447
13274,0.48,0.4836075466226078,0.404894880952381,0.404894880952381
7874,0.21,0.2271649329846286,0.2084061507936508,0.20840615079365077
549,0.27,0.30115119766528675,0.31746547619047655,0.31746547619047655
11773,0.39,0.2882825245373738,0.27325093073593065,0.27325093073593065
12157,0.62,0.5898162125010988,0.5889157738095223,0.5889157738095223
5989,0.15,0.21972455518155645,0.1633500000000001,0.1633500000000001
8140,0.47,0.39166562684319106,0.39782155665413044,0.39782155665413044
5915,0.86,0.8381337780464131,0.8504999999999991,0.8504999999999991
16583,0.63,0.5641671820231806,0.5912065927128419,0.5912065927128419
16979,0.45,0.5218179795258129,0.5223338293650794,0.5223338293650793
7078,0.7,0.7192764182416413,0.7503616666666659,0.750361666666666
7721,0.2,0.23295858812237993,0.19696666666666687,0.19696666666666687
2708,0.53,0.6089545854029987,0.6072000000000007,0.6072000000000007
9689,0.06,0.16412180331682247,0.16057083333333314,0.16057083333333314
14783,0.51,0.4949245423777705,0.4583235714285715,0.4583235714285714
14725,0.77,0.708391904237256,0.7466683333333328,0.746668333333333
12446,0.42,0.4612782503351236,0.5188858134920642,0.5188858134920642
12667,0.64,0.6068385476161053,0.5533269047619038,0.5533269047619038
11960,0.44,0.5246435430984866,0.48980142857142817,0.48980142857142817
18445,0.23,0.26785676348763754,0.22399583333333312,0.22399583333333312
17016,0.68,0.6581588266888961,0.6504589285714286,0.6504589285714287
16130,0.74,0.7147527724080254,0.7524166666666676,0.7524166666666676
16201,0.64,0.666972421966942,0.626979166666667,0.626979166666667
1574,0.38,0.4079157230285208,0.42045740079365,0.4204574007936501
13452,0.27,0.36729408232189475,0.3739372408147408,0.3739372408147408
3213,0.69,0.5525759948518897,0.5082208333333328,0.5082208333333328
560,0.35,0.42183830315472526,0.4587822442834942,0.4587822442834941
1437,0.29,0.23761389737972036,0.24892228896103866,0.24892228896103866
14257,0.77,0.6384351147724536,0.6211829996392499,0.6211829996392499
17076,0.22,0.29380198825899695,0.29324053571428615,0.29324053571428615
6623,0.71,0.7329209300559293,0.7465000000000004,0.7465000000000005
21932,0.26,0.3703938373106968,0.3629515873015878,0.3629515873015878
6524,0.61,0.5053735067728623,0.5530784920634917,0.5530784920634917
6579,0.42,0.4747471548705099,0.4547150595238098,0.45471505952380975
8086,0.52,0.5852850900149963,0.5922446428571427,0.5922446428571427
7940,0.49,0.4800541160429877,0.4592202777777779,0.459220277777778
15050,0.54,0.5297525279466453,0.4990941666666663,0.4990941666666664
11227,0.34,0.33287195159287275,0.3261497240259738,0.3261497240259738
5965,0.0,-0.011611170275693583,0.006000000000000003,0.006000000000000003
21054,0.33,0.4004387270942948,0.396085833333333,0.396085833333333
11783,0.63,0.6110880020335931,0.6103250000000008,0.6103250000000008
6710,0.23,0.26843462584969346,0.2756059090909098,0.2756059090909098
8865,0.35,0.32270465526639586,0.34519785714285767,0.34519785714285767
11106,0.73,0.6883315030004303,0.6954017857142848,0.6954017857142848
16035,0.22,0.24871839058573766,0.25334166666666674,0.25334166666666674
1085,0.29,0.22936466251581766,0.25408928571428624,0.25408928571428624
15300,0.25,0.31613128454648115,0.29707666666666666,0.29707666666666666
15464,0.45,0.45172931139764466,0.4278562914862911,0.4278562914862911
9676,0.23,0.18763381740744794,0.1849783333333333,0.18497833333333324
20363,0.45,0.3941875194699371,0.45150097222222135,0.45150097222222135
19735,0.43,0.3977484267020439,0.40714469696969663,0.40714469696969674
8617,0.81,0.7534573759289906,0.7559999999999996,0.7559999999999996
8784,0.5,0.5155482797518259,0.4829272817460318,0.4829272817460318
5111,0.77,0.7763645345785308,0.8235500000000002,0.8235500000000002
2384,0.51,0.5302466985644054,0.5491033333333337,0.5491033333333337
16221,0.26,0.30289725160565767,0.2643282142857137,0.2643282142857137
14789,1.0,0.9179211745173094,0.9950159126984137,0.9950159126984137
2067,0.22,0.20772288913680095,0.19351693722943694,0.19351693722943694
6993,0.37,0.4486295564088427,0.4447188762626268,0.4447188762626268
7524,0.35,0.3260169128043432,0.3219366666666667,0.3219366666666668
1180,0.69,0.670072176955744,0.6287424999999992,0.6287424999999992
16799,0.47,0.41923271878368357,0.3992778769841267,0.3992778769841267
13738,0.99,0.8652066993691454,0.9023166666666659,0.9023166666666659
2555,0.15,0.1401571379122924,0.14631250000000012,0.14631250000000012
11913,0.14,0.16914709642068537,0.1576055555555555,0.1576055555555555
7301,0.47,0.38509225612327636,0.37921237727550233,0.37921237727550244
4579,0.85,0.8753739956956225,0.8736875000000006,0.8736875000000007
15684,0.58,0.5448539489802027,0.5346270238095243,0.5346270238095243
11396,0.31,0.39718509056481416,0.3925673124098126,0.3925673124098125
6462,0.18,0.2793852375150322,0.2562789357864358,0.2562789357864357
5322,0.4,0.35541375042950235,0.35510458874458856,0.35510458874458856
22582,0.58,0.5724866066834663,0.6190000793650797,0.6190000793650796
13007,0.43,0.5054140017998044,0.43405476190476205,0.43405476190476205
7260,0.36,0.36602019612197123,0.36013238095238104,0.36013238095238104
14830,0.47,0.4848814328225314,0.44751833333333324,0.44751833333333324
22508,0.54,0.517748009283015,0.51131018304408,0.51131018304408
5095,0.55,0.49880013605294765,0.5111580952380946,0.5111580952380949
8723,0.72,0.6520796265867417,0.6173550000000001,0.6173550000000001
6259,0.31,0.38509225612327636,0.37921237727550233,0.37921237727550244
14455,0.38,0.47601716417464524,0.4225013888888889,0.4225013888888889
13303,0.28,0.29117080125394385,0.27326130952380967,0.27326130952380967
6447,0.67,0.616581863121205,0.6271533333333326,0.6271533333333326
8619,0.45,0.39011754922713926,0.37656051587301564,0.37656051587301564
17212,0.34,0.43901811956710884,0.43630642857142876,0.4363064285714288
13556,0.45,0.4610657477859782,0.44677666666666715,0.4467766666666671
15115,0.55,0.478802232720377,0.39082660714285716,0.39082660714285716
13504,0.45,0.5203535936540568,0.4973483134920639,0.4973483134920639
9205,0.42,0.4063640456557706,0.4108904761904757,0.41089047619047575
1273,0.75,0.6738455867369961,0.6967090440115433,0.6967090440115434
6067,0.3,0.24716283631719924,0.25227436507936507,0.25227436507936507
169,0.67,0.5707810477700375,0.5427933333333336,0.5427933333333338
5364,0.15,0.19302447032422138,0.2334399999999996,0.2334399999999996
7454,0.47,0.49071558298722484,0.3955483333333344,0.3955483333333344
7943,0.7,0.6578771586202812,0.6230655357142845,0.6230655357142845
22593,0.13,0.11336588465817499,0.116385,0.116385
20399,0.44,0.36757575039050966,0.32897750000000053,0.32897750000000053
14719,0.91,0.8010223712020537,0.7686650000000002,0.7686650000000002
2202,0.4,0.46082457474430544,0.43053517857142865,0.43053517857142865
1320,0.01,-0.018960379681983386,0.0016500000000000004,0.0016500000000000004
4566,0.34,0.32037326231148233,0.33035077380952393,0.3303507738095239
177,0.68,0.6023776149263856,0.6531449801587307,0.6531449801587307
20755,0.63,0.5818816640802664,0.5887225000000011,0.5887225000000013
13632,0.59,0.5341222922395825,0.5567141666666674,0.5567141666666673
14180,0.15,0.14787170713149267,0.11925029761904735,0.11925029761904735
8398,0.0,-0.023202357446984456,0.007696666666666669,0.007696666666666669
3357,0.61,0.5913642901171507,0.5924744047619054,0.5924744047619054
630,0.38,0.31923103953528315,0.32365999999999917,0.32365999999999917
12040,0.69,0.6508096172826063,0.6901036525974021,0.6901036525974021
16134,0.23,0.2579856614546018,0.22334833333333307,0.22334833333333307
8108,0.42,0.3691238280065614,0.4371649999999995,0.4371649999999995
14828,0.2,0.26871629391830837,0.2652910714285718,0.2652910714285717
12586,0.21,0.290522749095505,0.2431674999999996,0.24316749999999956
13646,0.3,0.25852032709930406,0.23644791666666698,0.23644791666666698
18223,0.27,0.23218274943600484,0.16472744047619042,0.16472744047619042
20576,0.74,0.7613007559530406,0.7920255952380958,0.7920255952380958
9454,0.47,0.548044872365787,0.5963034523809535,0.5963034523809535
11102,0.5,0.5773175232197084,0.5972443477355975,0.5972443477355975
17499,0.08,0.037633566037145794,0.051199999999999954,0.05119999999999997
8674,0.76,0.6368870371564018,0.6975994209956708,0.6975994209956708
14165,0.34,0.47957807140675207,0.4243663492063494,0.4243663492063494
21238,0.71,0.6966690536422406,0.7221199999999997,0.7221199999999998
16510,0.37,0.39532974224613626,0.34318750000000153,0.34318750000000153
5412,0.57,0.48205586924985755,0.46056249999999904,0.46056249999999904
95,0.85,0.7641475133657551,0.771629166666667,0.771629166666667
12986,0.49,0.41216517744600867,0.4169661284548788,0.41696612845487885
7561,0.08,0.10597618022494304,0.11279166666666664,0.11279166666666664
10383,0.44,0.48181469620818485,0.4555662499999989,0.4555662499999989
9682,0.29,0.3485405856594481,0.329701349206349,0.32970134920634897
2626,0.27,0.27223040467636317,0.27916916666666686,0.27916916666666686
9656,0.12,0.14759363881957627,0.12354999999999997,0.12354999999999997
22262,0.56,0.6170760337389652,0.6441291666666664,0.6441291666666664
5109,0.25,0.3368177350644328,0.3410583333333331,0.3410583333333331
7880,0.06,-0.006461690400592912,0.022572023809523757,0.022572023809523764
12249,0.71,0.666283874781561,0.7256400000000004,0.7256400000000002
20249,0.57,0.623736695959874,0.6198031331168834,0.6198031331168834
2522,0.54,0.513692931433148,0.5738575000000015,0.5738575000000015
4855,0.7,0.6803306416790033,0.7305236904761905,0.7305236904761905
2321,0.4,0.4605024116487485,0.4387617803030303,0.4387617803030303
18159,0.12,0.08871267206826389,0.07134999999999987,0.07134999999999987
17279,0.37,0.2823977010028401,0.27860749999999945,0.27860749999999945
19543,0.59,0.49977035130694347,0.5434310714285718,0.5434310714285718
18659,0.19,0.2676992821902605,0.296965,0.296965
15293,0.44,0.49071558298722484,0.3955483333333344,0.3955483333333344
18671,0.06,0.07940490617245766,0.1330467261904759,0.1330467261904759
20298,0.75,0.8289548229554569,0.7897033333333335,0.7897033333333335
21504,0.52,0.5002645219247037,0.48368416666666647,0.4836841666666665
12245,0.21,0.27203602810874244,0.26184359126984125,0.2618435912698412
18791,0.63,0.5056551748414772,0.4379495833333336,0.43794958333333367
18571,0.1,0.17860874385717018,0.21233142857142848,0.2123314285714285
15060,0.73,0.6873144912723825,0.6855916666666669,0.6855916666666668
563,0.29,0.2770538445601186,0.24873351190476234,0.24873351190476234
16262,0.65,0.6519923350857475,0.6377183333333326,0.6377183333333327
3009,0.6,0.5435839396760673,0.6019950000000006,0.6019950000000006
12060,0.28,0.2345141423909184,0.23895895923520924,0.23895895923520924
15454,0.31,0.27126018942236735,0.31007749999999923,0.3100774999999993
20482,0.17,0.18453406241864595,0.12376249999999998,0.12376250000000001
18774,0.81,0.7708496948905195,0.7761334523809524,0.7761334523809524
16300,0.38,0.41864737976914096,0.36772023809523796,0.36772023809523796
5470,0.26,0.3139942681591883,0.33104845238095265,0.33104845238095265
19638,0.16,0.12884014215712963,0.13574750000000002,0.13574750000000002
11841,0.55,0.5400773055704993,0.5448960948773447,0.5448960948773446
10600,0.68,0.7255717206496395,0.7283936904761898,0.7283936904761898
20138,0.35,0.4349886443512531,0.42914710317460314,0.42914710317460303
13757,0.58,0.5611079220613208,0.560250898962148,0.560250898962148
18690,0.84,0.8600977145209869,0.9260000000000005,0.9260000000000005
3511,0.55,0.576665871304571,0.5659097619047606,0.5659097619047606
8269,0.52,0.45269952665164054,0.43406347222222225,0.43406347222222225
14689,0.39,0.38683831006364733,0.431905,0.431905
20082,0.68,0.6558679287609247,0.6278533333333338,0.6278533333333339
11781,0.31,0.3500517680052563,0.31842503968253977,0.31842503968253977
6613,0.89,0.9048113283477237,0.9633433333333333,0.9633433333333333
19798,0.26,0.3114759752891407,0.2926049999999996,0.2926049999999996
5951,0.43,0.3683515890768848,0.41814904761904725,0.41814904761904736
12109,0.56,0.5601377068073249,0.585113888888888,0.585113888888888
2214,0.38,0.30298094334995335,0.2569363095238089,0.25693630952380897
21188,0.57,0.5025554198526752,0.5995033333333329,0.5995033333333329
10435,0.41,0.3477278517028294,0.38080749999999985,0.38080749999999997
8682,0.46,0.5173780254364926,0.4698669047619036,0.4698669047619035
8583,0.79,0.7632879829350843,0.7765624999999987,0.7765624999999987
5484,0.64,0.6303505617067309,0.6057919047619045,0.6057919047619045
15705,0.39,0.3103301527562431,0.3492575460650463,0.3492575460650463
17641,0.34,0.42658192818997337,0.4186573809523799,0.41865738095238003
21543,0.74,0.666283874781561,0.7256400000000004,0.7256400000000002
15157,0.58,0.6226827889615826,0.5840316666666666,0.5840316666666666
3070,0.5,0.4534348703110736,0.4439648106060603,0.4439648106060603
10870,0.54,0.4622484655891194,0.463107853535353,0.463107853535353
9389,0.51,0.5689513020853708,0.5392338095238104,0.5392338095238104
7951,0.45,0.4602062173553074,0.44956249999999903,0.44956249999999903
2635,0.49,0.5546182430857017,0.5471947619047615,0.5471947619047614
11575,0.32,0.31817353278029314,0.32813583333333346,0.32813583333333346
2554,0.74,0.6674665925847022,0.6705649999999995,0.6705649999999995
12794,0.5,0.40953399044095556,0.4152076785714286,0.4152076785714286
13857,0.35,0.44429641024705924,0.40069166666666695,0.40069166666666706
13539,0.28,0.34416694447072255,0.40619583333333253,0.40619583333333253
9963,0.55,0.6014073996723898,0.6220416666666658,0.6220416666666658
9088,0.29,0.25753198586378356,0.26950892857142805,0.26950892857142805
194,0.34,0.34099699968553765,0.3356609523809525,0.33566095238095256
22492,0.75,0.6575071747737589,0.6641150000000006,0.6641150000000008
7063,0.22,0.19959784104413603,0.2144351190476189,0.21443511904761883
15020,0.62,0.6361111984700267,0.6086015530303035,0.6086015530303035
440,0.74,0.6984987993269073,0.668477738095238,0.668477738095238
19511,0.47,0.5297525279466453,0.4990941666666663,0.4990941666666664
7735,0.72,0.7635841772285255,0.7451266071428572,0.7451266071428571
12602,0.42,0.47328276899875377,0.4343364880952385,0.43433648809523845
6720,0.52,0.4949245423777705,0.4583235714285715,0.4583235714285714
11151,0.59,0.6221013268428282,0.5738651190476182,0.5738651190476182
21111,0.31,0.2766001689693005,0.273405416666667,0.273405416666667
3082,0.35,0.3343363374646289,0.38783873376623385,0.3878387337662339
16315,0.74,0.782659836986529,0.7914599999999976,0.7914599999999975
15148,0.06,0.005912812109559851,0.0536425,0.05364250000000001
3425,0.56,0.5707441524997938,0.565869285714286,0.565869285714286
8055,0.03,0.0229351472245663,0.024119999999999916,0.02411999999999991
17218,0.61,0.5383717466570704,0.5661849404761896,0.5661849404761896
18150,0.58,0.5296613595498629,0.531923214285714,0.531923214285714
15887,0.54,0.5340350007385885,0.5409961904761902,0.5409961904761902
18008,0.23,0.23903778822453436,0.25583452380952393,0.25583452380952393
9417,0.5,0.4387769465254361,0.4347356547619047,0.4347356547619047
1309,0.38,0.3199195867206641,0.2732858333333332,0.2732858333333332
392,0.4,0.44466177005996976,0.37677976190476187,0.3767797619047619
20735,0.37,0.3320124211622019,0.3147489285714279,0.3147489285714279
21950,0.55,0.5403303031465867,0.5266259523809529,0.5266259523809529
10329,0.51,0.48912701034423095,0.5150075396825398,0.5150075396825399
7298,0.22,0.20878142016870446,0.18742999999999996,0.18742999999999996
4934,0.34,0.3402211609991625,0.3226923809523812,0.3226923809523812
15578,0.24,0.2371197267619601,0.276668571428571,0.276668571428571
16731,0.66,0.6081787467166238,0.5790361309523822,0.5790361309523822
7236,0.53,0.5258730573756799,0.5400035317460321,0.540003531746032
6487,0.26,0.2742357576399315,0.259825,0.259825
22435,0.59,0.6528518655164183,0.6297736544011535,0.6297736544011535
9551,0.51,0.4085637751869597,0.3951423809523813,0.3951423809523813
4267,0.62,0.6292561596814972,0.569309583333332,0.569309583333332
305,0.62,0.6016890677410047,0.5347509325396832,0.5347509325396831
11157,0.71,0.7047068102339114,0.7298238095238097,0.7298238095238097
9319,0.86,0.8229411886160733,0.9271516666666654,0.9271516666666655
4907,0.36,0.37231189877327103,0.35322083333333354,0.35322083333333354
6216,0.52,0.5018200761932421,0.4677392857142856,0.4677392857142856
10899,0.16,0.11839117776203789,0.1464725000000002,0.1464725000000002
15736,0.46,0.49397669616919215,0.46901916666666665,0.4690191666666667
14364,0.45,0.4291875125610151,0.4304311605061604,0.4304311605061604
5908,0.18,0.17494462845422498,0.18731940476190467,0.18731940476190467
13786,0.52,0.5367289008875378,0.5477224999999999,0.5477224999999999
1897,0.18,0.20009201166189633,0.21309305555555597,0.21309305555555597
16797,0.19,0.16244593917283445,0.14070952380952387,0.14070952380952387
5091,0.53,0.6003353666925737,0.5945053571428569,0.5945053571428568
12143,0.33,0.33511217615100397,0.36868162698412704,0.36868162698412704
4823,0.41,0.42841167387463996,0.42222333333333334,0.42222333333333334
12303,0.55,0.4952062104463854,0.6155992857142845,0.6155992857142845
14076,0.13,0.1186323508037106,0.13738583333333346,0.13738583333333346
9518,0.45,0.5041439924956691,0.4828746212121207,0.48287462121212066
14419,0.6,0.5988709808208176,0.642582083333333,0.642582083333333
1457,0.3,0.40713988434214576,0.4114185119047616,0.4114185119047617
3706,0.33,0.28276768484936254,0.24467916666666678,0.24467916666666678
1088,0.39,0.3929356361473264,0.3964080952380952,0.3964080952380952
21545,0.29,0.30298094334995335,0.2569363095238089,0.25693630952380897
3900,0.81,0.8203356042450316,0.833645595238094,0.833645595238094
15311,0.42,0.4767525078340783,0.48611136904761937,0.48611136904761937
13809,0.05,0.07233736483478276,0.0989616666666665,0.0989616666666665
14233,0.67,0.6604827429913229,0.6072308333333332,0.607230833333333
7232,0.37,0.4593601888725493,0.45374465909091005,0.45374465909091005
21556,0.38,0.36218509747373623,0.3798225000000002,0.37982250000000006
13787,0.59,0.5122285455613919,0.5605498051948065,0.5605498051948065
12406,0.84,0.7536985489706632,0.8255500000000008,0.8255500000000008
11364,0.81,0.8120566746116882,0.7514549999999995,0.7514549999999995
12816,0.48,0.43787692106782317,0.38707750000000024,0.38707750000000024
5629,0.33,0.35945070229784476,0.3631616666666666,0.36316166666666655
12198,0.36,0.38636226542741176,0.3558820238095241,0.3558820238095241
7746,0.45,0.40056651362223106,0.4034999801587303,0.4034999801587302
14645,0.86,0.7998396533989125,0.7812455952380953,0.7812455952380953
9004,0.5,0.5722922301158455,0.5797959469696967,0.5797959469696967
14248,0.29,0.3264929574405788,0.3360029365079366,0.3360029365079365
21924,0.23,0.286734446921322,0.31898333333333334,0.31898333333333334
3290,0.42,0.5089749090319112,0.4862307792207792,0.4862307792207792
13388,0.21,0.19323697287336672,0.1381583333333332,0.13815833333333316
17404,0.43,0.46711627739560524,0.42909458333333356,0.42909458333333356
6187,0.38,0.37591330103231996,0.33003333333333384,0.33003333333333384
19646,0.0,-0.012346513935126535,0.017372624458874455,0.017372624458874455
6675,0.37,0.3987367679375644,0.3847438888888886,0.3847438888888886
8643,0.62,0.6579176536472233,0.7055508333333331,0.7055508333333331
7238,0.6,0.5723327251427875,0.5799475000000003,0.5799475000000003
15287,0.49,0.4144890937484355,0.4001476014263514,0.4001476014263514
10502,0.44,0.41526493243481066,0.4079297226384729,0.4079297226384728
16519,0.42,0.4291875125610151,0.4304311605061604,0.4304311605061604
663,0.41,0.4156718115515768,0.3809000595238091,0.38090005952380923
13375,0.45,0.49610623590399827,0.45334969696969735,0.45334969696969735
1938,0.72,0.6731102430775632,0.7072424999999994,0.7072424999999994
3599,0.73,0.694904873720345,0.7004089285714299,0.7004089285714298
20920,0.69,0.5869906489284251,0.5770614682539681,0.5770614682539681
12687,0.57,0.5640834902788849,0.5618568398268411,0.5618568398268411
11057,0.44,0.509904629258965,0.4968199999999999,0.4968199999999999
17953,0.36,0.3911714562254308,0.38544869047619046,0.38544869047619046
3945,0.48,0.4000723430044708,0.4343524603174604,0.4343524603174604
14175,0.47,0.5155482797518259,0.4829272817460318,0.4829272817460318
6021,0.36,0.3308297033590607,0.2716470833333336,0.2716470833333336
5250,0.13,0.08250466116125971,0.10824999999999972,0.10824999999999972
503,0.44,0.4557662632659871,0.46683809523809444,0.46683809523809444
18707,0.31,0.28134379400454856,0.24666940476190471,0.24666940476190471
12214,0.52,0.543305871364151,0.5043362500000004,0.5043362500000004
8463,0.52,0.596580082892846,0.6060016666666685,0.6060016666666685
18399,0.71,0.7627246467978547,0.7499458333333336,0.7499458333333336
20045,0.39,0.44311009268721957,0.4618474603174603,0.4618474603174603
7111,0.41,0.3751374623459448,0.359657261904762,0.359657261904762
8179,0.23,0.23907828325147645,0.2502791666666667,0.2502791666666667
15881,0.49,0.46078407971736335,0.44267712662337566,0.44267712662337566
8053,0.28,0.2731782508849415,0.2368716666666666,0.2368716666666666
18967,0.47,0.4159129845932495,0.4087833333333333,0.4087833333333332
21731,0.67,0.6972287900227719,0.7362813690476194,0.7362813690476194
18647,0.51,0.4828722029631748,0.48246535714285715,0.48246535714285715
19045,0.77,0.7610477583769532,0.8550000000000015,0.8550000000000015
9268,0.84,0.7697911638586161,0.7377970833333332,0.7377970833333332
9869,0.4,0.4752413254882702,0.4591806150793652,0.45918061507936514
9565,0.37,0.4935006515329565,0.5118895238095232,0.5118895238095232
15570,0.68,0.623736695959874,0.6198031331168834,0.6198031331168834
19363,0.46,0.4306114034058291,0.38516916666666673,0.38516916666666673
22326,0.39,0.38373855507484533,0.39257857142857155,0.39257857142857155
1045,0.42,0.4296816831787753,0.4496995238095237,0.4496995238095237
9880,0.27,0.3114759752891407,0.2926049999999996,0.2926049999999996
19320,0.56,0.6493857264377922,0.7008538293650795,0.7008538293650792
12700,0.34,0.38875637152622156,0.3180083333333331,0.3180083333333331
13874,0.6,0.5813874934625063,0.6059949999999997,0.6059949999999997
13585,0.54,0.4703735136817843,0.3846049999999991,0.3846049999999991
18068,0.38,0.34744618363421453,0.38914702380952365,0.38914702380952365
9271,0.35,0.4437617446023569,0.44260773809523785,0.44260773809523785
11145,0.0,-0.03141857393643166,0.0027700000000000003,0.0027700000000000003
5871,0.56,0.6353758548105938,0.6208602380952378,0.6208602380952378
10492,0.64,0.6140635702511573,0.5318206746031754,0.5318206746031754
18761,0.55,0.5471448469081741,0.5520389880952385,0.5520389880952384
8011,0.4,0.3497700999366414,0.38233511904761897,0.38233511904761897
7239,0.6,0.5567342808725951,0.5711758279220783,0.5711758279220783
14735,0.68,0.5929159674899009,0.588836666666665,0.588836666666665
10283,0.56,0.5405714761882595,0.5885973809523799,0.5885973809523799
2846,0.18,0.21470673873018023,0.2004666666666667,0.20046666666666674
8365,0.16,0.15869065537310695,0.14033166666666666,0.14033166666666663
21256,0.73,0.8005282005842935,0.8404450000000006,0.8404450000000007
424,0.47,0.40701569757090794,0.3618796282883783,0.3618796282883783
5000,0.67,0.5806116547761311,0.581467896825397,0.581467896825397
16150,0.2,0.1581964847553467,0.16379904761904818,0.16379904761904818
22463,0.77,0.6897958888721865,0.7624958333333341,0.7624958333333341
21881,0.77,0.7318634233009393,0.7383348809523812,0.7383348809523811
8228,0.39,0.3701121692420819,0.3714509126984123,0.3714509126984123
773,0.35,0.4079157230285208,0.42045740079365,0.4204574007936501
13969,0.06,0.016926136918794854,0.06492500000000005,0.06492500000000005
7952,0.42,0.4347069762826382,0.3989050000000002,0.3989050000000002
17994,0.56,0.592015942032288,0.5339154138916641,0.533915413891664
1137,0.51,0.520847764271817,0.4938336904761906,0.4938336904761906
242,0.32,0.28065164706246915,0.24734960317460328,0.24734960317460325
17414,0.47,0.4144890937484355,0.4001476014263514,0.4001476014263514
18440,0.3,0.3698996666929365,0.3736460119047617,0.3736460119047617
19719,0.02,-0.024845203216516953,0.013616666666666645,0.013616666666666645
10536,0.16,0.22347983898128398,0.19061249999999996,0.19061249999999996
17104,0.59,0.6331356302524626,0.6512479761904763,0.6512479761904763
21092,0.44,0.444537583288732,0.42183750000000086,0.4218375000000008
11659,0.44,0.44147084667438546,0.3627824999999996,0.3627824999999996
8335,0.67,0.7110676784046807,0.8170150000000015,0.8170150000000015
5631,0.23,0.2765596739423584,0.2535540476190472,0.2535540476190472
1650,0.57,0.5322052550539218,0.5606372023809523,0.5606372023809523
2121,0.63,0.6376592760860785,0.5976525,0.5976525
5407,0.82,0.740888496851217,0.7900349999999999,0.7900349999999997
10171,0.23,0.26468681870245264,0.25659583333333336,0.2565958333333334
16541,0.38,0.3944000220190825,0.3920605952380952,0.39206059523809517
12296,0.72,0.7440584416364022,0.7822316666666663,0.7822316666666663
10616,0.49,0.5774417099909462,0.5579899999999987,0.5579899999999987
8195,0.4,0.3498105949635835,0.3637532738095238,0.36375327380952377
12870,0.54,0.5281969736781068,0.504629761904761,0.504629761904761
1610,0.71,0.7397759688444587,0.7756591666666681,0.7756591666666681
20861,0.56,0.571926870302935,0.5538975000000008,0.5538975000000008
3467,0.85,0.8059188535010668,0.8384833333333331,0.838483333333333
4747,0.49,0.5134985548655272,0.5331495238095252,0.5331495238095252
5405,0.7,0.7205464275457766,0.7357625000000014,0.7357625000000014
21978,0.56,0.5322889467982175,0.4982790674603171,0.4982790674603171
22444,0.35,0.3500517680052563,0.31842503968253977,0.31842503968253977
13920,0.65,0.6219069502752074,0.626234166666667,0.626234166666667
17526,0.34,0.30493949983946966,0.33904809523809526,0.33904809523809526
21318,0.0,-0.05068113360956933,0.0,0.0
8217,0.35,0.3402211609991625,0.3226923809523812,0.3226923809523812
8901,0.29,0.3329421413892557,0.29157083333333345,0.2915708333333335
4683,0.23,0.18306967654688983,0.15349166666666655,0.15349166666666655
20070,0.5,0.5219091479225951,0.5269246428571424,0.5269246428571424
19910,0.66,0.6809822935941405,0.6172219047619056,0.6172219047619056
12516,0.63,0.6016890677410047,0.5347509325396832,0.5347509325396831
7782,0.5,0.513004384247767,0.43351756493506505,0.43351756493506516
11744,0.34,0.3465164634071608,0.3312750000000003,0.3312750000000003
20626,0.29,0.20462313414799896,0.18515438492063463,0.18515438492063466
16122,0.87,0.7909792616468146,0.8276550000000007,0.8276550000000007
18767,0.44,0.4879811878113334,0.47392583333333316,0.47392583333333316
15255,0.7,0.7753106275802393,0.762383333333333,0.762383333333333
5086,0.52,0.4861514421266668,0.4433495833333335,0.4433495833333335
3445,0.65,0.6059385221584925,0.5839761904761912,0.5839761904761912
12086,0.72,0.694904873720345,0.7004089285714299,0.7004089285714298
18453,0.47,0.5100288160302028,0.5138072691197695,0.5138072691197694
11186,0.44,0.39231727875832834,0.37589488095238033,0.37589488095238033
8429,0.57,0.5627432911783666,0.5578666666666653,0.5578666666666653
14344,0.47,0.36255045728664675,0.34676494047618983,0.34676494047618983
20532,0.25,0.3842327256926056,0.4314810714285724,0.4314810714285724
4779,0.4,0.31110599144261825,0.2963390097402604,0.2963390097402604
22439,0.7,0.7055663406645822,0.7792221428571403,0.7792221428571403
19042,0.28,0.22078593883233463,0.24234166666666662,0.24234166666666662
10614,0.34,0.43731256065367996,0.38813333333333333,0.38813333333333333
13682,0.27,0.26708092480126244,0.24700916666666653,0.24700916666666653
18768,0.65,0.6384351147724536,0.6211829996392499,0.6211829996392499
2891,0.76,0.7918387920774854,0.8225166666666671,0.8225166666666672
1928,0.29,0.33364779027924785,0.35699875901875894,0.356998759018759
14237,0.42,0.35569541849811726,0.33404240620490633,0.33404240620490633
1525,0.04,0.015743419115653523,0.0443049999999999,0.0443049999999999
12064,0.45,0.42453220330367464,0.3865833333333332,0.3865833333333332
18101,0.72,0.703648279202008,0.7067766666666655,0.7067766666666657
22523,0.45,0.46580937282122625,0.45200728174603183,0.45200728174603183
21695,0.46,0.41216517744600867,0.4169661284548788,0.41696612845487885
5275,0.47,0.5034554453102881,0.49331786179506765,0.49331786179506765
10236,0.1,0.10377645069375396,0.10616527777777789,0.1061652777777779
19319,0.09,0.006194480178174644,0.04755083333333327,0.04755083333333327
14704,0.6,0.5408531442568744,0.5462582142857143,0.5462582142857143
4529,0.39,0.3133057209738074,0.29654757936507903,0.296547579365079
3532,0.26,0.16285179401268712,0.18515166666666627,0.18515166666666627
2075,0.47,0.5108748445129608,0.5137316666666663,0.5137316666666664
796,0.59,0.5144687701195231,0.5519212860750363,0.5519212860750364
18317,0.9,0.7243017113455041,0.7126999999999991,0.7126999999999991
17371,0.81,0.7739494498793216,0.8716041666666685,0.8716041666666685
17379,0.14,0.16102204832802047,0.13883833333333345,0.13883833333333345
14979,0.84,0.8336101322127971,0.8518750000000013,0.8518750000000013
20610,0.54,0.5750305021875252,0.5585000000000006,0.5585000000000006
1705,0.8,0.8135210604834443,0.8902699999999999,0.8902699999999999
22652,0.46,0.4291875125610151,0.4304311605061604,0.4304311605061604
9369,0.54,0.5319522574778344,0.5816207738095236,0.5816207738095236
7648,0.45,0.5195777549676817,0.4934777380952392,0.4934777380952392
18941,0.61,0.46739794546422014,0.4710125793650796,0.4710125793650796
887,0.18,0.21748433062342526,0.1818649999999999,0.1818649999999999
13254,0.67,0.5993651514385778,0.6071855844155842,0.6071855844155842
19777,0.57,0.6221013268428282,0.5738651190476182,0.5738651190476182
10506,0.38,0.43089307147444394,0.4218467857142862,0.42184678571428613
9449,0.33,0.28289187162060037,0.26702259920634935,0.26702259920634935
9748,0.49,0.5158299478204408,0.46447416666666763,0.4644741666666675
8266,0.58,0.520112420612384,0.5372859415584417,0.5372859415584417
7664,0.55,0.5081990703455361,0.4683327182539682,0.4683327182539682
4967,0.51,0.47287691415890115,0.5082669444444452,0.5082669444444452
15202,0.45,0.40925592212903916,0.3891827380952385,0.3891827380952385
14071,0.0,-0.052599195072143556,0.021750000000000005,0.021750000000000005
13943,0.47,0.4703735136817843,0.3846049999999991,0.3846049999999991
107,0.56,0.5313042053193955,0.558905833333333,0.558905833333333
666,0.45,0.5255030735291575,0.4502183333333344,0.4502183333333344
18123,0.6,0.5704624844311789,0.542375,0.542375
8969,0.32,0.43641253519606704,0.36920222222222226,0.36920222222222226
7557,0.28,0.30257508851010073,0.2831638888888887,0.2831638888888887
5593,0.25,0.19274280225560653,0.17724551587301576,0.17724551587301576
6759,0.47,0.42481387137228954,0.4068884523809531,0.4068884523809531
18349,0.3,0.38934171054076416,0.43810835317460317,0.43810835317460317
22581,0.56,0.6384756097993958,0.6359167857142847,0.6359167857142847
6262,0.38,0.3467108399747815,0.38923732142857176,0.3892373214285718
1361,1.0,0.8510429462012683,0.9040999999999991,0.9040999999999991
6508,0.1,0.12059090729322697,0.1325499999999999,0.1325499999999999
5056,0.65,0.6853559347828662,0.7203501190476193,0.7203501190476193
17268,0.4,0.3568781363012584,0.3649077380952381,0.36490773809523813
1542,0.19,0.1729353985948684,0.18608750000000007,0.18608750000000004
11473,0.38,0.36778825293965506,0.3767529166666671,0.376752916666667
2055,0.5,0.46968496649640334,0.48889172619047633,0.48889172619047644
7850,0.25,0.3189493714666683,0.2690900000000003,0.2690900000000002
4104,0.43,0.4232621939995393,0.38084499999999943,0.38084499999999943
16695,0.28,0.212466514172049,0.22368499999999997,0.22368499999999997
3156,0.45,0.48140781709141867,0.44757095238095174,0.44757095238095174
4447,0.58,0.6140635702511573,0.5318206746031754,0.5318206746031754
13034,0.12,0.10552250463412494,0.14195000000000046,0.14195000000000046
13872,0.24,0.282357205975898,0.2951886904761906,0.2951886904761906
17978,0.33,0.4663035434389865,0.49733376984126965,0.49733376984126965
12941,0.34,0.3864324552237947,0.3583001190476189,0.3583001190476189
19480,0.37,0.4138707363594375,0.37656184523809566,0.3765618452380957
11766,0.42,0.4378067312714402,0.4310570238095239,0.4310570238095239
4317,0.38,0.5053735067728623,0.5530784920634917,0.5530784920634917
850,0.6,0.666972421966942,0.626979166666667,0.626979166666667
21006,0.46,0.5297525279466453,0.4990941666666663,0.4990941666666664
3328,0.17,0.23119440820048429,0.2535575000000001,0.2535575000000001
4809,0.52,0.5875253145731275,0.5979016666666661,0.5979016666666661
18874,0.43,0.40733426090976643,0.4223612012987019,0.4223612012987019
17108,0.35,0.4428320243753031,0.3803333333333337,0.3803333333333337
16887,0.36,0.3875736537230803,0.33953035714285734,0.3395303571428574
4716,0.83,0.6953990443381053,0.6747263095238085,0.6747263095238085
11526,0.08,0.030284356630856102,0.06695000000000001,0.06695000000000001
5504,0.11,0.10724618952907844,0.10347666666666662,0.10347666666666663
3606,0.58,0.5633076515925098,0.5723662500000009,0.5723662500000009
5377,0.39,0.4585843501861742,0.4105269444444443,0.41052694444444426
5458,0.25,0.21507209854309076,0.20484035714285695,0.20484035714285695
20491,0.54,0.5030495904704354,0.5203645833333345,0.5203645833333345
16651,0.46,0.510522986647963,0.5470118242868232,0.5470118242868232
3543,0.38,0.465933559592464,0.4553185112110114,0.45531851121101136
17660,0.34,0.30192703635166185,0.30095714285714203,0.30095714285714203
15702,0.55,0.6155279561229134,0.5741044606782105,0.5741044606782104
19957,0.43,0.5034554453102881,0.49331786179506765,0.49331786179506765
19813,0.18,0.14276272228333414,0.159066666666667,0.15906666666666702
7706,0.14,0.07657934259978388,0.06991999999999998,0.06991999999999998
13235,0.52,0.47287691415890115,0.5082669444444452,0.5082669444444452
16749,0.44,0.508480738414151,0.4931813564213563,0.4931813564213563
8989,0.47,0.48233753731847245,0.47367500000000057,0.47367500000000057
17763,0.3,0.3680699210082699,0.3482317063492063,0.3482317063492063
1931,0.21,0.2530008633776809,0.2640391666666668,0.2640391666666668
10700,0.57,0.5258730573756799,0.5400035317460321,0.540003531746032
10388,0.6,0.6135693996333971,0.6310113690476188,0.6310113690476188
1244,0.0,-0.06023007254704821,0.0,0.0
12024,0.54,0.5848611091936189,0.5777874999999985,0.5777874999999985
5052,0.55,0.6211716066157744,0.6919875000000002,0.6919875000000001
7636,0.1,0.1330491015476753,0.15457541666666663,0.15457541666666663
3990,0.64,0.5699683138134186,0.5676519029581526,0.5676519029581527
17145,0.52,0.5557640656185993,0.5429992857142864,0.5429992857142864
9055,0.43,0.5122285455613919,0.5605498051948065,0.5605498051948065
2904,0.75,0.7481135194862691,0.7600654365079368,0.7600654365079368
20086,0.41,0.33287195159287275,0.3261497240259738,0.3261497240259738
5833,0.53,0.5929861572862839,0.5940808333333331,0.5940808333333331
20096,0.61,0.673351416119236,0.7360155952380952,0.7360155952380952
3654,0.36,0.30800623645381625,0.3276799512987013,0.3276799512987012
9916,0.66,0.6655080360951859,0.6272625000000002,0.6272625000000002
5903,0.43,0.47328276899875377,0.4343364880952385,0.43433648809523845
15262,0.72,0.742594055764646,0.8190496428571421,0.8190496428571421
13643,0.66,0.5627432911783666,0.5578666666666653,0.5578666666666653
19493,0.5,0.45440508556506937,0.434116111111112,0.43411611111111204
11257,0.17,0.23867242841162384,0.17820833333333336,0.17820833333333333
7532,0.62,0.556858467643833,0.5527328968253972,0.5527328968253972
12837,0.46,0.48712165738066265,0.4927550847763342,0.49275508477633406
13862,0.18,0.24341142941325997,0.2169512499999996,0.2169512499999996
155,0.25,0.23761389737972036,0.24892228896103866,0.24892228896103866
2740,0.71,0.6137819021825426,0.5989310939060938,0.5989310939060938
3689,0.24,0.23026468797343058,0.24053309523809488,0.24053309523809485
18170,0.2,0.2762780058737435,0.20353669552669615,0.20353669552669618
20219,0.47,0.5114932019019588,0.5131587590187587,0.5131587590187587
69,0.79,0.7661060698552714,0.777830000000001,0.777830000000001
19748,0.51,0.5421195538043113,0.5626224837662341,0.5626224837662341
11198,0.41,0.4053101386574791,0.4078702380952366,0.4078702380952366
20682,0.52,0.5325706148668323,0.4954025198412703,0.49540251984127026
3919,0.61,0.6201832653802539,0.6494116666666667,0.6494116666666669
6779,0.71,0.697917337208153,0.7256833333333327,0.7256833333333329
343,0.39,0.4585843501861742,0.4105269444444443,0.41052694444444426
10432,0.17,0.2007805588472773,0.22001285714285718,0.22001285714285715
4048,0.57,0.6587771840778942,0.6225483333333346,0.6225483333333346
2087,0.66,0.6709391840389015,0.6787484523809526,0.6787484523809525
5528,0.21,0.14660529758405577,0.12977583333333306,0.12977583333333306
829,0.15,0.13586718846786244,0.1408749999999999,0.1408749999999999
13090,0.6,0.5192123951547711,0.5384339285714295,0.5384339285714295
1197,0.33,0.3378060762999533,0.31511666666666643,0.31511666666666643
12458,0.6,0.6282678184459767,0.6261436309523821,0.626143630952382
7243,0.79,0.7473376807998942,0.7980424999999982,0.7980424999999982
9758,0.32,0.31944354208442854,0.3027808333333337,0.3027808333333338
14870,0.03,-0.019044071426279063,0.0147,0.014699999999999998
11927,0.25,0.30416366115309457,0.3030982142857144,0.3030982142857143
3315,0.0,0.010352766198880148,0.03749999999999993,0.03749999999999993
16955,0.85,0.7843653958999579,0.8412507142857143,0.8412507142857142
18235,0.44,0.5553940817720768,0.5322344011544011,0.5322344011544011
4712,0.42,0.4529811947202554,0.4335994444444447,0.4335994444444447
14572,0.41,0.4921394738320388,0.3937385317460314,0.3937385317460314
5037,0.38,0.3691238280065614,0.4371649999999995,0.4371649999999995
2043,0.21,0.2986073021612278,0.32538452380952376,0.32538452380952376
15289,0.46,0.39108776448113514,0.4222420238095236,0.4222420238095236
8807,0.53,0.5039496159280483,0.5174636507936499,0.5174636507936499
12371,0.2,0.19416669310042045,0.16407178571428574,0.16407178571428574
14251,0.59,0.673351416119236,0.7360155952380952,0.7360155952380952
8546,0.34,0.2902410810268901,0.2894046428571427,0.28940464285714274
954,0.56,0.5319522574778344,0.5816207738095236,0.5816207738095236
2952,0.35,0.37591330103231996,0.33003333333333384,0.33003333333333384
17093,0.66,0.620636940971072,0.6028007142857156,0.6028007142857156
20415,0.55,0.5838908939396231,0.5779644338702232,0.5779644338702232
16734,0.58,0.5614732818742313,0.5986882142857154,0.5986882142857154
8432,0.56,0.5823758346980268,0.5686574999999998,0.5686574999999998
6606,0.41,0.4245726983306168,0.3484325000000005,0.34843250000000053
15129,0.43,0.4828722029631748,0.48246535714285715,0.48246535714285715
15219,0.32,0.37696720803061146,0.3862079705710957,0.3862079705710957
3209,0.48,0.5548999111543166,0.5128721428571418,0.5128721428571418
15482,0.77,0.7138857653248679,0.7377821031746029,0.7377821031746029
4006,0.52,0.4971647669359017,0.4859197222222212,0.48591972222222124
5524,0.33,0.3638204665907821,0.3382882954545456,0.3382882954545457
3017,0.66,0.5474670100037311,0.6074999999999997,0.6074999999999997
9659,0.45,0.5100288160302028,0.5138072691197695,0.5138072691197694
12429,0.44,0.3941875194699371,0.45150097222222135,0.45150097222222135
12977,0.66,0.6078087628701012,0.6007358333333311,0.6007358333333311
11957,0.83,0.6921198051746134,0.6858429761904762,0.6858429761904762
737,0.65,0.6828120392788073,0.672757500000001,0.6727575000000009
20573,0.35,0.3028567565787156,0.2967008333333331,0.2967008333333331
871,0.21,0.3133057209738074,0.29654757936507903,0.296547579365079
10490,0.48,0.5061493454592374,0.5232153571428574,0.5232153571428574
19562,0.23,0.2243798644388969,0.23686150793650818,0.23686150793650818
20398,0.25,0.3405028290677774,0.33498071428571463,0.33498071428571463
11585,0.16,0.2161306295749942,0.21895666666666685,0.21895666666666685
17402,0.4,0.39718509056481416,0.3925673124098126,0.3925673124098125
19707,0.47,0.3990148362494808,0.4421680555555556,0.4421680555555556
6635,0.0,-0.041867538331523624,0.013755000000000002,0.013755000000000002
12523,0.3,0.35541375042950235,0.35510458874458856,0.35510458874458856
2497,0.56,0.5025554198526752,0.5995033333333329,0.5995033333333329
13986,0.17,0.2380207764964865,0.19354315476190503,0.193543154761905
14421,0.82,0.6895142208035716,0.7096770238095241,0.7096770238095241
9487,0.55,0.5904642646595377,0.5730841666666641,0.5730841666666641
1761,0.46,0.42134413253696507,0.4087565476190476,0.40875654761904756
15323,0.27,0.3013455742329075,0.2852149999999998,0.2852149999999998
1661,0.61,0.6513442829273087,0.6283583333333344,0.6283583333333345
6048,0.49,0.466622106777845,0.4680613095238098,0.4680613095238098
4894,0.31,0.3421797174886789,0.33870388888888875,0.33870388888888875
1734,0.18,0.15677259391053266,0.1753958333333332,0.1753958333333332
8101,0.39,0.465933559592464,0.4553185112110114,0.45531851121101136
15373,0.48,0.4562604338837474,0.48321190476190473,0.4832119047619048
11394,0.01,-0.05113480920038754,0.02430999999999997,0.024309999999999974
11382,0.47,0.4384547834298791,0.36338750000000103,0.36338750000000103
16363,0.31,0.4144890937484355,0.4001476014263514,0.4001476014263514
20820,0.25,0.2758243302829254,0.2992673809523813,0.2992673809523813
22735,0.64,0.6439545784940768,0.6763187500000004,0.6763187500000002
2174,0.3,0.2833860422383606,0.29493476190476164,0.29493476190476164
19576,0.34,0.3779005280143637,0.3720503174603175,0.3720503174603175
9063,0.67,0.5563238019991306,0.5399369642857154,0.5399369642857154
13425,0.53,0.4747471548705099,0.4547150595238098,0.45471505952380975
5530,0.28,0.30453262072270354,0.30139797619047604,0.30139797619047604
21891,0.28,0.3807186149345508,0.31985178571428574,0.31985178571428574
18285,0.78,0.7033666111333932,0.753123333333332,0.753123333333332
18878,0.5,0.4209382776971124,0.4216396428571433,0.4216396428571432
3091,0.26,0.22213963988076568,0.2427482463369966,0.2427482463369966
20320,0.77,0.8102013262930103,0.8058666666666664,0.8058666666666666
1835,0.45,0.4965131150207644,0.4489491666666661,0.4489491666666661
21878,0.28,0.3152642774633237,0.27165416666666625,0.27165416666666625
8167,0.42,0.3961967493292937,0.37225083333333325,0.37225083333333325
6624,0.72,0.6457843241787433,0.6581215241702746,0.6581215241702746
5866,0.42,0.5076137313309935,0.532489880952381,0.5324898809523811
14860,0.36,0.3882622009084613,0.3829866666666672,0.3829866666666672
2975,0.5,0.559058197175022,0.5326824999999994,0.5326824999999994
3038,0.5,0.547957580864793,0.5247070833333328,0.5247070833333328
9995,0.4,0.42636942564082797,0.44226293650793663,0.4422629365079366
21750,0.53,0.5851977985140021,0.5933598809523811,0.5933598809523811
8532,0.02,-0.021160109213172462,0.01882499999999995,0.01882499999999995
22516,0.75,0.7843653958999579,0.8412507142857143,0.8412507142857142
15304,0.26,0.3498105949635835,0.3637532738095238,0.36375327380952377
9132,0.76,0.6624412994808393,0.6421074999999994,0.6421074999999994
22725,0.67,0.6659138909350386,0.6722147619047624,0.6722147619047624
14116,0.66,0.5548999111543166,0.5128721428571418,0.5128721428571418
1198,0.14,0.16476985547526135,0.1571962500000001,0.1571962500000001
6529,0.0,-0.04689283143538653,0.01300000000000001,0.01300000000000001
1902,0.73,0.7753106275802393,0.762383333333333,0.762383333333333
13413,0.2,0.21429625985671563,0.24096249999999994,0.2409624999999999
15484,0.43,0.33225359420387474,0.3058486904761908,0.3058486904761908
15957,0.43,0.40035503534999917,0.3508295238095232,0.35082952380952326
805,0.35,0.3680699210082699,0.3482317063492063,0.3482317063492063
1508,0.59,0.5857206396242898,0.6014438095238078,0.6014438095238078
11553,0.45,0.45123514077988447,0.42596535714285766,0.42596535714285755
19024,0.41,0.4433917607558344,0.40981003968254015,0.40981003968254015
5531,0.7,0.6956807124067201,0.7210550000000007,0.7210550000000004
2161,0.62,0.6953990443381053,0.6747263095238085,0.6747263095238085
12752,0.81,0.6664080615527987,0.6317114285714286,0.6317114285714285
17061,0.25,0.25373620703711397,0.28799666666666596,0.28799666666666596
12734,0.11,0.19923248123122556,0.19570023809523804,0.19570023809523804
11983,0.39,0.35054593862301653,0.3258724999999996,0.3258724999999996
18152,0.56,0.6368870371564018,0.6975994209956708,0.6975994209956708
2620,0.4,0.49071558298722484,0.3955483333333344,0.3955483333333344
15041,0.37,0.4633279752214223,0.4810810714285715,0.4810810714285715
5270,0.4,0.4800541160429877,0.4592202777777779,0.459220277777778
3048,0.28,0.35638396568349817,0.40067351648351635,0.40067351648351623
14064,0.22,0.22871301060068036,0.23802857142857117,0.2380285714285712
1236,0.61,0.6441489550616974,0.6299041666666672,0.6299041666666672
21213,0.3,0.3510806042677189,0.3167558333333334,0.3167558333333334
18801,0.57,0.5428953924906864,0.5027696681096675,0.5027696681096675
12173,0.77,0.7607660903083382,0.8125500000000003,0.8125500000000005
9229,0.43,0.44559149028702355,0.46665315476190444,0.46665315476190444
8479,0.45,0.39464119506075523,0.32399321428571426,0.3239932142857142
890,0.32,0.34466111508848285,0.33015999999999984,0.3301599999999998
16148,0.87,0.7628119382988487,0.7598883333333337,0.7598883333333336
16248,0.33,0.33634169042819717,0.31627083333333345,0.31627083333333345
13607,0.67,0.6100084924012903,0.6017179761904778,0.6017179761904778
14178,0.1,0.09642724128746416,0.09937500000000009,0.09937500000000009
2498,0.0,-0.05424204084167622,0.0,0.0
21020,0.08,0.09082408582154533,0.12383333333333331,0.12383333333333332
11704,0.68,0.6576646560711359,0.6380075000000004,0.6380075000000004
18630,0.35,0.3680699210082699,0.3482317063492063,0.3482317063492063
6693,0.53,0.43641253519606704,0.36920222222222226,0.36920222222222226
2344,0.28,0.31371260009057345,0.30697523809523797,0.30697523809523797
4,0.52,0.6095324477650548,0.5507689880952367,0.5507689880952367
21790,0.28,0.2793852375150322,0.2562789357864358,0.2562789357864357
13973,0.49,0.5416658782134931,0.5285858333333331,0.5285858333333331
8981,0.26,0.23761389737972036,0.24892228896103866,0.24892228896103866
15587,0.68,0.5968837538387738,0.5807987500000005,0.5807987500000005
21062,0.48,0.47597666914770315,0.5149520039682541,0.5149520039682541
11730,0.46,0.3746432917281846,0.38087238095238085,0.38087238095238085
16223,0.5,0.5092529773438276,0.4974499999999998,0.4974499999999998
9168,0.47,0.38431641743690126,0.3710474080086578,0.3710474080086578
3025,0.56,0.5310225372507806,0.5676842857142852,0.5676842857142852
13394,0.83,0.7642763241706048,0.743015833333333,0.7430158333333329
4891,0.12,0.067030403662305,0.06802184523809524,0.06802184523809524
6163,0.14,0.0647064873598781,0.04588976190476185,0.04588976190476185
5349,0.67,0.5995595280061985,0.6101358333333337,0.6101358333333337
5840,0.0,-0.03740660564180376,0.0,0.0
11787,0.2,0.2074412210681861,0.25830654761904714,0.2583065476190471
5737,0.22,0.2904822540685629,0.32828761904761883,0.3282876190476189
14085,0.34,0.4386527597541983,0.43125809523809516,0.43125809523809516
22567,0.79,0.7953085309128098,0.7902653571428582,0.7902653571428582
15156,1.0,0.9143602672852026,0.9980658333333335,0.9980658333333335
8852,0.2,0.2530008633776809,0.2640391666666668,0.2640391666666668
14666,0.35,0.3478520384740672,0.32842369047619074,0.32842369047619074
7467,0.26,0.19302447032422138,0.2334399999999996,0.2334399999999996
20774,0.48,0.40713988434214576,0.4114185119047616,0.4114185119047617
241,0.15,0.2520306481236851,0.2555267857142856,0.25552678571428555
8273,0.21,0.25373620703711397,0.28799666666666596,0.28799666666666596
15571,0.39,0.4283279821303443,0.46071833333333423,0.4607183333333343
9228,0.51,0.6199888888126333,0.5946611904761899,0.5946611904761899
13992,0.62,0.6465601628651185,0.6371277380952383,0.6371277380952384
3063,0.2,0.19804976342808428,0.22431249999999964,0.22431249999999964
4320,0.85,0.7060423853008178,0.7507025000000002,0.7507025
9573,0.9,0.8784812273369111,0.9427524999999991,0.9427524999999991
21203,0.81,0.7676616241238099,0.8365000000000015,0.8365000000000016
18328,0.3,0.31082432337400345,0.3525804166666663,0.35258041666666623
509,0.53,0.5149629407372833,0.5156423015873021,0.5156423015873021
14993,0.54,0.5773175232197084,0.5972443477355975,0.5972443477355975
1343,0.63,0.5393014668841241,0.5411110119047613,0.5411110119047612
2810,0.37,0.3419267199125913,0.34195369047619173,0.34195369047619173
18013,0.48,0.5101862973275798,0.5002917857142852,0.5002917857142852
9017,0.37,0.3579356430562485,0.2984371428571428,0.2984371428571428
10359,0.42,0.4189290478377558,0.39235250000000044,0.39235250000000044
14403,0.0,-0.07232290698858607,0.0003666666666666666,0.0003666666666666666
12037,0.0,-0.05994840447843336,0.005900000000000002,0.005900000000000002
4877,0.48,0.46670939827883917,0.45768509226884224,0.45768509226884224
6719,0.78,0.7359333935437371,0.7375416666666669,0.7375416666666669
19723,0.6,0.6858501054006264,0.6555817857142862,0.6555817857142862
19023,0.4,0.3500517680052563,0.31842503968253977,0.31842503968253977
22675,0.53,0.5580042901767305,0.5284124999999995,0.5284124999999995
13960,0.66,0.6412606783451273,0.6445980375180375,0.6445980375180376
22355,0.73,0.7541927195884236,0.8011452380952393,0.8011452380952394
11687,0.63,0.6500337785962311,0.6185157738095236,0.6185157738095236
22253,0.45,0.434901352850259,0.45944323412698373,0.45944323412698373
2471,0.19,0.2964075726300387,0.29488876984127,0.29488876984126994
5400,0.44,0.444537583288732,0.42183750000000086,0.4218375000000008
13532,0.5,0.4944708667869524,0.4778742063492065,0.4778742063492065
5179,0.76,0.8087369404212541,0.7929966666666668,0.7929966666666669
6767,0.44,0.4276394349449633,0.46517166666666687,0.46517166666666687
21492,0.68,0.741858712105213,0.7810636904761905,0.7810636904761905
17095,0.77,0.6971450982784761,0.7029740476190479,0.7029740476190479
2837,0.38,0.2750484915965503,0.22653666666666672,0.22653666666666672
14106,0.56,0.6285208160220642,0.5949701190476206,0.5949701190476206
7061,0.51,0.5339108139673506,0.5954865476190481,0.5954865476190481
13931,0.92,0.8588458311983762,0.8548033333333329,0.8548033333333329
15828,0.42,0.3796611081795608,0.3688355158730159,0.36883551587301583
337,0.41,0.42029022553867357,0.3561521861471864,0.3561521861471864
1484,0.0,-0.026309589088273078,0.0033,0.0033
19247,0.3,0.4002848455536162,0.4069374999999985,0.4069374999999985
22696,0.29,0.22580375528371086,0.23717696428571414,0.23717696428571414
6258,0.79,0.7851412345863329,0.7885516666666671,0.7885516666666671
11688,0.19,0.20793539168594638,0.20198166666666634,0.20198166666666634
9159,0.46,0.5305283666330204,0.5086705952380948,0.5086705952380949
6639,0.42,0.41595347962019164,0.3444352976190478,0.3444352976190477
20629,0.87,0.8805234755707231,0.9339183333333325,0.9339183333333325
1255,0.63,0.6442362465626916,0.6136944733044732,0.6136944733044732
6107,0.63,0.6675502843289979,0.7228347619047614,0.7228347619047614
20593,0.56,0.5363220217707717,0.5583837103174613,0.5583837103174613
21163,0.53,0.5108929704944855,0.5277034325396829,0.5277034325396829
14379,0.58,0.5912401033459129,0.5952913769563765,0.5952913769563765
16779,0.35,0.3465164634071608,0.3312750000000003,0.3312750000000003
15284,0.36,0.3414911703032979,0.32678166666666686,0.3267816666666669
4159,0.27,0.24410357635533936,0.16321845238095228,0.16321845238095228
17333,0.68,0.5464095032487412,0.5572813553113556,0.5572813553113556
19494,0.28,0.39492286312937014,0.4107607738095237,0.4107607738095237
17138,0.63,0.6839947570819485,0.6866308333333323,0.6866308333333322
2929,0.63,0.6472487100504994,0.605781246392497,0.605781246392497
15436,0.85,0.8061718510771545,0.7964444444444443,0.7964444444444443
12613,0.39,0.4828722029631748,0.48246535714285715,0.48246535714285715
5132,0.0,-0.05055694683833162,0.01720000000000001,0.01720000000000001
16598,0.0,-0.06525536565091111,0.0,0.0
3594,0.71,0.7057607172322029,0.7389666666666668,0.7389666666666668
7480,0.86,0.8124922242209816,0.9030950000000011,0.9030950000000011
18390,0.41,0.39089338791351436,0.40485154761904824,0.40485154761904824
7124,0.66,0.6469670419818847,0.6710749999999989,0.6710749999999988
19780,0.56,0.584790919397236,0.5474979166666661,0.5474979166666661
290,0.67,0.5629007724757438,0.609550833333334,0.609550833333334
4912,0.27,0.3478520384740672,0.32842369047619074,0.32842369047619074
22196,0.37,0.45111095400864665,0.4286672907647919,0.4286672907647919
19110,0.42,0.4894455736830895,0.470964801587301,0.47096480158730086
15079,0.52,0.5341924820359655,0.48260749999999875,0.4826074999999987
5646,0.0,-0.06023007254704821,0.0,0.0
10226,0.31,0.4144890937484355,0.4001476014263514,0.4001476014263514
19097,0.08,0.15231166122081302,0.16674166666666695,0.16674166666666695
22116,0.51,0.4717346913827021,0.451204642857143,0.45120464285714307
21443,0.53,0.45489925618282967,0.41833743145743085,0.4183374314574308
22194,0.26,0.31306454793213456,0.2799085714285711,0.2799085714285711
17705,0.45,0.47328276899875377,0.4343364880952385,0.43433648809523845
10298,0.4,0.43595885960524894,0.4179220833333337,0.41792208333333375
1350,0.38,0.35886536328330215,0.3492570634920638,0.3492570634920638
6352,0.03,-0.0637909797791551,0.0,0.0
18709,0.5,0.5039496159280483,0.5174636507936499,0.5174636507936499
12930,0.21,0.25067694707525406,0.27582583333333266,0.27582583333333266
4290,0.26,0.2970961198154196,0.3001595238095245,0.3001595238095245
16426,0.5,0.45440508556506937,0.434116111111112,0.43411611111111204
21820,0.46,0.37067550537931165,0.41571579365079364,0.41571579365079364
2485,0.71,0.6834350207014172,0.7157499999999989,0.715749999999999
4436,0.0,-0.06583322801296715,0.0,0.0
19061,0.6,0.7042126396161511,0.7631800595238093,0.7631800595238093
907,0.55,0.5737566159876016,0.6050973809523813,0.6050973809523813
22373,0.19,0.15696697047815344,0.20412749999999977,0.20412749999999982
21585,0.26,0.29787195850179476,0.33642952380952396,0.336429523809524
15766,0.49,0.4323574573462,0.4608866666666669,0.4608866666666669
7800,0.32,0.31507377779149115,0.29314561507936476,0.29314561507936476
3404,0.62,0.6155279561229134,0.5741044606782105,0.5741044606782104
17383,0.49,0.4553934268005899,0.386022857142857,0.386022857142857
19954,0.69,0.5816911644084339,0.6141851190476183,0.6141851190476183
12917,0.47,0.5000740222528712,0.46330380952380906,0.46330380952380906
4206,0.4,0.38565661653741956,0.3734574999999994,0.37345749999999944
172,0.72,0.673969773508234,0.7210958333333325,0.7210958333333325
8520,0.3,0.28955253384150914,0.28903333333333386,0.2890333333333339
20374,0.41,0.41321908444430017,0.4502696626984132,0.4502696626984132
8165,0.6,0.6553737581431643,0.6458666666666653,0.6458666666666655
11002,0.15,0.15308749990718812,0.1678916666666668,0.16789166666666686
2602,0.11,0.15599675522415757,0.15562654220779218,0.15562654220779215
425,0.12,0.15509672976654465,0.14882726190476198,0.14882726190476198
20887,0.38,0.3498105949635835,0.3637532738095238,0.36375327380952377
16573,0.59,0.5522031583864925,0.5474082647907649,0.547408264790765
21867,0.64,0.5040198057244313,0.5461523809523825,0.5461523809523825
18817,0.36,0.3888475399230039,0.36218833333333306,0.36218833333333306
863,0.4,0.4298760597463961,0.444351249999999,0.4443512499999989
3444,0.21,0.33867308338311075,0.349513095238095,0.34951309523809504
16608,0.65,0.621536966428685,0.5948318452380953,0.5948318452380953
8325,0.76,0.7535446674299848,0.8063591666666677,0.8063591666666676
18486,0.51,0.438736451498494,0.40798392857142896,0.40798392857142896
17210,0.49,0.41526493243481066,0.4079297226384729,0.4079297226384728
9812,0.67,0.6148394089375324,0.6470307142857149,0.6470307142857149
14043,0.91,0.8456954900018485,0.8643500000000004,0.8643500000000004
17334,0.53,0.5482392489334078,0.6102872619047619,0.6102872619047619
11740,0.57,0.5778116938374687,0.551724047619048,0.551724047619048
2580,0.73,0.7405518075308339,0.7635608333333331,0.7635608333333331
2828,0.52,0.5033312585390503,0.4345585714285718,0.4345585714285718
3299,0.11,0.06927062822043628,0.06816547619047625,0.06816547619047625
18498,0.0,-0.04243189874566666,0.0,0.0
21795,0.86,0.7957845755490454,0.8312000000000004,0.8312000000000004
6980,0.54,0.6034351216813756,0.6107833333333328,0.6107833333333328
7903,0.24,0.28162186231646497,0.26532464285714297,0.26532464285714297
7490,0.38,0.3239746645705312,0.31782000000000016,0.31782000000000016
10807,0.01,0.0195317212898366,0.035508333333333246,0.035508333333333246
2027,0.61,0.629537827750112,0.6061289285714304,0.6061289285714303
22565,0.27,0.3717340364112151,0.32043202380952385,0.32043202380952385
4193,0.69,0.7063240533694326,0.7071383333333325,0.7071383333333325
18603,0.17,0.17069517403673712,0.20172119047619044,0.20172119047619044
17471,0.11,0.14524411988313807,0.16074166666666645,0.16074166666666645
20437,0.21,0.12378183067881132,0.1456777777777777,0.1456777777777777
5536,0.43,0.4409766760566252,0.41823077380952384,0.4182307738095239
16380,0.14,0.12631824953038356,0.12139583333333329,0.12139583333333331
22172,0.55,0.5689108070584287,0.5170191666666679,0.5170191666666679
22186,0.63,0.6384351147724536,0.6211829996392499,0.6211829996392499
13710,0.66,0.6868203206546223,0.6809099999999981,0.6809099999999981
3994,0.41,0.45269952665164054,0.43406347222222225,0.43406347222222225
6842,0.54,0.5185238479693901,0.5744982142857132,0.5744982142857132
20301,0.66,0.7285841841374474,0.7569816666666669,0.7569816666666669
16168,0.57,0.5096634562172923,0.5332147619047618,0.5332147619047618
22269,0.45,0.43045752186515046,0.4026231944444445,0.40262319444444444
18812,0.53,0.5390602938424514,0.6091505411255419,0.6091505411255419
12398,0.59,0.6163037948092885,0.6426115476190484,0.6426115476190484
12079,0.21,0.17211906488155115,0.2136413888888888,0.2136413888888888
18305,0.57,0.5943398583347148,0.566479027777778,0.5664790277777779
12733,0.27,0.20841143632218193,0.18869065476190458,0.18869065476190458
11608,0.08,0.17938458254354522,0.18921000000000027,0.18921000000000027
17368,0.72,0.7115618490224409,0.7580988095238084,0.7580988095238084
12031,0.48,0.5327280961642094,0.5142285515873013,0.5142285515873013
13280,0.59,0.5618432657207537,0.5345048015873018,0.5345048015873018
20296,0.47,0.5464095032487412,0.5572813553113556,0.5572813553113556
4405,0.34,0.33944892206948585,0.33242333333333335,0.3324233333333334
10774,0.37,0.3873324806814076,0.36822916666666705,0.36822916666666705
8119,0.49,0.5103104840988176,0.46700749999999935,0.46700749999999935
22376,0.68,0.6513037879003666,0.640046845238095,0.640046845238095
13697,0.56,0.6214127796574471,0.5818094642857139,0.581809464285714
8096,0.18,0.12834597153936939,0.1756166666666668,0.1756166666666668
205,0.42,0.41526493243481066,0.4079297226384729,0.4079297226384728
3316,0.49,0.48565727150890653,0.46968646825396804,0.46968646825396804
13371,0.22,0.27631850090068566,0.2925969047619046,0.2925969047619046
234,0.33,0.29563173394366354,0.3335270115995118,0.3335270115995118
4379,0.52,0.45115144903558874,0.38660797619047654,0.38660797619047654
2275,0.1,0.11054779773798784,0.0831500000000002,0.0831500000000002
7851,0.68,0.5853552798113792,0.6180404761904759,0.618040476190476
11344,0.74,0.747619348868509,0.7152654761904755,0.7152654761904755
1312,0.57,0.628026645404304,0.6666506547619043,0.6666506547619043
21210,0.35,0.3239746645705312,0.31782000000000016,0.31782000000000016
858,0.81,0.7560224652730902,0.8505500000000014,0.8505500000000014
44,0.59,0.6141877570223951,0.6043314087301587,0.6043314087301587
1869,0.4,0.44330806901153874,0.39546416666666656,0.39546416666666656
15314,0.51,0.49619455168190585,0.5125998611111116,0.5125998611111116
13380,0.46,0.33384216684686857,0.36385632936507917,0.3638563293650791
7567,0.67,0.6140635702511573,0.5318206746031754,0.5318206746031754
13698,0.23,0.16991933535036208,0.16317970238095245,0.16317970238095242
10973,0.48,0.4291038208167194,0.44905119047619024,0.44905119047619024
3738,0.45,0.44466177005996976,0.37677976190476187,0.3767797619047619
16837,0.72,0.6234550278912592,0.5985621428571433,0.5985621428571433
19786,0.69,0.6772308866902013,0.683283333333336,0.683283333333336
13409,0.32,0.4553934268005899,0.386022857142857,0.386022857142857
17056,0.16,0.1873521493388331,0.18500750000000005,0.18500750000000005
8373,0.47,0.5259972441469177,0.47697797619047577,0.4769779761904757
2324,0.23,0.21401459178810078,0.24218321248196237,0.24218321248196237
13562,0.32,0.38627497392641763,0.4002030663780661,0.4002030663780661
2871,0.72,0.7118435170910559,0.7539807142857144,0.7539807142857142
5769,0.47,0.45809017956841397,0.4698391666666668,0.4698391666666668
5500,0.51,0.5696866457448038,0.6281912100399584,0.6281912100399584
20825,0.6,0.6633083065639968,0.7725234523809522,0.7725234523809523
16,0.39,0.3961967493292937,0.37225083333333325,0.37225083333333325
12895,0.09,0.1582369797822888,0.18097833333333319,0.18097833333333316
9241,0.52,0.6220311370464452,0.5749076190476198,0.5749076190476198
14269,0.64,0.6296620145213498,0.6981192628205135,0.6981192628205135
2044,0.53,0.49570038106414566,0.5318739484126985,0.5318739484126985
4940,0.4,0.36729408232189475,0.3739372408147408,0.3739372408147408
9287,0.62,0.6050088019314388,0.5667910714285712,0.5667910714285711
21249,0.2,0.17804438344302692,0.2032157142857143,0.2032157142857143
702,0.16,0.15571508715554272,0.1336064835164836,0.1336064835164836
22383,0.7,0.6670561137112376,0.6571191666666667,0.6571191666666667
20581,0.69,0.6816708407795216,0.6880442857142849,0.6880442857142849
1489,0.65,0.6986931758945281,0.74660380952381,0.74660380952381
22177,0.37,0.44530982221840865,0.430294523809524,0.430294523809524
11569,0.07,0.04575861412981075,0.02937499999999991,0.029374999999999915
6506,0.31,0.42171411638348755,0.3520528571428564,0.3520528571428564
5455,0.23,0.27386577379340904,0.2571607738095242,0.2571607738095242
942,0.34,0.32629858087295804,0.2840416666666663,0.2840416666666663
9423,0.55,0.630844732324491,0.6021191666666674,0.6021191666666674
3653,0.4,0.3761949691009348,0.35699273809523746,0.3569927380952375
2222,0.17,0.20939977755770248,0.2038133333333333,0.2038133333333333
14298,0.47,0.3749249597967994,0.4064019841269841,0.4064019841269842
8748,0.7,0.6123580113377285,0.6223550793650781,0.6223550793650781
7067,0.34,0.3449647860344106,0.3251999242424241,0.3251999242424241
13649,0.54,0.5874011278018897,0.583918333333332,0.583918333333332
21818,0.54,0.5846667326259982,0.6080745634920635,0.6080745634920635
6084,0.15,0.23392880337637578,0.2338561309523812,0.2338561309523812
3735,0.6,0.6624412994808393,0.6421074999999994,0.6421074999999994
17011,0.81,0.8514083060141788,0.9001499999999996,0.9001499999999996
9035,0.43,0.38227416920308926,0.40822329004328983,0.40822329004328983
20989,0.14,0.09866746584559538,0.10790499999999976,0.10790499999999976
20473,0.52,0.5421195538043113,0.5626224837662341,0.5626224837662341
4634,0.41,0.42841167387463996,0.42222333333333334,0.42222333333333334
3819,0.32,0.4289058444924002,0.39968315476190486,0.39968315476190486
19588,0.28,0.2179603752596608,0.2115224999999997,0.2115224999999997
18191,0.47,0.4441675994422095,0.4445938095238098,0.44459380952380967
11564,0.6,0.5715163914294704,0.5063991666666667,0.5063991666666666
19198,0.14,0.16452868243358865,0.17902291666666673,0.1790229166666667
6643,0.73,0.705112665073764,0.7002166666666662,0.7002166666666664
17707,0.41,0.4740586076851289,0.3849666017316021,0.3849666017316021
18422,0.44,0.4498814397314534,0.4453933333333324,0.4453933333333324
6537,0.71,0.6161463135119115,0.6406833333333327,0.6406833333333327
3561,0.61,0.5479206855945493,0.5373320634920631,0.5373320634920631
3487,0.43,0.4129410161323837,0.40478321428571395,0.40478321428571395
5387,0.11,0.07515545175496996,0.11560249999999987,0.11560249999999986
20059,0.32,0.36757575039050966,0.32897750000000053,0.32897750000000053
5283,0.34,0.3022051046635782,0.2709249999999997,0.2709249999999997
2033,0.3,0.2520306481236851,0.2555267857142856,0.25552678571428555
20393,0.3,0.27631850090068566,0.2925969047619046,0.2925969047619046
6614,0.54,0.5316705894092195,0.5290908333333335,0.5290908333333335
6024,0.1,0.06216259185581913,0.10207500000000001,0.102075
4880,0.39,0.44388593137359467,0.4114824639249639,0.4114824639249639
2111,0.53,0.5924228211490541,0.5894475000000002,0.5894475000000002
18943,0.29,0.21932155296057854,0.23740166666666698,0.23740166666666698
17332,0.63,0.5421195538043113,0.5626224837662341,0.5626224837662341
15818,0.22,0.26970463515382886,0.2627525000000002,0.2627525000000002
18198,0.46,0.4945545585312481,0.49016226190476125,0.49016226190476125
7380,0.7,0.5765416845333333,0.5547438492063494,0.5547438492063494
13355,0.58,0.6756753324216628,0.6417694642857137,0.6417694642857137
1833,0.13,0.13869275204053627,0.13612750000000007,0.13612750000000007
21736,0.4,0.3402211609991625,0.3226923809523812,0.3226923809523812
20464,0.22,0.2831735396892152,0.27210250000000036,0.27210250000000036
6355,0.94,0.7948143602950497,0.8256640476190489,0.8256640476190489
13794,0.7,0.7711313629591343,0.8533515476190501,0.8533515476190501
20742,0.64,0.6406753393305848,0.5744926587301591,0.5744926587301591
9243,0.26,0.18539359284931672,0.1813339285714285,0.1813339285714285
11771,0.71,0.699469014580903,0.6602166666666666,0.6602166666666668
12144,0.5,0.4347069762826382,0.3989050000000002,0.3989050000000002
13866,0.55,0.6660022067129461,0.6792603571428577,0.6792603571428576
7321,0.52,0.6527681737721227,0.6930333333333336,0.6930333333333336
21689,0.19,0.18567526091793157,0.2230895238095232,0.22308952380952324
4074,0.48,0.4468614995911589,0.4521346428571421,0.45213464285714217
12657,0.59,0.4980242973665725,0.5398345238095241,0.5398345238095241
20841,0.2,0.32629858087295804,0.2840416666666663,0.2840416666666663
12130,0.0,-0.012346513935126535,0.017372624458874455,0.017372624458874455
22399,0.52,0.4742711102342743,0.49787678571428656,0.49787678571428656
14468,0.07,0.11388872576846254,0.13201386904761872,0.13201386904761872
2184,0.5,0.43653672196730486,0.43189321414696397,0.43189321414696397
20428,0.28,0.28912855302013185,0.2687175000000002,0.2687175000000002
4563,0.33,0.4604187199044528,0.34411369047618967,0.34411369047618967
7934,0.61,0.6902900594899467,0.7427300000000003,0.7427300000000003
17360,0.38,0.3754191304145597,0.40028162698412717,0.40028162698412717
9403,0.62,0.5493850714663054,0.5022425000000003,0.5022425000000003
16592,0.16,0.1506061023073842,0.17071333333333352,0.17071333333333352
19801,0.51,0.5127227161791521,0.5846310714285717,0.5846310714285717
11440,0.5,0.5839313889665652,0.5572364285714301,0.5572364285714301
1039,0.49,0.559058197175022,0.5326824999999994,0.5326824999999994
13638,0.35,0.3264560621703352,0.35070166666666647,0.35070166666666636
154,0.62,0.5274211349917317,0.5484383207070709,0.548438320707071
22515,0.68,0.6686077910839878,0.7171475000000005,0.7171475000000005
3723,0.35,0.40938010890027693,0.35478345238095216,0.3547834523809521
13499,0.24,0.23761389737972036,0.24892228896103866,0.24892228896103866
7536,0.65,0.6148394089375324,0.6470307142857149,0.6470307142857149
7107,0.39,0.318455200848908,0.2641355032467532,0.2641355032467532
21848,0.63,0.6514981644679873,0.6151329166666665,0.6151329166666665
19168,0.73,0.7058480087331971,0.6469016666666669,0.6469016666666669
18336,0.16,0.22843494228876396,0.13968374999999975,0.13968374999999975
10345,0.56,0.5226158210895009,0.49698496031746003,0.49698496031746003
15607,0.54,0.5186480347406279,0.5599899999999994,0.5599899999999994
17277,0.43,0.4210624644683502,0.42762583333333304,0.42762583333333304
2183,0.63,0.5636730114054204,0.6095473214285715,0.6095473214285715
17656,0.0,0.016361776504651593,0.024766666666666624,0.024766666666666624
13937,0.61,0.549790926306158,0.5885591666666664,0.5885591666666664
22096,0.53,0.4811261490228039,0.5056376190476191,0.5056376190476191
3803,0.37,0.39455750331645956,0.3619441666666667,0.3619441666666667
6205,0.31,0.4233026890264814,0.4100398809523799,0.4100398809523799
20165,0.69,0.5775991912883233,0.5563156547619044,0.5563156547619044
3462,0.36,0.3792074325887427,0.4002048412698415,0.40020484126984146
22532,0.57,0.5471853419351163,0.5254708333333337,0.5254708333333337
4092,0.74,0.6702846795048893,0.6721099999999984,0.6721099999999984
12538,0.29,0.32571711875420367,0.29192839285714245,0.29192839285714245
21573,0.62,0.629537827750112,0.6061289285714304,0.6061289285714303
12614,0.41,0.30065702704752645,0.30825882936507915,0.30825882936507915
2567,0.47,0.5413437151179361,0.5172852380952391,0.5172852380952392
10990,0.63,0.6358295304014119,0.593498888888889,0.593498888888889
1385,0.35,0.3122887092457595,0.3290177380952381,0.3290177380952381
18067,0.27,0.3264929574405788,0.3360029365079366,0.3360029365079365
6005,0.25,0.25847983207236197,0.21682607142857133,0.21682607142857133
10066,0.79,0.6633083065639968,0.7725234523809522,0.7725234523809523
21562,0.74,0.7697911638586161,0.7377970833333332,0.7377970833333332
1149,0.76,0.6359537171726497,0.6717374999999999,0.6717375
9974,0.36,0.3691238280065614,0.4371649999999995,0.4371649999999995
4703,0.41,0.4259965891754307,0.3629423809523809,0.3629423809523809
4475,0.0,-0.07232290698858607,0.0003666666666666666,0.0003666666666666666
15958,0.5,0.40296061972104086,0.3984833333333334,0.3984833333333335
18254,0.66,0.5644488500917955,0.5435527777777776,0.5435527777777776
19866,0.21,0.18248433753234727,0.17233750000000017,0.17233750000000023
20695,0.19,0.25597643159524514,0.2745500000000001,0.2745500000000001
7355,0.51,0.5268432726296758,0.516200059523809,0.516200059523809
431,0.88,0.8403740026045445,0.8830500000000018,0.8830500000000018
10269,0.0,-0.05424204084167622,0.0,0.0
4011,0.29,0.295266374130753,0.30246626984127023,0.30246626984127023
16872,0.45,0.5045139763421915,0.5436625000000003,0.5436625000000003
11296,0.53,0.5544940563144639,0.6059186847874352,0.605918684787435
21959,0.27,0.3110186999416241,0.2876899999999996,0.2876899999999996
3163,0.65,0.6640841452503718,0.6332761706349195,0.6332761706349195
3485,0.89,0.8328342935264221,0.9062816666666669,0.9062816666666669
2784,0.77,0.6513037879003666,0.640046845238095,0.640046845238095
20293,0.31,0.3495289268949687,0.3767618055555556,0.3767618055555556
18058,0.08,0.09804910845659737,0.1406,0.1406
6123,0.41,0.3997906749358559,0.3901998809523809,0.3901998809523809
9808,0.22,0.22059156226471394,0.23536773809523795,0.23536773809523795
12028,0.56,0.6736330841878507,0.6668204761904768,0.6668204761904767
3044,0.34,0.34757037040545236,0.32529529761904835,0.32529529761904835
2411,0.54,0.5641671820231806,0.5912065927128419,0.5912065927128419
20950,0.43,0.5077048997277759,0.5246499999999991,0.5246499999999992
2948,0.75,0.62231280511506,0.5999578571428568,0.599957857142857
16874,0.53,0.48100196225156605,0.4916558730158729,0.4916558730158728
21305,0.27,0.2983256340926129,0.2924399267399273,0.2924399267399273
16467,0.43,0.37185822318245293,0.3228870238095236,0.3228870238095236
10488,0.67,0.6137819021825426,0.5989310939060938,0.5989310939060938
11022,0.61,0.637293916273168,0.628391666666668,0.628391666666668
6023,0.44,0.3331536196614876,0.30382733225108194,0.30382733225108194
14940,0.37,0.30800623645381625,0.3276799512987013,0.3276799512987012
13500,0.6,0.587679196113806,0.5802861904761913,0.5802861904761913
20627,0.7,0.702748253744395,0.7574532936507933,0.7574532936507933
18782,0.42,0.39746675863342906,0.3701722742535243,0.3701722742535243
14044,0.57,0.4935006515329565,0.5118895238095232,0.5118895238095232
16540,0.41,0.4108951681418732,0.4116788888888884,0.4116788888888884
7096,0.65,0.7417345253339753,0.6951041666666664,0.6951041666666664
22578,0.1,0.029424826200185328,0.060898333333333235,0.060898333333333235
12106,0.65,0.5783714302179999,0.6056324999999996,0.6056324999999996
167,0.37,0.4582189903732637,0.4429947619047622,0.4429947619047622
8199,0.69,0.629537827750112,0.6061289285714304,0.6061289285714303
12514,0.53,0.5866252891155146,0.5664602579365082,0.5664602579365082
21664,0.52,0.5420358620600155,0.5741865476190467,0.5741865476190469
4280,0.21,0.23593803323573237,0.20541511904761914,0.20541511904761914
1946,0.66,0.6278322688366833,0.6389791666666671,0.6389791666666671
15742,0.28,0.2899880834508026,0.25497500000000034,0.25497500000000034
15905,0.62,0.6176574958577197,0.5991142857142849,0.5991142857142848
22590,0.28,0.31942541610290387,0.27863166666666767,0.27863166666666767
12605,0.51,0.4589543340326967,0.37085428571428536,0.37085428571428536
6333,0.51,0.5729807773012264,0.5305047619047619,0.5305047619047619
9249,0.67,0.5996468195071927,0.6443500000000004,0.6443500000000004
1565,0.05,-0.008222270565790002,0.06195833333333337,0.06195833333333337
19966,0.3,0.3416855468709186,0.28903988095238126,0.2890398809523812
2738,0.56,0.627338098218923,0.6052783333333318,0.6052783333333318
1138,0.84,0.7058480087331971,0.6469016666666669,0.6469016666666669
9657,0.66,0.5122285455613919,0.5605498051948065,0.5605498051948065
12839,0.58,0.46078407971736335,0.44267712662337566,0.44267712662337566
6102,0.42,0.3939058514013223,0.3541893308080819,0.3541893308080819
7162,0.64,0.5486092327799302,0.5718360074647569,0.5718360074647569
264,0.0,-0.05570642671343223,0.0,0.0
17407,0.65,0.6963692595921012,0.7440059523809524,0.7440059523809522
20000,0.28,0.27154185749098214,0.3016775000000004,0.3016775000000004
16232,0.71,0.623736695959874,0.6198031331168834,0.6198031331168834
1063,0.44,0.4580064878241183,0.4317936904761906,0.4317936904761906
17773,0.62,0.5685444229686046,0.5757666666666672,0.5757666666666672
2855,0.55,0.4892511971154687,0.44689750000000017,0.44689750000000017
17902,0.19,0.21479043047447588,0.2787997434509934,0.2787997434509934
4784,0.37,0.363044627904407,0.38131807123432127,0.38131807123432127
7682,0.18,0.22899467866929518,0.23928751984126986,0.23928751984126986
8694,0.46,0.46302430427549457,0.43820279761904735,0.4382027976190473
15480,0.45,0.37774304671698655,0.37140899069884376,0.37140899069884376
7603,0.49,0.4848814328225314,0.44751833333333324,0.44751833333333324
9114,0.62,0.6158096241915283,0.6451233333333353,0.6451233333333353
4136,0.43,0.3492759293188812,0.3661203571428573,0.3661203571428573
2845,0.48,0.4189290478377558,0.39235250000000044,0.39235250000000044
11046,0.64,0.7035240924307702,0.7206649999999989,0.7206649999999989
9592,0.56,0.5056551748414772,0.4379495833333336,0.43794958333333367
4792,0.55,0.5869069571841294,0.6198108333333349,0.6198108333333349
4271,0.42,0.3483462090918274,0.3380120830558331,0.33801208305583313
19310,0.56,0.5509331490823571,0.5457253571428565,0.5457253571428565
11499,0.77,0.7637821535528446,0.7667900000000003,0.7667900000000003
14919,0.44,0.4863458186942875,0.45726750000000005,0.45726749999999994
4552,0.27,0.3381789127653505,0.334618502886003,0.33461850288600287
6244,0.69,0.7367092322301123,0.7580516666666657,0.7580516666666657
22624,0.44,0.3784315939023676,0.38322833222333225,0.38322833222333225
12445,0.45,0.516324118438201,0.51743503968254,0.51743503968254
15659,0.44,0.4614726269027443,0.44123083333333335,0.44123083333333335
11049,0.34,0.3021214129192825,0.3003977182539686,0.3003977182539686
9136,0.59,0.6392109534588287,0.6013005573593077,0.6013005573593078
11860,0.0,-0.05774867494724428,0.00027333333333333333,0.00027333333333333333
4599,0.46,0.4347069762826382,0.3989050000000002,0.3989050000000002
1356,0.41,0.3906117198448995,0.34874071428571396,0.34874071428571396
1114,0.45,0.4233026890264814,0.4100398809523799,0.4100398809523799
5907,0.45,0.5034554453102881,0.49331786179506765,0.49331786179506765
905,0.39,0.4520811692626425,0.4337236507936511,0.43372365079365105
21964,0.63,0.546691171317356,0.5029382142857136,0.5029382142857136
85,0.52,0.5294708598780304,0.47321285714285666,0.47321285714285666
22045,0.24,0.3057153385258448,0.28183565476190453,0.28183565476190453
4368,0.47,0.5259972441469177,0.47697797619047577,0.4769779761904757
16937,0.51,0.4077042447562889,0.4383440277777769,0.4383440277777769
2636,0.26,0.359944872915605,0.3588125018037521,0.358812501803752
20130,0.52,0.4672737586929823,0.4704402579365077,0.4704402579365077
13408,0.0,-0.00426196086940378,0.012175000000000007,0.012175000000000007
11020,0.49,0.42280851840872113,0.45036166666666594,0.45036166666666594
1647,0.79,0.7985696440947772,0.8335000000000009,0.8335000000000009
22503,0.58,0.5231791572267306,0.47972500000000023,0.47972500000000035
8017,0.38,0.3536531702643052,0.37098416666666695,0.3709841666666669
1241,1.0,0.8738259180795707,0.8440899999999991,0.8440899999999991
533,0.31,0.3483462090918274,0.3380120830558331,0.33801208305583313
8693,0.63,0.6895979125478673,0.6867333333333334,0.6867333333333334
4217,0.34,0.31972521015304345,0.2978008333333331,0.29780083333333307
21398,0.59,0.5795577477778396,0.6266017857142862,0.6266017857142862
600,0.33,0.4144890937484355,0.4001476014263514,0.4001476014263514
868,0.51,0.4756950010790883,0.4909764484126985,0.4909764484126985
9697,0.23,0.20731703429694834,0.20064333333333326,0.20064333333333326
4443,0.57,0.5682627548999898,0.5490117857142855,0.5490117857142855
4518,0.26,0.22948884928705549,0.24098083333333295,0.24098083333333295
7669,0.34,0.38729198565446543,0.3387676497113995,0.3387676497113995
22681,0.46,0.40345479033880116,0.38756976190476217,0.3875697619047622
21353,0.77,0.7710611731627514,0.8323166666666664,0.8323166666666664
19214,0.48,0.4859389395775214,0.458456904761906,0.458456904761906
2539,0.6,0.5627432911783666,0.5578666666666653,0.5578666666666653
851,0.4,0.3845980855055161,0.4123752615440111,0.4123752615440111
11439,0.49,0.586255305268992,0.5356300000000002,0.5356300000000002
17979,0.72,0.6660022067129461,0.6792603571428577,0.6792603571428576
22130,0.08,0.10744056609669916,0.08832500000000001,0.08832500000000001
3466,0.49,0.46739794546422014,0.4710125793650796,0.4710125793650796
20734,0.55,0.5421195538043113,0.5626224837662341,0.5626224837662341
3773,0.87,0.8231536911652189,0.8305458333333339,0.8305458333333339
8019,0.62,0.5869069571841294,0.6198108333333349,0.6198108333333349
5190,0.5,0.4384547834298791,0.36338750000000103,0.36338750000000103
19704,0.56,0.6603990512470272,0.6334139285714273,0.6334139285714274
910,0.31,0.4053101386574791,0.4078702380952366,0.4078702380952366
646,0.48,0.4579659927971762,0.48273952380952406,0.482739523809524
11029,0.65,0.5771600419223314,0.5357240476190473,0.5357240476190473
10237,0.47,0.5108046547165779,0.4854466666666664,0.4854466666666664
3636,0.66,0.6971450982784761,0.7029740476190479,0.7029740476190479
1212,0.35,0.36450901377616307,0.34718844516594527,0.34718844516594527
15409,0.27,0.3037567820363285,0.28559640512265516,0.28559640512265516
15819,0.7,0.6242713616045764,0.6640999999999991,0.6640999999999991
15100,0.57,0.5451356170488175,0.5550250595238098,0.5550250595238098
21761,0.37,0.37095819772483996,0.3631049404761906,0.3631049404761906
18483,0.7,0.6408878418797302,0.616368333333333,0.616368333333333
1959,0.19,0.2438219082867245,0.26060428571428607,0.26060428571428607
13844,0.73,0.6738455867369961,0.6967090440115433,0.6967090440115434
18400,0.43,0.43653672196730486,0.43189321414696397,0.43189321414696397
17099,0.26,0.2603500727839707,0.28927466880341907,0.28927466880341907
2114,0.76,0.6984151075826116,0.7315444444444446,0.7315444444444446
18470,0.63,0.5533518335382648,0.6063791666666664,0.6063791666666664
17937,0.66,0.658847373874277,0.6547999999999999,0.6547999999999999
18253,0.37,0.3411913762531584,0.32233636904761914,0.32233636904761914
4772,0.44,0.41623514768880643,0.4221275468975467,0.42212754689754683
2457,0.56,0.6199015973116391,0.6553883333333335,0.6553883333333335
2019,0.87,0.8175505356993,0.8222000000000007,0.8222000000000007
819,0.31,0.2588856869122146,0.2563530123531438,0.2563530123531438
9053,0.0,-0.07085852111683005,0.0003666666666666666,0.0003666666666666666
3701,0.63,0.5488909008485451,0.5793042640692639,0.5793042640692638
11800,0.32,0.45172931139764466,0.4278562914862911,0.4278562914862911
1083,0.56,0.537504739573913,0.5336845238095242,0.5336845238095242
9446,0.35,0.435636696509692,0.4193313690476191,0.41933136904761886
17182,0.45,0.44662032654948614,0.42707666666666766,0.42707666666666766
547,0.55,0.5985893127522027,0.6275600000000003,0.6275600000000003
7769,0.57,0.55595844218622,0.5796475475912977,0.5796475475912977
14024,0.55,0.5406119712152015,0.5640624999999996,0.5640624999999995
17574,0.48,0.4650740291617932,0.44636511904761905,0.44636511904761905
13652,0.32,0.2644051506338378,0.2583751461038963,0.2583751461038963
11330,0.62,0.6822487031415774,0.6866524999999988,0.6866524999999988
16501,0.62,0.6074901995312427,0.5789158333333313,0.5789158333333313
17841,0.35,0.4079157230285208,0.42045740079365,0.4204574007936501
13076,0.06,0.009701114283742818,0.04454761904761908,0.04454761904761908
2455,0.48,0.48128363032018096,0.46018499999999984,0.46018499999999973
788,0.53,0.5780060704050893,0.6269856746031729,0.6269856746031729
20267,0.0,-0.021243800957468084,0.021409999999999978,0.021409999999999978
657,0.24,0.287422994106703,0.27083940476190443,0.27083940476190443
13863,0.38,0.35569541849811726,0.33404240620490633,0.33404240620490633
7581,0.53,0.5479206855945493,0.5373320634920631,0.5373320634920631
12742,0.48,0.41672931830656673,0.41627343073593087,0.4162734307359308
17651,0.83,0.8064130241188272,0.7717416666666665,0.7717416666666665
18264,0.67,0.6432192348346438,0.6548594047619047,0.6548594047619047
12392,0.21,0.20821705975456123,0.1479526190476192,0.1479526190476192
20729,0.71,0.5909989303042401,0.6576933333333332,0.6576933333333332
11932,0.75,0.7653302311688963,0.7700494047619041,0.7700494047619041
10396,0.58,0.5824670030948091,0.5643263095238086,0.5643263095238086
13219,0.75,0.681194796143286,0.7006773773448769,0.7006773773448768
13153,0.42,0.3696179986243217,0.40316154761904777,0.4031615476190478
11460,0.36,0.3574009774115461,0.31614384920634914,0.31614384920634914
16375,0.53,0.5428953924906864,0.5027696681096675,0.5027696681096675
5963,0.48,0.5545345513414061,0.6112500000000016,0.6112500000000016
6496,1.0,0.9249887158549843,0.9613941666666663,0.9613941666666663
21293,0.29,0.28546443761718665,0.26679333333333355,0.26679333333333355
14588,0.59,0.61446942509101,0.601007202380953,0.601007202380953
3912,0.7,0.7252900525810246,0.7657432142857146,0.7657432142857147
3670,0.44,0.4600082410309882,0.4582774999999999,0.4582774999999999
15149,0.17,0.2644051506338378,0.2583751461038963,0.2583751461038963
15005,0.39,0.3139942681591883,0.33104845238095265,0.33104845238095265
19360,0.29,0.3044084339514658,0.30069333333333303,0.3006933333333331
16691,0.68,0.6553737581431643,0.6458666666666653,0.6458666666666655
18785,0.45,0.4011308740363742,0.4152536742424243,0.4152536742424244
6952,0.55,0.6627229675494541,0.6582237499999992,0.6582237499999991
22563,0.58,0.5281969736781068,0.504629761904761,0.504629761904761
7930,0.0,-0.07232290698858607,0.0003666666666666666,0.0003666666666666666
14358,0.16,0.1840398918008857,0.194241666666667,0.194241666666667
19758,0.56,0.6062201902271073,0.5977549999999995,0.5977549999999995
8476,0.67,0.6508096172826063,0.6901036525974021,0.6901036525974021
667,0.36,0.37076382115721923,0.3544750000000003,0.3544750000000003
14522,0.79,0.7445526122541624,0.7597966666666673,0.7597966666666673
812,0.22,0.16865292580292512,0.16928416666666657,0.16928416666666657
17255,0.42,0.4195143868522984,0.39178962301587283,0.39178962301587283
13284,0.48,0.4725105300690771,0.43017051587301613,0.43017051587301613
6317,0.53,0.45172931139764466,0.4278562914862911,0.4278562914862911
18236,0.6,0.5564526128039803,0.5564729761904746,0.5564729761904746
12380,0.6,0.5695146382226005,0.5676375000000004,0.5676375000000004
19308,0.31,0.4048159680397188,0.3696741756854257,0.36967417568542565
10929,0.02,0.055996100252670655,0.05224369047619048,0.052243690476190464
10047,0.28,0.36757575039050966,0.32897750000000053,0.32897750000000053
20389,0.6,0.63255029123792,0.586478333333332,0.586478333333332
6728,0.53,0.46274263620687967,0.377220654761905,0.3772206547619051
1295,0.4,0.38565661653741956,0.3734574999999994,0.37345749999999944
6826,0.65,0.6284803209951221,0.5487365476190484,0.5487365476190486
9701,0.53,0.4930064809151963,0.48200337301587287,0.48200337301587287
18947,0.53,0.5181538641228676,0.4512952380952374,0.4512952380952374
18503,0.59,0.49496503740471265,0.5257921428571425,0.5257921428571425
16985,0.52,0.4736527528452763,0.4728217857142857,0.47282178571428574
7275,0.5,0.6214532746843893,0.5932708333333316,0.5932708333333316
17845,0.63,0.5570996406855057,0.559364556277056,0.559364556277056
6729,0.56,0.6374181030444057,0.669467499999999,0.669467499999999
17452,0.67,0.584172562008238,0.5499347817460314,0.5499347817460314
22124,0.69,0.544945117376985,0.5817335119047611,0.5817335119047611
19553,0.39,0.3711696759970719,0.3377425685425687,0.3377425685425687
9444,0.23,0.24483892001477237,0.2353976190476194,0.2353976190476194
16031,0.53,0.4836075466226078,0.404894880952381,0.404894880952381
381,0.31,0.3284983104041472,0.3090652272727277,0.3090652272727277
22225,0.47,0.5570996406855057,0.559364556277056,0.559364556277056
7149,0.45,0.5192123951547711,0.5384339285714295,0.5384339285714295
21981,0.62,0.6110880020335931,0.6103250000000008,0.6103250000000008
13343,0.28,0.286734446921322,0.31898333333333334,0.31898333333333334
17527,0.51,0.5268432726296758,0.516200059523809,0.516200059523809
6305,0.52,0.48205586924985755,0.46056249999999904,0.46056249999999904
827,0.49,0.44543760874634486,0.4295270833333328,0.42952708333333284
4228,0.53,0.5846667326259982,0.6080745634920635,0.6080745634920635
15468,0.5,0.5402014923417371,0.5084466666666666,0.5084466666666666
21273,0.73,0.7161766632528392,0.734416666666666,0.734416666666666
7739,0.5,0.39166562684319106,0.39782155665413044,0.39782155665413044
4497,0.61,0.5922103185999088,0.5683607142857146,0.5683607142857146
8245,0.32,0.33429584243768673,0.28091722222222293,0.28091722222222293
14676,0.46,0.5472690336794119,0.5172481547619037,0.5172481547619037
2233,0.31,0.2271649329846286,0.2084061507936508,0.20840615079365077
260,0.63,0.5269269643739715,0.5453619047619049,0.5453619047619049
15778,0.43,0.47498832791218265,0.4639783333333332,0.4639783333333332
15584,0.71,0.6816708407795216,0.6880442857142849,0.6880442857142849
7639,0.29,0.3170610047735348,0.2831226190476196,0.2831226190476196
19791,0.31,0.4222487820281899,0.3585541666666678,0.3585541666666678
3154,0.49,0.4337186350471177,0.4237361507936497,0.4237361507936497
10749,0.76,0.749702092129263,0.842183333333332,0.842183333333332
14480,0.75,0.630804237297549,0.6311590079365085,0.6311590079365085
11188,0.45,0.4716473998817079,0.43890416666666776,0.43890416666666776
15743,0.05,0.04746417304323963,0.07324333333333341,0.0732433333333334
21424,0.27,0.3114759752891407,0.2926049999999996,0.2926049999999996
15085,0.38,0.3932173042159413,0.3852040476190468,0.3852040476190468
5416,0.21,0.242833567051204,0.2524051190476192,0.2524051190476192
18307,0.52,0.44298590591598175,0.4488683333333323,0.4488683333333323
13755,0.21,0.25830782455015866,0.26862666666666674,0.2686266666666667
10092,0.13,0.14545662243228347,0.13174583333333345,0.13174583333333348
3742,0.6,0.6703758479016717,0.7274166666666656,0.7274166666666656
13176,0.02,-0.06525536565091111,0.0,0.0
9857,0.63,0.6024649064273798,0.6221187500000005,0.6221187500000005
10378,0.35,0.4635184748932548,0.40464595238095286,0.4046459523809529
16240,0.11,0.08222299309264486,0.08776666666666659,0.08776666666666659
6312,0.5,0.4554845951973722,0.450645182178932,0.450645182178932
7691,0.12,0.1858040717227813,0.1813883333333335,0.18138833333333348
15240,0.36,0.32629858087295804,0.2840416666666663,0.2840416666666663
3813,0.49,0.4958245678353834,0.4711209523809523,0.4711209523809523
14250,0.54,0.553846004156025,0.5381508333333336,0.5381508333333336
6961,0.48,0.5193365819260088,0.49996559523809503,0.49996559523809503
21976,0.62,0.5811969937906738,0.6019583333333345,0.6019583333333345
19427,0.47,0.4093396138733348,0.40623958333333315,0.40623958333333315
7134,0.55,0.6175702043567255,0.5919671103896107,0.5919671103896106
20037,0.26,0.3109818046713805,0.2604416666666669,0.2604416666666669
19950,0.38,0.4562604338837474,0.48321190476190473,0.4832119047619048
4685,0.59,0.5659132359635516,0.5741253174603176,0.5741253174603177
11432,0.09,0.028242108397044052,0.05308333333333322,0.05308333333333322
22141,0.87,0.7169525019392142,0.7485666666666669,0.7485666666666669
6647,0.46,0.5325706148668323,0.4954025198412703,0.49540251984127026
3087,0.64,0.7191927264973457,0.7050927380952378,0.7050927380952378
591,0.56,0.522312150143573,0.5140725000000003,0.5140725000000004
19534,0.34,0.315355445860106,0.3194083966033968,0.3194083966033968
5506,0.4,0.48255003986761785,0.46732392857142924,0.46732392857142924
3459,0.43,0.40848008344266407,0.34763773809523796,0.34763773809523807
21587,0.37,0.3848105880546615,0.38632433621933565,0.38632433621933565
7486,0.0,-0.04243189874566666,0.0,0.0
10658,0.25,0.3206549303800971,0.25739119047619063,0.25739119047619063
15645,0.46,0.473158582227516,0.5360607142857144,0.5360607142857144
13443,0.76,0.7953085309128098,0.7902653571428582,0.7902653571428582
1967,0.6,0.6281103371485997,0.6478832142857156,0.6478832142857155
1572,0.45,0.45151680884849926,0.43620571428571375,0.43620571428571375
11014,0.02,0.06768205557744233,0.060409999999999846,0.060409999999999846
20617,0.19,0.21953405550972394,0.20020333333333315,0.20020333333333315
2105,0.53,0.6024649064273798,0.6221187500000005,0.6221187500000005
4335,0.5,0.45201097946625957,0.42484607683982695,0.42484607683982695
22109,0.35,0.33054803529044585,0.3339735714285718,0.3339735714285718
13142,0.62,0.5405714761882595,0.5885973809523799,0.5885973809523799
8376,0.67,0.6808950020931465,0.6735471428571441,0.6735471428571441
19663,0.26,0.2238451987941945,0.2314216666666665,0.23142166666666647
14306,0.76,0.7339748370542208,0.7598131547619035,0.7598131547619035
13677,0.42,0.37356378209588176,0.41174714285714376,0.41174714285714376
20973,0.44,0.46789211608198034,0.4670857936507938,0.4670857936507938
22187,0.63,0.6750974700596069,0.6581353373015874,0.6581353373015874
1992,0.44,0.4129410161323837,0.40478321428571395,0.40478321428571395
21544,0.31,0.3171196257820017,0.30009291666666693,0.30009291666666693
16014,0.37,0.3717340364112151,0.32043202380952385,0.32043202380952385
21726,0.25,0.2962833858588009,0.31221374999999923,0.31221374999999923
4420,0.16,0.20715955299957126,0.19119756673881697,0.19119756673881697
20703,0.52,0.6242308665776343,0.6084208333333325,0.6084208333333325
9686,0.68,0.5993651514385778,0.6071855844155842,0.6071855844155842
20285,0.24,0.24565165397139116,0.2434741666666665,0.2434741666666665
7337,0.5,0.5892308734865563,0.5524683333333341,0.5524683333333341
2905,0.14,0.15615423652153465,0.1408984523809523,0.1408984523809523
13415,0.48,0.5346866526537258,0.5623525595238098,0.5623525595238098
21621,0.54,0.6214127796574471,0.5818094642857139,0.581809464285714
20658,0.78,0.8533263674767531,0.8878100000000001,0.8878100000000001
1642,0.46,0.4321630807785793,0.4188399999999999,0.4188399999999999
16724,0.59,0.6062201902271073,0.5977549999999995,0.5977549999999995
22072,0.59,0.5730680688022206,0.6081174999999995,0.6081174999999996
990,0.36,0.4210624644683502,0.42762583333333304,0.42762583333333304
4146,0.44,0.47242323856808305,0.5032022619047608,0.5032022619047608
11565,0.4,0.39203561068971354,0.37165178571428537,0.37165178571428537
16304,0.33,0.3498105949635835,0.3637532738095238,0.36375327380952377
7032,0.55,0.4534348703110736,0.4439648106060603,0.4439648106060603
13581,0.27,0.2786093988286571,0.3321922619047622,0.3321922619047622
2410,0.31,0.3286926869717679,0.2884450000000006,0.2884450000000006
9870,0.61,0.5956098676388503,0.5980083333333325,0.5980083333333325
18056,0.32,0.40375846128472886,0.43522253968253916,0.43522253968253916
10895,0.05,0.06498815542849296,0.09116499999999997,0.09116499999999995
11348,0.43,0.47446548680189504,0.46751388888888834,0.46751388888888834
14914,0.5,0.4301577278150109,0.4507648809523811,0.4507648809523811
18554,0.47,0.3845980855055161,0.4123752615440111,0.4123752615440111
8013,0.4,0.37985908450388,0.3913374999999988,0.3913374999999988
11584,0.34,0.38431641743690126,0.3710474080086578,0.3710474080086578
18577,0.16,0.21674898696399225,0.22879916666666655,0.22879916666666655
22521,0.53,0.5929861572862839,0.5940808333333331,0.5940808333333331
22527,0.63,0.5699683138134186,0.5676519029581526,0.5676519029581527
21685,0.44,0.4352667126631695,0.45484583333333267,0.45484583333333267
4952,0.17,0.08907803188117436,0.07403071428571434,0.07403071428571434
20309,0.37,0.4432675739845966,0.45832809523809487,0.45832809523809487
17784,0.56,0.556858467643833,0.5527328968253972,0.5527328968253972
10337,0.56,0.5575938113032659,0.5501315277777775,0.5501315277777774
16321,0.62,0.5313042053193955,0.558905833333333,0.558905833333333
11618,0.81,0.7280900135196872,0.7311354166666658,0.7311354166666658
22178,0.54,0.5421195538043113,0.5626224837662341,0.5626224837662341
17084,0.47,0.5149629407372833,0.5156423015873021,0.5156423015873021
17047,0.65,0.5974470899760036,0.567709166666666,0.567709166666666
4002,0.54,0.6095324477650548,0.5507689880952367,0.5507689880952367
13143,0.35,0.3797016032065029,0.38020773809523833,0.3802077380952382
4564,0.05,0.05763894602220315,0.07912587301587296,0.07912587301587296
6383,0.0,-0.05068113360956933,0.0,0.0
10596,0.41,0.3874863622220862,0.3958433333333329,0.3958433333333329
20754,0.37,0.41477076181705036,0.42977638167388194,0.42977638167388194
16429,0.32,0.3447522834852652,0.30569394688644624,0.30569394688644624
21690,0.46,0.39158193509889533,0.42668946428571525,0.42668946428571525
20203,0.71,0.6883315030004303,0.6954017857142848,0.6954017857142848
21700,0.62,0.4952062104463854,0.6155992857142845,0.6155992857142845
428,0.42,0.4074215524107606,0.4426092857142854,0.4426092857142854
6942,0.86,0.7863239523894743,0.7452999999999994,0.7452999999999994
12096,0.09,0.04498277544343565,0.06067500000000006,0.06067500000000006
7192,0.55,0.5958042442064709,0.6220633333333342,0.6220633333333342
10540,0.22,0.23972633540991534,0.20639916666666658,0.20639916666666658
2832,0.4,0.3997906749358559,0.3901998809523809,0.3901998809523809
20795,0.69,0.6508096172826063,0.6901036525974021,0.6901036525974021
15553,0.24,0.1713837212221182,0.20515208333333337,0.20515208333333337
6249,0.12,0.20589314345213436,0.21488166666666633,0.21488166666666633
2900,0.56,0.5942561665904192,0.5946650000000012,0.5946650000000012
6351,0.52,0.6081787467166238,0.5790361309523822,0.5790361309523822
683,0.38,0.38276833982084946,0.433254790764791,0.43325479076479106
10264,0.47,0.44612615593172583,0.43746053571428556,0.4374605357142856
12003,0.18,0.13683740372185832,0.13939726190476168,0.13939726190476168
15589,0.24,0.2271649329846286,0.2084061507936508,0.20840615079365077
3162,0.59,0.5638018222102701,0.5600970238095241,0.5600970238095241
17772,0.38,0.4074215524107606,0.4426092857142854,0.4426092857142854
2142,0.38,0.49647621975052075,0.5351761904761896,0.5351761904761896
13606,0.5,0.4879811878113334,0.47392583333333316,0.47392583333333316
15524,0.24,0.287422994106703,0.27083940476190443,0.27083940476190443
8151,0.14,0.2007805588472773,0.22001285714285718,0.22001285714285715
4816,0.37,0.3950516739342198,0.3410266666666667,0.3410266666666667
2283,0.34,0.381901332737692,0.37208749999999896,0.37208749999999896
18789,0.55,0.6052904700000536,0.5858003571428548,0.5858003571428548
17797,0.75,0.6950290604915828,0.7406825000000005,0.7406825000000004
9474,0.39,0.4226141418411004,0.41278440476190426,0.41278440476190426
21634,0.47,0.4000723430044708,0.4343524603174604,0.4343524603174604
17147,0.6,0.5720510570741728,0.5795714285714267,0.5795714285714266
3369,0.51,0.45160512462640695,0.43892499999999957,0.43892499999999957
2938,0.68,0.7169525019392142,0.7485666666666669,0.7485666666666669
11712,0.18,0.2380207764964865,0.19354315476190503,0.193543154761905
11327,0.73,0.77905843472748,0.7427417460317457,0.7427417460317457
17995,0.44,0.5049198311820442,0.5718458116883126,0.5718458116883126
17602,0.3,0.32977219660407076,0.30951833333333395,0.30951833333333395
13978,0.19,0.26226813424654494,0.2398833333333334,0.23988333333333337
12148,0.29,0.24614582458915138,0.220956666666667,0.220956666666667
21611,0.66,0.661947128863079,0.6267575000000005,0.6267575000000005
17224,0.5,0.4360425513495446,0.4657646590909087,0.4657646590909087
10556,0.41,0.44147084667438546,0.3627824999999996,0.3627824999999996
11727,0.4,0.4260877575722131,0.4821729166666664,0.4821729166666664
18371,0.63,0.5158299478204408,0.46447416666666763,0.4644741666666675
16483,0.58,0.6147521174365383,0.5750167857142864,0.5750167857142864
7641,0.35,0.43285162796396026,0.3709050595238093,0.3709050595238093
12025,0.62,0.5869069571841294,0.6198108333333349,0.6198108333333349
18189,0.21,0.21674898696399225,0.22879916666666655,0.22879916666666655
10068,0.62,0.6021832383587649,0.5715007088744586,0.5715007088744586
4868,0.33,0.40713988434214576,0.4114185119047616,0.4114185119047617
12284,0.42,0.34695201301645423,0.34510644688644737,0.34510644688644737
22720,0.46,0.4205682938505899,0.4339691666666674,0.4339691666666674
21975,0.66,0.7278956369520664,0.7577302380952382,0.7577302380952382
20696,0.35,0.38431641743690126,0.3710474080086578,0.3710474080086578
10599,0.44,0.4224026635688685,0.4361253571428575,0.4361253571428575
17735,0.59,0.6310859053661638,0.6339280357142862,0.6339280357142862
13259,0.71,0.7988226416708648,0.7674324999999999,0.7674324999999999
10820,0.69,0.6288861758349747,0.6332178860028863,0.6332178860028863
10832,0.55,0.6059385221584925,0.5839761904761912,0.5839761904761912
14446,0.33,0.35638396568349817,0.40067351648351635,0.40067351648351623
10412,0.44,0.43849527845682124,0.3576638690476204,0.3576638690476204
17997,0.4,0.3711696759970719,0.3377425685425687,0.3377425685425687
1828,0.46,0.48190198770917897,0.45898250000000024,0.45898250000000024
3976,0.33,0.31808984103599747,0.2917086904761903,0.2917086904761903
12910,0.35,0.35569541849811726,0.33404240620490633,0.33404240620490633
2254,0.43,0.4007203951629097,0.3776703571428571,0.3776703571428572
1220,0.48,0.45160512462640695,0.43892499999999957,0.43892499999999957
16694,0.12,0.2015563975336524,0.178869166666667,0.178869166666667
10328,0.44,0.5252214054605425,0.4969815674603171,0.4969815674603171
18728,0.0,-0.049216747737813316,0.0,0.0
20122,0.43,0.42171411638348755,0.3520528571428564,0.3520528571428564
10855,0.6,0.48643311019528157,0.5039670634920633,0.5039670634920632
18749,0.59,0.6439545784940768,0.6763187500000004,0.6763187500000002
9429,0.34,0.33054803529044585,0.3339735714285718,0.3339735714285718
10681,0.76,0.7228778205006902,0.7310941666666662,0.7310941666666664
10669,0.79,0.7693853090187633,0.7660993452380954,0.7660993452380954
17288,0.26,0.3206549303800971,0.25739119047619063,0.25739119047619063
3821,0.62,0.6808248122967635,0.7361874999999998,0.7361874999999998
20186,0.65,0.7123376877088161,0.6811277579365076,0.6811277579365077
9876,0.55,0.5103987998767252,0.5331684848484849,0.5331684848484849
6441,0.43,0.41477076181705036,0.42977638167388194,0.42977638167388194
21717,0.37,0.4740586076851289,0.3849666017316021,0.3849666017316021
10961,0.52,0.5387786257738365,0.5028069047619044,0.5028069047619044
11780,0.38,0.4209382776971124,0.4216396428571433,0.4216396428571432
16814,0.21,0.16623424134701748,0.16614249999999994,0.16614249999999997
9089,0.5,0.4585006584418786,0.4691945238095241,0.46919452380952414
2026,0.84,0.8226595205474585,0.8546927976190473,0.8546927976190473
1620,0.16,0.08319320834664068,0.14008035714285705,0.14008035714285705
501,0.18,0.20862393887132735,0.1983714556277057,0.19837145562770567
6823,0.67,0.7215166427997726,0.7732225000000007,0.7732225000000007
10987,0.82,0.7940385216086745,0.762873333333334,0.7628733333333337
1346,0.65,0.6303100666797887,0.5940517460317473,0.5940517460317473
10173,0.96,0.9083722355798305,0.9476354166666655,0.9476354166666655
14648,0.9,0.8157207900146334,0.7902277777777776,0.7902277777777776
11788,0.28,0.2940836563276118,0.3062017857142857,0.3062017857142857
7710,0.24,0.23675436694904958,0.1967239285714288,0.1967239285714288
900,0.53,0.5775118997873292,0.6109411904761903,0.6109411904761903
15016,0.6,0.7255717206496395,0.7283936904761898,0.7283936904761898
10140,0.38,0.4443801019913549,0.3994814880952382,0.3994814880952383
668,0.0,-0.03598271479698978,0.020899999999999988,0.020899999999999988
10419,0.55,0.5935640196483398,0.6018315313852809,0.6018315313852809
20233,0.08,0.10291692026308319,0.10459999999999994,0.10459999999999996
12864,0.73,0.6446431256794577,0.6501350000000001,0.6501350000000001
7368,0.18,0.19621254109093095,0.1654608333333333,0.1654608333333333
22306,0.45,0.4384547834298791,0.36338750000000103,0.36338750000000103
16165,0.17,0.2007805588472773,0.22001285714285718,0.22001285714285715
21036,0.36,0.40623985888453285,0.3734220238095244,0.3734220238095244
20676,0.55,0.5788656008357602,0.6315165079365077,0.6315165079365076
10785,0.24,0.2139309000438051,0.19342369047619054,0.19342369047619054
13292,0.38,0.4235438620681542,0.4373500000000009,0.4373500000000009
3605,0.55,0.5691924751270435,0.5660512950937953,0.5660512950937953
18064,0.37,0.38431641743690126,0.3710474080086578,0.3710474080086578
18527,0.37,0.40713988434214576,0.4114185119047616,0.4114185119047617
17948,0.27,0.3118818301289934,0.30408749999999996,0.3040874999999999
12091,0.21,0.3014328657339016,0.30119394841269864,0.3011939484126986
1315,0.6,0.6074029080302485,0.6440552380952389,0.6440552380952389
1698,0.96,0.897915794532252,0.89345,0.89345
6100,0.36,0.4418436831397827,0.44781734126984085,0.44781734126984085
1222,0.63,0.7417345253339753,0.6951041666666664,0.6951041666666664
20488,0.68,0.6358295304014119,0.593498888888889,0.593498888888889
6466,0.52,0.6292561596814972,0.569309583333332,0.569309583333332
12841,0.64,0.537101737352935,0.5396810317460318,0.5396810317460318
6764,0.17,0.10145253439132706,0.14875000000000033,0.14875000000000033
4615,0.21,0.18685797872107285,0.22925833333333334,0.22925833333333334
1208,0.73,0.6614710842268435,0.6493026785714288,0.6493026785714288
22393,0.72,0.6536277042027935,0.6289145260295268,0.6289145260295268
497,0.42,0.319143748034289,0.2899109722222227,0.2899109722222227
4416,0.49,0.4233026890264814,0.4100398809523799,0.4100398809523799
14595,0.47,0.49679478308937924,0.4684415584415584,0.46844155844155844
14738,0.46,0.40199040446704504,0.33742292735042734,0.33742292735042734
13441,0.03,0.03983329556833498,0.05464083333333328,0.05464083333333328
14152,0.5,0.4600487360579303,0.500957400793651,0.500957400793651
6978,0.28,0.36757575039050966,0.32897750000000053,0.32897750000000053
21104,0.33,0.2859586082349469,0.2804255952380955,0.2804255952380955
4586,0.34,0.32629858087295804,0.2840416666666663,0.2840416666666663
9733,0.32,0.31808984103599747,0.2917086904761903,0.2917086904761903
3212,0.18,0.2266707623668683,0.24658333333333363,0.24658333333333363
22491,0.64,0.6300319983678723,0.6179297619047619,0.6179297619047619
21361,0.62,0.6432192348346438,0.6548594047619047,0.6548594047619047
16065,0.15,0.11761533907566274,0.13805000000000012,0.13805000000000012
11231,0.73,0.6794306162213903,0.6671963492063497,0.6671963492063497
11736,0.48,0.49617642570038123,0.5079347222222226,0.5079347222222225
8965,0.53,0.5684571314676105,0.5439529281829283,0.5439529281829283
71,0.36,0.46890912781002825,0.5078992045454547,0.5078992045454547
402,0.5,0.48895140306532925,0.4755299999999998,0.4755299999999997
9858,0.44,0.393411680783562,0.41419000000000095,0.41419000000000095
7845,0.41,0.46735745043727805,0.4364752380952387,0.4364752380952387
4535,0.13,0.061145580127771326,0.042426388888888805,0.042426388888888805
3274,0.32,0.3053094836859922,0.27591499999999974,0.27591499999999974
11375,0.21,0.25548226097748483,0.2232175000000001,0.22321750000000004
4911,0.25,0.26162008208810605,0.23952601190476222,0.23952601190476222
18026,0.52,0.4883511716578559,0.5449813528138528,0.5449813528138528
7783,0.65,0.6404848396587522,0.6525950000000001,0.6525950000000001
21985,0.1,0.05028973661591346,0.08017916666666658,0.08017916666666655
1301,0.77,0.6880498349318155,0.7247140674603177,0.7247140674603176
17207,0.59,0.6306322297753457,0.5863616666666674,0.5863616666666673
6153,0.72,0.6896384075748093,0.757988809523808,0.757988809523808
19795,0.37,0.4283279821303443,0.46071833333333423,0.4607183333333343
17254,0.14,0.09630305451622634,0.08892000000000007,0.08892000000000008
19542,0.57,0.6082624384609193,0.6068770238095231,0.6068770238095231
20893,0.4,0.35557123172687943,0.32362166666666675,0.3236216666666668
2171,0.76,0.7786047591366619,0.7798385714285715,0.7798385714285715
19690,0.68,0.7096032925329245,0.6939300000000007,0.6939300000000007
1906,0.35,0.34695201301645423,0.34510644688644737,0.34510644688644737
9455,0.69,0.7338911453099252,0.6802449999999999,0.680245
5816,0.34,0.41285372463138964,0.4321198809523814,0.4321198809523814
13163,0.57,0.6016890677410047,0.5347509325396832,0.5347509325396831
20289,0.42,0.42317850225524367,0.38488583333333354,0.3848858333333334
18579,0.34,0.2639109800160775,0.2750438203463202,0.2750438203463202
3093,0.45,0.3784315939023676,0.38322833222333225,0.38322833222333225
19848,0.57,0.5783714302179999,0.6056324999999996,0.6056324999999996
2629,0.3,0.26778657369125464,0.27483154761904754,0.27483154761904754
16763,0.58,0.6060627089297302,0.6162017460317466,0.6162017460317465
8894,0.23,0.2116906754856739,0.21075005952380949,0.21075005952380949
10813,0.47,0.434212805664878,0.4364090130702629,0.4364090130702629
2712,0.43,0.4859389395775214,0.458456904761906,0.458456904761906
10156,0.41,0.5203535936540568,0.4973483134920639,0.4973483134920639
18664,0.47,0.5074232316591609,0.4582351785714285,0.4582351785714285
6465,0.71,0.7187166818611099,0.7489233333333339,0.7489233333333339
3826,0.7,0.5898162125010988,0.5889157738095223,0.5889157738095223
15168,0.37,0.2986073021612278,0.32538452380952376,0.32538452380952376
14510,0.28,0.20511730476575923,0.19951416666666674,0.19951416666666674
21990,0.67,0.5633076515925098,0.5723662500000009,0.5723662500000009
323,0.52,0.5514273197001174,0.5788316666666661,0.5788316666666661
22421,0.34,0.37634885064161344,0.3501500000000006,0.3501500000000006
20099,0.6,0.6265622595325478,0.5608439285714286,0.5608439285714285
11522,0.51,0.5613490951029935,0.5934361309523808,0.5934361309523809
2796,0.09,0.024557014393699506,0.05711166666666664,0.05711166666666664
262,0.62,0.636605369087787,0.6131077380952384,0.6131077380952384
2668,0.62,0.6292561596814972,0.569309583333332,0.569309583333332
21847,0.28,0.318455200848908,0.2641355032467532,0.2641355032467532
8848,0.36,0.38296271638847024,0.35980249999999925,0.35980249999999925
11117,0.35,0.2986477971881699,0.2924854166666665,0.29248541666666655
1695,0.21,0.1581964847553467,0.16379904761904818,0.16379904761904818
11972,0.59,0.5180296773516299,0.5141641269841273,0.5141641269841272
20956,0.44,0.46131874536206574,0.4069992857142861,0.4069992857142861
5143,0.43,0.42211997122334016,0.44575014665889673,0.44575014665889673
923,0.7,0.7359333935437371,0.7375416666666669,0.7375416666666669
1033,0.31,0.2359785282626745,0.23615946428571444,0.23615946428571444
4054,0.58,0.6288861758349747,0.6332178860028863,0.6332178860028863
16272,0.64,0.5988709808208176,0.642582083333333,0.642582083333333
15154,0.03,0.03677403560647513,0.05426999999999986,0.054269999999999874
19131,0.5,0.5250972186893048,0.555245575396825,0.555245575396825
21776,0.55,0.4824663481233222,0.5297850000000007,0.5297850000000007
8329,0.73,0.7509134804249317,0.7304666666666664,0.7304666666666664
11300,0.39,0.4983059654351874,0.4247814285714291,0.4247814285714291
13157,0.25,0.27957961408265297,0.2694500000000002,0.2694500000000002
10530,0.63,0.6140635702511573,0.5318206746031754,0.5318206746031754
17663,0.83,0.7702016427320806,0.8158883333333327,0.8158883333333325
20828,0.27,0.33867308338311075,0.349513095238095,0.34951309523809504
1648,0.18,0.19416669310042045,0.16407178571428574,0.16407178571428574
19309,0.28,0.31796103023114775,0.2741400000000008,0.2741400000000008
20326,0.29,0.29281364702347645,0.2746483333333332,0.2746483333333332
14551,0.68,0.6669022321705591,0.6197894751082254,0.6197894751082255
1240,0.59,0.5152446088058982,0.5281727380952381,0.528172738095238
16079,0.19,0.30493949983946966,0.33904809523809526,0.33904809523809526
19586,0.53,0.549468763210601,0.5704442735042733,0.5704442735042733
3571,0.29,0.363044627904407,0.38131807123432127,0.38131807123432127
15374,0.55,0.5495092582375432,0.5658425000000014,0.5658425000000012
22184,0.43,0.4609784562849841,0.4722625000000001,0.4722625000000001
13037,0.57,0.5457209560633601,0.561571277056277,0.561571277056277
21715,0.52,0.5019073676942363,0.4919888095238087,0.4919888095238087
19294,0.42,0.3500922630321984,0.39694416666666654,0.3969441666666665
5782,0.12,0.07735518128615904,0.07480999999999993,0.07480999999999995
21856,0.62,0.6112785017054256,0.641761666666667,0.641761666666667
20503,0.33,0.3402211609991625,0.3226923809523812,0.3226923809523812
22460,0.55,0.58727231699704,0.6552966666666659,0.6552966666666659
2830,0.58,0.5347703443980214,0.5381794047619047,0.5381794047619047
12246,0.24,0.27485411502892954,0.26836321428571425,0.26836321428571425
3707,0.0,-0.03055156685327426,0.0042000000000000015,0.004200000000000002
20933,0.46,0.4085637751869597,0.3951423809523813,0.3951423809523813
16504,0.71,0.6073327182338656,0.5986871031746032,0.5986871031746032
22422,0.18,0.17649630582697518,0.17585972222222207,0.17585972222222207
19348,0.21,0.19188327182493575,0.1979983333333331,0.1979983333333331
15108,0.8,0.7105033179905376,0.8063875000000006,0.8063875000000007
20536,0.51,0.4736527528452763,0.4728217857142857,0.47282178571428574
9640,0.55,0.5778116938374687,0.551724047619048,0.551724047619048
19904,0.5,0.5247272348427823,0.5040859523809522,0.5040859523809522
21073,0.66,0.7045779994290616,0.7078196428571433,0.7078196428571434
17027,0.71,0.6564532677754672,0.6784105952380948,0.6784105952380944
4512,0.73,0.7341036478590706,0.7681158333333334,0.7681158333333334
22042,0.52,0.538525628197749,0.5194250000000009,0.5194250000000008
11539,0.3,0.364790681844778,0.39638904761904764,0.3963890476190477
7250,0.56,0.4878570010400956,0.5128049999999991,0.5128049999999991
12049,0.6,0.5400773055704993,0.5448960948773447,0.5448960948773446
10937,0.04,-0.0011547292281151034,0.06053333333333336,0.06053333333333336
21014,0.64,0.5940581902661,0.6584297023809549,0.6584297023809549
2277,0.64,0.6861317734692413,0.700725,0.7007250000000002
12228,0.48,0.4686679547683555,0.48939166666666734,0.48939166666666734
19981,0.53,0.5517089877687322,0.5283614285714289,0.5283614285714289
19260,0.63,0.5963895832210135,0.6664704761904768,0.6664704761904767
9371,0.44,0.33461800553324367,0.3245584523809525,0.32455845238095243
10568,0.22,0.17726854475665182,0.16510861291486287,0.16510861291486287
10797,0.51,0.47238274354114096,0.43631226190476136,0.43631226190476136
19854,0.36,0.36524435743559613,0.3045016071428568,0.3045016071428568
539,0.25,0.24418726809963506,0.29479845238095237,0.29479845238095237
14341,0.38,0.34912204777820255,0.35447916666666635,0.3544791666666663
22242,0.51,0.6138223972094846,0.6294949999999996,0.6294949999999995
8265,0.42,0.3455281221716403,0.38095369047619015,0.38095369047619015
1711,0.66,0.6054443515407322,0.6180418452380949,0.6180418452380949
18313,0.55,0.485847771180739,0.4925833333333335,0.4925833333333335
11854,0.62,0.6163874865535843,0.5772158333333325,0.5772158333333326
17578,0.6,0.5591493655718044,0.6061272222222207,0.6061272222222207
12530,0.48,0.5226849866089703,0.47986666666666694,0.4798666666666669
295,0.34,0.37696720803061146,0.3862079705710957,0.3862079705710957
6731,0.59,0.6741272548056111,0.6427303334165835,0.6427303334165835
18660,0.42,0.33287195159287275,0.3261497240259738,0.3261497240259738
21996,0.39,0.3650031843939234,0.3565848809523809,0.35658488095238106
9642,0.17,0.23373830370454327,0.22791428571428585,0.22791428571428585
8251,0.58,0.6674665925847022,0.6705649999999995,0.6705649999999995
19863,0.3,0.3568781363012584,0.3649077380952381,0.36490773809523813
3418,0.75,0.677915556979794,0.703219462481963,0.7032194624819629
14445,0.57,0.5288855208634877,0.5342174603174612,0.5342174603174613
6761,0.67,0.637293916273168,0.628391666666668,0.628391666666668
19916,0.24,0.18306967654688983,0.15349166666666655,0.15349166666666655
15955,0.47,0.40652152695314764,0.39410017857142887,0.39410017857142887
3880,0.9,0.7726794405751861,0.7874702380952386,0.7874702380952386
4378,0.5,0.5467748630616517,0.5723517261904764,0.5723517261904764
5408,0.0,-0.0637909797791551,0.0,0.0
20487,0.04,0.04498277544343565,0.06067500000000006,0.06067500000000006
20237,0.63,0.6814764642119009,0.6883450793650797,0.6883450793650797
1163,0.3,0.3022051046635782,0.2709249999999997,0.2709249999999997
8093,0.54,0.6226827889615826,0.5840316666666666,0.5840316666666666
5191,0.32,0.3997906749358559,0.3901998809523809,0.3901998809523809
12178,0.43,0.5063437220268582,0.5235541666666667,0.5235541666666668
545,0.33,0.39815530581881003,0.41299977272727245,0.41299977272727245
10566,0.37,0.4124468455146235,0.42756083333333317,0.42756083333333306
8208,0.62,0.4901809173425225,0.45886773268398223,0.45886773268398223
1981,0.5,0.4670793821253616,0.4003849999999997,0.4003849999999997
20559,0.31,0.3923577737852705,0.37834607142857235,0.37834607142857235
15283,0.47,0.4291875125610151,0.4304311605061604,0.4304311605061604
609,0.54,0.46302430427549457,0.43820279761904735,0.4382027976190473
19228,0.78,0.8084552723526391,0.9098499999999994,0.9098499999999996
16309,0.46,0.4436042633049798,0.3840429166666663,0.3840429166666663
12044,0.68,0.5400773055704993,0.5448960948773447,0.5448960948773446
20158,0.57,0.5765416845333333,0.5547438492063494,0.5547438492063494
9398,0.55,0.6115821726513534,0.5721728571428564,0.5721728571428563
17788,0.84,0.8284606523376965,0.8452833333333354,0.8452833333333354
10145,0.32,0.44584448786311104,0.356410436507937,0.356410436507937
6072,0.19,0.23830244456510136,0.20051583333333314,0.20051583333333314
15883,0.25,0.27300624336273827,0.2455722619047619,0.2455722619047619
18655,0.67,0.5715568864564126,0.5616333333333325,0.5616333333333325
12680,0.4,0.45192368796526544,0.4444350000000001,0.444435
14350,0.3,0.32977219660407076,0.30951833333333395,0.30951833333333395
7584,0.39,0.34744618363421453,0.38914702380952365,0.38914702380952365
20580,0.14,0.19923248123122556,0.19570023809523804,0.19570023809523804
4451,0.66,0.7071218949331206,0.7241791666666668,0.7241791666666668
22727,0.5,0.4048159680397188,0.3696741756854257,0.36967417568542565
9712,0.47,0.4074215524107606,0.4426092857142854,0.4426092857142854
10292,0.67,0.6567349358440822,0.6866454108391609,0.6866454108391611
5689,0.06,0.10405811876236881,0.12461250000000003,0.12461250000000003
9003,0.59,0.6128340559739641,0.623941666666666,0.623941666666666
2816,0.59,0.5607010429445546,0.5788252777777783,0.5788252777777783
15042,0.37,0.3638204665907821,0.3382882954545456,0.3382882954545457
16410,0.67,0.6780067253765765,0.6988083333333331,0.6988083333333333
9673,0.21,0.2638198116192952,0.2421850000000002,0.24218500000000023
9359,0.59,0.5925101126500483,0.5954109523809517,0.5954109523809517
20499,0.34,0.34177283837191275,0.35292749999999934,0.35292749999999934
22174,0.53,0.5231791572267306,0.47972500000000023,0.47972500000000035
17921,0.77,0.7418182170782708,0.7429883333333328,0.7429883333333329
7852,0.16,0.08172882247488455,0.08225936507936504,0.08225936507936504
4479,0.64,0.6728572455014756,0.6940071428571433,0.6940071428571432
11230,0.35,0.40685821627353086,0.3612749084249088,0.3612749084249088
12549,0.54,0.6285208160220642,0.5949701190476206,0.5949701190476206
22601,0.58,0.5832428417811842,0.6006577777777775,0.6006577777777776
9577,0.48,0.5399198242731221,0.5036948809523811,0.5036948809523811
21940,0.46,0.40199040446704504,0.33742292735042734,0.33742292735042734
13735,0.57,0.5564526128039803,0.5564729761904746,0.5564729761904746
12879,0.02,-0.006461690400592912,0.022572023809523757,0.022572023809523764
21314,0.2,0.2497067318212582,0.2532722619047619,0.25327226190476193
21215,0.88,0.8671652558586618,0.928885,0.928885
5488,0.34,0.43703089258506517,0.3912503968253967,0.3912503968253967
18928,0.24,0.17946827428784096,0.20452928571428525,0.2045292857142853
3633,0.66,0.6720814068151006,0.6497441666666672,0.6497441666666675
21796,0.24,0.2638198116192952,0.2421850000000002,0.24218500000000023
2064,0.29,0.27500799656960817,0.25407166666666653,0.25407166666666653
13014,0.62,0.636605369087787,0.6131077380952384,0.6131077380952384
9669,0.37,0.37591330103231996,0.33003333333333384,0.33003333333333384
8816,0.21,0.28267936907145497,0.24889250000000032,0.24889250000000032
8575,0.6,0.5398361325288266,0.5393282142857143,0.5393282142857143
5223,0.94,0.8289548229554569,0.7897033333333335,0.7897033333333335
22036,0.0,-0.012346513935126535,0.017372624458874455,0.017372624458874455
5687,0.65,0.5415416914422553,0.5945452380952377,0.5945452380952376
19019,0.69,0.5935640196483398,0.6018315313852809,0.6018315313852809
10808,0.38,0.33384216684686857,0.36385632936507917,0.3638563293650791
16898,0.38,0.47625833721631805,0.47849565476190503,0.478495654761905
15357,0.46,0.36177461860027166,0.399312916666667,0.39931291666666696
3453,0.72,0.7334151006736895,0.7635708333333338,0.7635708333333338
10795,0.38,0.3979609292511893,0.40101249999999866,0.40101249999999866
15001,0.62,0.5935640196483398,0.6018315313852809,0.6018315313852809
4450,0.27,0.3102059659850053,0.3054218452380951,0.3054218452380951
4919,0.48,0.5011315290078612,0.4709272222222222,0.4709272222222222
540,0.57,0.5549882269322243,0.5539503463203466,0.5539503463203466
1587,0.47,0.44608566090478374,0.4773068650793649,0.4773068650793649
14926,0.43,0.43653672196730486,0.43189321414696397,0.43189321414696397
15487,0.47,0.4291875125610151,0.4304311605061604,0.4304311605061604
6984,0.0,-0.058765686675292195,0.0,0.0
22094,0.56,0.5407658527558802,0.5549066666666649,0.5549066666666649
15650,0.3,0.3543012224227441,0.39149954212454174,0.39149954212454174
4570,0.43,0.39194729491180585,0.4097880753968257,0.40978807539682577
9507,0.15,0.14852335904663,0.14589333333333326,0.14589333333333326
